L,amostra_id,fita,algoritmo,custo,nos_expandidos,nos_visitados,tempo_ms,tempo_s
1,1,1,Sequencial,1,1,2,0.0058,6e-06
1,1,1,PyTorch SIMD,1,1,2,0.9387,0.000939
1,2,1,Sequencial,1,1,2,0.0052,5e-06
1,2,1,PyTorch SIMD,1,1,2,0.0993,9.9e-05
1,3,1,Sequencial,1,1,2,0.0028,3e-06
1,3,1,PyTorch SIMD,1,1,2,0.0682,6.8e-05
1,4,1,Sequencial,1,1,2,0.0024,2e-06
1,4,1,PyTorch SIMD,1,1,2,0.0612,6.1e-05
1,5,1,Sequencial,1,1,2,0.0023,2e-06
1,5,1,PyTorch SIMD,1,1,2,0.0592,5.9e-05
1,6,1,Sequencial,1,1,2,0.0021,2e-06
1,6,1,PyTorch SIMD,1,1,2,0.0584,5.8e-05
1,7,1,Sequencial,1,1,2,0.002,2e-06
1,7,1,PyTorch SIMD,1,1,2,0.0571,5.7e-05
1,8,1,Sequencial,1,1,2,0.002,2e-06
1,8,1,PyTorch SIMD,1,1,2,0.0575,5.7e-05
1,9,1,Sequencial,1,1,2,0.002,2e-06
1,9,1,PyTorch SIMD,1,1,2,0.0562,5.6e-05
1,10,1,Sequencial,1,1,2,0.002,2e-06
1,10,1,PyTorch SIMD,1,1,2,0.0554,5.5e-05
1,11,1,Sequencial,1,1,2,0.0019,2e-06
1,11,1,PyTorch SIMD,1,1,2,0.0552,5.5e-05
1,12,1,Sequencial,1,1,2,0.0023,2e-06
1,12,1,PyTorch SIMD,1,1,2,0.0661,6.6e-05
1,13,1,Sequencial,1,1,2,0.0021,2e-06
1,13,1,PyTorch SIMD,1,1,2,0.0569,5.7e-05
1,14,1,Sequencial,1,1,2,0.002,2e-06
1,14,1,PyTorch SIMD,1,1,2,0.0569,5.7e-05
1,15,1,Sequencial,1,1,2,0.0021,2e-06
1,15,1,PyTorch SIMD,1,1,2,0.0583,5.8e-05
1,16,1,Sequencial,1,1,2,0.002,2e-06
1,16,1,PyTorch SIMD,1,1,2,0.0569,5.7e-05
1,17,1,Sequencial,1,1,2,0.002,2e-06
1,17,1,PyTorch SIMD,1,1,2,0.0564,5.6e-05
1,18,1,Sequencial,1,1,2,0.002,2e-06
1,18,1,PyTorch SIMD,1,1,2,0.0582,5.8e-05
1,19,1,Sequencial,1,1,2,0.002,2e-06
1,19,1,PyTorch SIMD,1,1,2,0.0576,5.8e-05
1,20,1,Sequencial,1,1,2,0.002,2e-06
1,20,1,PyTorch SIMD,1,1,2,0.0563,5.6e-05
1,21,1,Sequencial,1,1,2,0.0019,2e-06
1,21,1,PyTorch SIMD,1,1,2,0.0553,5.5e-05
1,22,1,Sequencial,1,1,2,0.0019,2e-06
1,22,1,PyTorch SIMD,1,1,2,0.0559,5.6e-05
1,23,1,Sequencial,1,1,2,0.002,2e-06
1,23,1,PyTorch SIMD,1,1,2,0.0551,5.5e-05
1,24,1,Sequencial,1,1,2,0.0019,2e-06
1,24,1,PyTorch SIMD,1,1,2,0.0571,5.7e-05
1,25,1,Sequencial,1,1,2,0.002,2e-06
1,25,1,PyTorch SIMD,1,1,2,0.0565,5.6e-05
1,26,1,Sequencial,1,1,2,0.0019,2e-06
1,26,1,PyTorch SIMD,1,1,2,0.0548,5.5e-05
1,27,1,Sequencial,1,1,2,0.0021,2e-06
1,27,1,PyTorch SIMD,1,1,2,0.0581,5.8e-05
1,28,1,Sequencial,1,1,2,0.002,2e-06
1,28,1,PyTorch SIMD,1,1,2,0.0586,5.9e-05
1,29,1,Sequencial,1,1,2,0.0019,2e-06
1,29,1,PyTorch SIMD,1,1,2,0.0557,5.6e-05
1,30,1,Sequencial,1,1,2,0.0019,2e-06
1,30,1,PyTorch SIMD,1,1,2,0.0559,5.6e-05
1,31,1,Sequencial,1,1,2,0.0019,2e-06
1,31,1,PyTorch SIMD,1,1,2,0.0554,5.5e-05
1,32,1,Sequencial,1,1,2,0.002,2e-06
1,32,1,PyTorch SIMD,1,1,2,0.0549,5.5e-05
1,33,1,Sequencial,1,1,2,0.002,2e-06
1,33,1,PyTorch SIMD,1,1,2,0.0548,5.5e-05
1,34,1,Sequencial,1,1,2,0.002,2e-06
1,34,1,PyTorch SIMD,1,1,2,0.0542,5.4e-05
1,35,1,Sequencial,1,1,2,0.0019,2e-06
1,35,1,PyTorch SIMD,1,1,2,0.0565,5.7e-05
1,36,1,Sequencial,1,1,2,0.002,2e-06
1,36,1,PyTorch SIMD,1,1,2,0.0577,5.8e-05
1,37,1,Sequencial,1,1,2,0.002,2e-06
1,37,1,PyTorch SIMD,1,1,2,0.0565,5.7e-05
1,38,1,Sequencial,1,1,2,0.002,2e-06
1,38,1,PyTorch SIMD,1,1,2,0.0553,5.5e-05
1,39,1,Sequencial,1,1,2,0.002,2e-06
1,39,1,PyTorch SIMD,1,1,2,0.0591,5.9e-05
1,40,1,Sequencial,1,1,2,0.0019,2e-06
1,40,1,PyTorch SIMD,1,1,2,0.0549,5.5e-05
1,41,1,Sequencial,1,1,2,0.0019,2e-06
1,41,1,PyTorch SIMD,1,1,2,0.0569,5.7e-05
1,42,1,Sequencial,1,1,2,0.0019,2e-06
1,42,1,PyTorch SIMD,1,1,2,0.0557,5.6e-05
1,43,1,Sequencial,1,1,2,0.002,2e-06
1,43,1,PyTorch SIMD,1,1,2,0.0551,5.5e-05
1,44,1,Sequencial,1,1,2,0.0019,2e-06
1,44,1,PyTorch SIMD,1,1,2,0.0568,5.7e-05
1,45,1,Sequencial,1,1,2,0.002,2e-06
1,45,1,PyTorch SIMD,1,1,2,0.0565,5.7e-05
1,46,1,Sequencial,1,1,2,0.002,2e-06
1,46,1,PyTorch SIMD,1,1,2,0.0552,5.5e-05
1,47,1,Sequencial,1,1,2,0.0019,2e-06
1,47,1,PyTorch SIMD,1,1,2,0.0563,5.6e-05
1,48,1,Sequencial,1,1,2,0.0019,2e-06
1,48,1,PyTorch SIMD,1,1,2,0.0552,5.5e-05
1,49,1,Sequencial,1,1,2,0.0019,2e-06
1,49,1,PyTorch SIMD,1,1,2,0.055,5.5e-05
1,50,1,Sequencial,1,1,2,0.0019,2e-06
1,50,1,PyTorch SIMD,1,1,2,0.0591,5.9e-05
1,51,1,Sequencial,1,1,2,0.002,2e-06
1,51,1,PyTorch SIMD,1,1,2,0.056,5.6e-05
1,52,1,Sequencial,1,1,2,0.0019,2e-06
1,52,1,PyTorch SIMD,1,1,2,0.0578,5.8e-05
1,53,1,Sequencial,1,1,2,0.0019,2e-06
1,53,1,PyTorch SIMD,1,1,2,0.0536,5.4e-05
1,54,1,Sequencial,1,1,2,0.002,2e-06
1,54,1,PyTorch SIMD,1,1,2,0.0552,5.5e-05
1,55,1,Sequencial,1,1,2,0.0019,2e-06
1,55,1,PyTorch SIMD,1,1,2,0.0549,5.5e-05
1,56,1,Sequencial,1,1,2,0.002,2e-06
1,56,1,PyTorch SIMD,1,1,2,0.0543,5.4e-05
1,57,1,Sequencial,1,1,2,0.0019,2e-06
1,57,1,PyTorch SIMD,1,1,2,0.0591,5.9e-05
1,58,1,Sequencial,1,1,2,0.0024,2e-06
1,58,1,PyTorch SIMD,1,1,2,0.0589,5.9e-05
1,59,1,Sequencial,1,1,2,0.0022,2e-06
1,59,1,PyTorch SIMD,1,1,2,0.0702,7e-05
1,60,1,Sequencial,1,1,2,0.0023,2e-06
1,60,1,PyTorch SIMD,1,1,2,0.0617,6.2e-05
1,61,1,Sequencial,1,1,2,0.0021,2e-06
1,61,1,PyTorch SIMD,1,1,2,0.0558,5.6e-05
1,62,1,Sequencial,1,1,2,0.0019,2e-06
1,62,1,PyTorch SIMD,1,1,2,0.0552,5.5e-05
1,63,1,Sequencial,1,1,2,0.0019,2e-06
1,63,1,PyTorch SIMD,1,1,2,0.057,5.7e-05
1,64,1,Sequencial,1,1,2,0.002,2e-06
1,64,1,PyTorch SIMD,1,1,2,0.0893,8.9e-05
1,65,1,Sequencial,1,1,2,0.002,2e-06
1,65,1,PyTorch SIMD,1,1,2,0.0571,5.7e-05
1,66,1,Sequencial,1,1,2,0.0019,2e-06
1,66,1,PyTorch SIMD,1,1,2,0.0565,5.6e-05
1,67,1,Sequencial,1,1,2,0.0019,2e-06
1,67,1,PyTorch SIMD,1,1,2,0.0559,5.6e-05
1,68,1,Sequencial,1,1,2,0.002,2e-06
1,68,1,PyTorch SIMD,1,1,2,0.0563,5.6e-05
1,69,1,Sequencial,1,1,2,0.0019,2e-06
1,69,1,PyTorch SIMD,1,1,2,0.055,5.5e-05
1,70,1,Sequencial,1,1,2,0.002,2e-06
1,70,1,PyTorch SIMD,1,1,2,0.057,5.7e-05
1,71,1,Sequencial,1,1,2,0.002,2e-06
1,71,1,PyTorch SIMD,1,1,2,0.0561,5.6e-05
1,72,1,Sequencial,1,1,2,0.002,2e-06
1,72,1,PyTorch SIMD,1,1,2,0.0559,5.6e-05
1,73,1,Sequencial,1,1,2,0.0019,2e-06
1,73,1,PyTorch SIMD,1,1,2,0.0556,5.6e-05
1,74,1,Sequencial,1,1,2,0.0019,2e-06
1,74,1,PyTorch SIMD,1,1,2,0.0572,5.7e-05
1,75,1,Sequencial,1,1,2,0.0019,2e-06
1,75,1,PyTorch SIMD,1,1,2,0.0594,5.9e-05
1,76,1,Sequencial,1,1,2,0.002,2e-06
1,76,1,PyTorch SIMD,1,1,2,0.0604,6e-05
1,77,1,Sequencial,1,1,2,0.002,2e-06
1,77,1,PyTorch SIMD,1,1,2,0.0569,5.7e-05
1,78,1,Sequencial,1,1,2,0.002,2e-06
1,78,1,PyTorch SIMD,1,1,2,0.0552,5.5e-05
1,79,1,Sequencial,1,1,2,0.0019,2e-06
1,79,1,PyTorch SIMD,1,1,2,0.0555,5.6e-05
1,80,1,Sequencial,1,1,2,0.0019,2e-06
1,80,1,PyTorch SIMD,1,1,2,0.0539,5.4e-05
1,81,1,Sequencial,1,1,2,0.002,2e-06
1,81,1,PyTorch SIMD,1,1,2,0.0545,5.5e-05
1,82,1,Sequencial,1,1,2,0.002,2e-06
1,82,1,PyTorch SIMD,1,1,2,0.0582,5.8e-05
1,83,1,Sequencial,1,1,2,0.0019,2e-06
1,83,1,PyTorch SIMD,1,1,2,0.055,5.5e-05
1,84,1,Sequencial,1,1,2,0.0019,2e-06
1,84,1,PyTorch SIMD,1,1,2,0.0553,5.5e-05
1,85,1,Sequencial,1,1,2,0.0019,2e-06
1,85,1,PyTorch SIMD,1,1,2,0.0552,5.5e-05
1,86,1,Sequencial,1,1,2,0.0022,2e-06
1,86,1,PyTorch SIMD,1,1,2,0.0553,5.5e-05
1,87,1,Sequencial,1,1,2,0.0021,2e-06
1,87,1,PyTorch SIMD,1,1,2,0.0565,5.7e-05
1,88,1,Sequencial,1,1,2,0.002,2e-06
1,88,1,PyTorch SIMD,1,1,2,0.069,6.9e-05
1,89,1,Sequencial,1,1,2,0.0019,2e-06
1,89,1,PyTorch SIMD,1,1,2,0.0567,5.7e-05
1,90,1,Sequencial,1,1,2,0.0019,2e-06
1,90,1,PyTorch SIMD,1,1,2,0.0566,5.7e-05
1,91,1,Sequencial,1,1,2,0.0019,2e-06
1,91,1,PyTorch SIMD,1,1,2,0.0537,5.4e-05
1,92,1,Sequencial,1,1,2,0.0018,2e-06
1,92,1,PyTorch SIMD,1,1,2,0.053,5.3e-05
1,93,1,Sequencial,1,1,2,0.0019,2e-06
1,93,1,PyTorch SIMD,1,1,2,0.0555,5.6e-05
1,94,1,Sequencial,1,1,2,0.0019,2e-06
1,94,1,PyTorch SIMD,1,1,2,0.0538,5.4e-05
1,95,1,Sequencial,1,1,2,0.0023,2e-06
1,95,1,PyTorch SIMD,1,1,2,0.053,5.3e-05
1,96,1,Sequencial,1,1,2,0.0019,2e-06
1,96,1,PyTorch SIMD,1,1,2,0.0538,5.4e-05
1,97,1,Sequencial,1,1,2,0.0018,2e-06
1,97,1,PyTorch SIMD,1,1,2,0.0558,5.6e-05
1,98,1,Sequencial,1,1,2,0.0019,2e-06
1,98,1,PyTorch SIMD,1,1,2,0.0571,5.7e-05
1,99,1,Sequencial,1,1,2,0.0019,2e-06
1,99,1,PyTorch SIMD,1,1,2,0.0537,5.4e-05
1,100,1,Sequencial,1,1,2,0.0019,2e-06
1,100,1,PyTorch SIMD,1,1,2,0.0687,6.9e-05
1,101,1,Sequencial,1,1,2,0.0019,2e-06
1,101,1,PyTorch SIMD,1,1,2,0.0546,5.5e-05
1,102,1,Sequencial,1,1,2,0.0019,2e-06
1,102,1,PyTorch SIMD,1,1,2,0.0535,5.4e-05
1,103,1,Sequencial,1,1,2,0.0019,2e-06
1,103,1,PyTorch SIMD,1,1,2,0.0904,9e-05
1,104,1,Sequencial,1,1,2,0.0023,2e-06
1,104,1,PyTorch SIMD,1,1,2,0.0573,5.7e-05
1,105,1,Sequencial,1,1,2,0.002,2e-06
1,105,1,PyTorch SIMD,1,1,2,0.0554,5.5e-05
1,106,1,Sequencial,1,1,2,0.0019,2e-06
1,106,1,PyTorch SIMD,1,1,2,0.057,5.7e-05
1,107,1,Sequencial,1,1,2,0.002,2e-06
1,107,1,PyTorch SIMD,1,1,2,0.0551,5.5e-05
1,108,1,Sequencial,1,1,2,0.0019,2e-06
1,108,1,PyTorch SIMD,1,1,2,0.0549,5.5e-05
1,109,1,Sequencial,1,1,2,0.002,2e-06
1,109,1,PyTorch SIMD,1,1,2,0.0542,5.4e-05
1,110,1,Sequencial,1,1,2,0.002,2e-06
1,110,1,PyTorch SIMD,1,1,2,0.0554,5.5e-05
1,111,1,Sequencial,1,1,2,0.002,2e-06
1,111,1,PyTorch SIMD,1,1,2,0.0549,5.5e-05
1,112,1,Sequencial,1,1,2,0.0019,2e-06
1,112,1,PyTorch SIMD,1,1,2,0.0552,5.5e-05
1,113,1,Sequencial,1,1,2,0.002,2e-06
1,113,1,PyTorch SIMD,1,1,2,0.056,5.6e-05
1,114,1,Sequencial,1,1,2,0.0024,2e-06
1,114,1,PyTorch SIMD,1,1,2,0.0822,8.2e-05
1,115,1,Sequencial,1,1,2,0.0022,2e-06
1,115,1,PyTorch SIMD,1,1,2,0.0769,7.7e-05
1,116,1,Sequencial,1,1,2,0.0021,2e-06
1,116,1,PyTorch SIMD,1,1,2,0.0627,6.3e-05
1,117,1,Sequencial,1,1,2,0.0019,2e-06
1,117,1,PyTorch SIMD,1,1,2,0.0566,5.7e-05
1,118,1,Sequencial,1,1,2,0.0019,2e-06
1,118,1,PyTorch SIMD,1,1,2,0.0555,5.5e-05
1,119,1,Sequencial,1,1,2,0.0019,2e-06
1,119,1,PyTorch SIMD,1,1,2,0.0545,5.5e-05
1,120,1,Sequencial,1,1,2,0.0019,2e-06
1,120,1,PyTorch SIMD,1,1,2,0.0544,5.4e-05
1,121,1,Sequencial,1,1,2,0.0022,2e-06
1,121,1,PyTorch SIMD,1,1,2,0.0558,5.6e-05
1,122,1,Sequencial,1,1,2,0.0019,2e-06
1,122,1,PyTorch SIMD,1,1,2,0.0551,5.5e-05
1,123,1,Sequencial,1,1,2,0.0019,2e-06
1,123,1,PyTorch SIMD,1,1,2,0.0624,6.2e-05
1,124,1,Sequencial,1,1,2,0.002,2e-06
1,124,1,PyTorch SIMD,1,1,2,0.0564,5.6e-05
1,125,1,Sequencial,1,1,2,0.0019,2e-06
1,125,1,PyTorch SIMD,1,1,2,0.0551,5.5e-05
1,126,1,Sequencial,1,1,2,0.002,2e-06
1,126,1,PyTorch SIMD,1,1,2,0.0545,5.4e-05
1,127,1,Sequencial,1,1,2,0.002,2e-06
1,127,1,PyTorch SIMD,1,1,2,0.0552,5.5e-05
1,128,1,Sequencial,1,1,2,0.002,2e-06
1,128,1,PyTorch SIMD,1,1,2,0.0557,5.6e-05
1,129,1,Sequencial,1,1,2,0.0019,2e-06
1,129,1,PyTorch SIMD,1,1,2,0.0535,5.4e-05
1,130,1,Sequencial,1,1,2,0.0019,2e-06
1,130,1,PyTorch SIMD,1,1,2,0.0534,5.3e-05
1,131,1,Sequencial,1,1,2,0.0019,2e-06
1,131,1,PyTorch SIMD,1,1,2,0.054,5.4e-05
1,132,1,Sequencial,1,1,2,0.002,2e-06
1,132,1,PyTorch SIMD,1,1,2,0.0548,5.5e-05
1,133,1,Sequencial,1,1,2,0.0019,2e-06
1,133,1,PyTorch SIMD,1,1,2,0.0537,5.4e-05
1,134,1,Sequencial,1,1,2,0.0019,2e-06
1,134,1,PyTorch SIMD,1,1,2,0.0532,5.3e-05
1,135,1,Sequencial,1,1,2,0.0019,2e-06
1,135,1,PyTorch SIMD,1,1,2,0.0536,5.4e-05
1,136,1,Sequencial,1,1,2,0.0019,2e-06
1,136,1,PyTorch SIMD,1,1,2,0.0541,5.4e-05
1,137,1,Sequencial,1,1,2,0.0019,2e-06
1,137,1,PyTorch SIMD,1,1,2,0.0544,5.4e-05
1,138,1,Sequencial,1,1,2,0.0019,2e-06
1,138,1,PyTorch SIMD,1,1,2,0.0528,5.3e-05
1,139,1,Sequencial,1,1,2,0.0019,2e-06
1,139,1,PyTorch SIMD,1,1,2,0.053,5.3e-05
1,140,1,Sequencial,1,1,2,0.0019,2e-06
1,140,1,PyTorch SIMD,1,1,2,0.0534,5.3e-05
1,141,1,Sequencial,1,1,2,0.0019,2e-06
1,141,1,PyTorch SIMD,1,1,2,0.0535,5.3e-05
1,142,1,Sequencial,1,1,2,0.0019,2e-06
1,142,1,PyTorch SIMD,1,1,2,0.0542,5.4e-05
1,143,1,Sequencial,1,1,2,0.0019,2e-06
1,143,1,PyTorch SIMD,1,1,2,0.0534,5.3e-05
1,144,1,Sequencial,1,1,2,0.0019,2e-06
1,144,1,PyTorch SIMD,1,1,2,0.053,5.3e-05
1,145,1,Sequencial,1,1,2,0.0019,2e-06
1,145,1,PyTorch SIMD,1,1,2,0.0537,5.4e-05
1,146,1,Sequencial,1,1,2,0.0019,2e-06
1,146,1,PyTorch SIMD,1,1,2,0.0559,5.6e-05
1,147,1,Sequencial,1,1,2,0.002,2e-06
1,147,1,PyTorch SIMD,1,1,2,0.0529,5.3e-05
1,148,1,Sequencial,1,1,2,0.0019,2e-06
1,148,1,PyTorch SIMD,1,1,2,0.0554,5.5e-05
1,149,1,Sequencial,1,1,2,0.0018,2e-06
1,149,1,PyTorch SIMD,1,1,2,0.052,5.2e-05
1,150,1,Sequencial,1,1,2,0.0019,2e-06
1,150,1,PyTorch SIMD,1,1,2,0.0536,5.4e-05
1,151,1,Sequencial,1,1,2,0.0019,2e-06
1,151,1,PyTorch SIMD,1,1,2,0.0528,5.3e-05
1,152,1,Sequencial,1,1,2,0.002,2e-06
1,152,1,PyTorch SIMD,1,1,2,0.0559,5.6e-05
1,153,1,Sequencial,1,1,2,0.0019,2e-06
1,153,1,PyTorch SIMD,1,1,2,0.0534,5.3e-05
1,154,1,Sequencial,1,1,2,0.0019,2e-06
1,154,1,PyTorch SIMD,1,1,2,0.0536,5.4e-05
1,155,1,Sequencial,1,1,2,0.0019,2e-06
1,155,1,PyTorch SIMD,1,1,2,0.0547,5.5e-05
1,156,1,Sequencial,1,1,2,0.0019,2e-06
1,156,1,PyTorch SIMD,1,1,2,0.0539,5.4e-05
1,157,1,Sequencial,1,1,2,0.0019,2e-06
1,157,1,PyTorch SIMD,1,1,2,0.0546,5.5e-05
1,158,1,Sequencial,1,1,2,0.0019,2e-06
1,158,1,PyTorch SIMD,1,1,2,0.0545,5.4e-05
1,159,1,Sequencial,1,1,2,0.002,2e-06
1,159,1,PyTorch SIMD,1,1,2,0.0527,5.3e-05
1,160,1,Sequencial,1,1,2,0.002,2e-06
1,160,1,PyTorch SIMD,1,1,2,0.0533,5.3e-05
1,161,1,Sequencial,1,1,2,0.002,2e-06
1,161,1,PyTorch SIMD,1,1,2,0.0529,5.3e-05
1,162,1,Sequencial,1,1,2,0.002,2e-06
1,162,1,PyTorch SIMD,1,1,2,0.0542,5.4e-05
1,163,1,Sequencial,1,1,2,0.0018,2e-06
1,163,1,PyTorch SIMD,1,1,2,0.0528,5.3e-05
1,164,1,Sequencial,1,1,2,0.0018,2e-06
1,164,1,PyTorch SIMD,1,1,2,0.0524,5.2e-05
1,165,1,Sequencial,1,1,2,0.0018,2e-06
1,165,1,PyTorch SIMD,1,1,2,0.0526,5.3e-05
1,166,1,Sequencial,1,1,2,0.0019,2e-06
1,166,1,PyTorch SIMD,1,1,2,0.0525,5.2e-05
1,167,1,Sequencial,1,1,2,0.0019,2e-06
1,167,1,PyTorch SIMD,1,1,2,0.053,5.3e-05
1,168,1,Sequencial,1,1,2,0.0019,2e-06
1,168,1,PyTorch SIMD,1,1,2,0.0535,5.3e-05
1,169,1,Sequencial,1,1,2,0.0019,2e-06
1,169,1,PyTorch SIMD,1,1,2,0.0528,5.3e-05
1,170,1,Sequencial,1,1,2,0.0019,2e-06
1,170,1,PyTorch SIMD,1,1,2,0.1037,0.000104
1,171,1,Sequencial,1,1,2,0.0022,2e-06
1,171,1,PyTorch SIMD,1,1,2,0.0585,5.8e-05
1,172,1,Sequencial,1,1,2,0.0019,2e-06
1,172,1,PyTorch SIMD,1,1,2,0.0539,5.4e-05
1,173,1,Sequencial,1,1,2,0.0019,2e-06
1,173,1,PyTorch SIMD,1,1,2,0.0537,5.4e-05
1,174,1,Sequencial,1,1,2,0.0019,2e-06
1,174,1,PyTorch SIMD,1,1,2,0.0533,5.3e-05
1,175,1,Sequencial,1,1,2,0.0019,2e-06
1,175,1,PyTorch SIMD,1,1,2,0.0532,5.3e-05
1,176,1,Sequencial,1,1,2,0.0019,2e-06
1,176,1,PyTorch SIMD,1,1,2,0.0536,5.4e-05
1,177,1,Sequencial,1,1,2,0.0019,2e-06
1,177,1,PyTorch SIMD,1,1,2,0.0568,5.7e-05
1,178,1,Sequencial,1,1,2,0.0019,2e-06
1,178,1,PyTorch SIMD,1,1,2,0.054,5.4e-05
1,179,1,Sequencial,1,1,2,0.0019,2e-06
1,179,1,PyTorch SIMD,1,1,2,0.0533,5.3e-05
1,180,1,Sequencial,1,1,2,0.0019,2e-06
1,180,1,PyTorch SIMD,1,1,2,0.0559,5.6e-05
1,181,1,Sequencial,1,1,2,0.0019,2e-06
1,181,1,PyTorch SIMD,1,1,2,0.0541,5.4e-05
1,182,1,Sequencial,1,1,2,0.0019,2e-06
1,182,1,PyTorch SIMD,1,1,2,0.0533,5.3e-05
1,183,1,Sequencial,1,1,2,0.0019,2e-06
1,183,1,PyTorch SIMD,1,1,2,0.0543,5.4e-05
1,184,1,Sequencial,1,1,2,0.0018,2e-06
1,184,1,PyTorch SIMD,1,1,2,0.0536,5.4e-05
1,185,1,Sequencial,1,1,2,0.0018,2e-06
1,185,1,PyTorch SIMD,1,1,2,0.053,5.3e-05
1,186,1,Sequencial,1,1,2,0.0019,2e-06
1,186,1,PyTorch SIMD,1,1,2,0.0528,5.3e-05
1,187,1,Sequencial,1,1,2,0.0019,2e-06
1,187,1,PyTorch SIMD,1,1,2,0.0526,5.3e-05
1,188,1,Sequencial,1,1,2,0.0019,2e-06
1,188,1,PyTorch SIMD,1,1,2,0.0528,5.3e-05
1,189,1,Sequencial,1,1,2,0.0019,2e-06
1,189,1,PyTorch SIMD,1,1,2,0.0523,5.2e-05
1,190,1,Sequencial,1,1,2,0.0019,2e-06
1,190,1,PyTorch SIMD,1,1,2,0.0528,5.3e-05
1,191,1,Sequencial,1,1,2,0.0019,2e-06
1,191,1,PyTorch SIMD,1,1,2,0.0552,5.5e-05
1,192,1,Sequencial,1,1,2,0.002,2e-06
1,192,1,PyTorch SIMD,1,1,2,0.053,5.3e-05
1,193,1,Sequencial,1,1,2,0.002,2e-06
1,193,1,PyTorch SIMD,1,1,2,0.0527,5.3e-05
1,194,1,Sequencial,1,1,2,0.0019,2e-06
1,194,1,PyTorch SIMD,1,1,2,0.0528,5.3e-05
1,195,1,Sequencial,1,1,2,0.0018,2e-06
1,195,1,PyTorch SIMD,1,1,2,0.053,5.3e-05
1,196,1,Sequencial,1,1,2,0.0019,2e-06
1,196,1,PyTorch SIMD,1,1,2,0.0528,5.3e-05
1,197,1,Sequencial,1,1,2,0.0019,2e-06
1,197,1,PyTorch SIMD,1,1,2,0.0533,5.3e-05
1,198,1,Sequencial,1,1,2,0.0019,2e-06
1,198,1,PyTorch SIMD,1,1,2,0.0527,5.3e-05
1,199,1,Sequencial,1,1,2,0.0018,2e-06
1,199,1,PyTorch SIMD,1,1,2,0.0524,5.2e-05
1,200,1,Sequencial,1,1,2,0.0019,2e-06
1,200,1,PyTorch SIMD,1,1,2,0.0525,5.2e-05
1,201,1,Sequencial,1,1,2,0.0021,2e-06
1,201,1,PyTorch SIMD,1,1,2,0.0555,5.6e-05
1,202,1,Sequencial,1,1,2,0.0019,2e-06
1,202,1,PyTorch SIMD,1,1,2,0.0532,5.3e-05
1,203,1,Sequencial,1,1,2,0.0019,2e-06
1,203,1,PyTorch SIMD,1,1,2,0.0522,5.2e-05
1,204,1,Sequencial,1,1,2,0.002,2e-06
1,204,1,PyTorch SIMD,1,1,2,0.0647,6.5e-05
1,205,1,Sequencial,1,1,2,0.002,2e-06
1,205,1,PyTorch SIMD,1,1,2,0.0553,5.5e-05
1,206,1,Sequencial,1,1,2,0.0019,2e-06
1,206,1,PyTorch SIMD,1,1,2,0.0549,5.5e-05
1,207,1,Sequencial,1,1,2,0.0019,2e-06
1,207,1,PyTorch SIMD,1,1,2,0.0623,6.2e-05
1,208,1,Sequencial,1,1,2,0.002,2e-06
1,208,1,PyTorch SIMD,1,1,2,0.0541,5.4e-05
1,209,1,Sequencial,1,1,2,0.0019,2e-06
1,209,1,PyTorch SIMD,1,1,2,0.0597,6e-05
1,210,1,Sequencial,1,1,2,0.0019,2e-06
1,210,1,PyTorch SIMD,1,1,2,0.0561,5.6e-05
1,211,1,Sequencial,1,1,2,0.0019,2e-06
1,211,1,PyTorch SIMD,1,1,2,0.0544,5.4e-05
1,212,1,Sequencial,1,1,2,0.0019,2e-06
1,212,1,PyTorch SIMD,1,1,2,0.0534,5.3e-05
1,213,1,Sequencial,1,1,2,0.0019,2e-06
1,213,1,PyTorch SIMD,1,1,2,0.0529,5.3e-05
1,214,1,Sequencial,1,1,2,0.0019,2e-06
1,214,1,PyTorch SIMD,1,1,2,0.0531,5.3e-05
1,215,1,Sequencial,1,1,2,0.0019,2e-06
1,215,1,PyTorch SIMD,1,1,2,0.0551,5.5e-05
1,216,1,Sequencial,1,1,2,0.0019,2e-06
1,216,1,PyTorch SIMD,1,1,2,0.0555,5.5e-05
1,217,1,Sequencial,1,1,2,0.0019,2e-06
1,217,1,PyTorch SIMD,1,1,2,0.0541,5.4e-05
1,218,1,Sequencial,1,1,2,0.0019,2e-06
1,218,1,PyTorch SIMD,1,1,2,0.0556,5.6e-05
1,219,1,Sequencial,1,1,2,0.0018,2e-06
1,219,1,PyTorch SIMD,1,1,2,0.0543,5.4e-05
1,220,1,Sequencial,1,1,2,0.0019,2e-06
1,220,1,PyTorch SIMD,1,1,2,0.0557,5.6e-05
1,221,1,Sequencial,1,1,2,0.0019,2e-06
1,221,1,PyTorch SIMD,1,1,2,0.0549,5.5e-05
1,222,1,Sequencial,1,1,2,0.0019,2e-06
1,222,1,PyTorch SIMD,1,1,2,0.0549,5.5e-05
1,223,1,Sequencial,1,1,2,0.0019,2e-06
1,223,1,PyTorch SIMD,1,1,2,0.0542,5.4e-05
1,224,1,Sequencial,1,1,2,0.0019,2e-06
1,224,1,PyTorch SIMD,1,1,2,0.063,6.3e-05
1,225,1,Sequencial,1,1,2,0.0021,2e-06
1,225,1,PyTorch SIMD,1,1,2,0.0655,6.5e-05
1,226,1,Sequencial,1,1,2,0.002,2e-06
1,226,1,PyTorch SIMD,1,1,2,0.0552,5.5e-05
1,227,1,Sequencial,1,1,2,0.002,2e-06
1,227,1,PyTorch SIMD,1,1,2,0.0551,5.5e-05
1,228,1,Sequencial,1,1,2,0.0019,2e-06
1,228,1,PyTorch SIMD,1,1,2,0.0551,5.5e-05
1,229,1,Sequencial,1,1,2,0.002,2e-06
1,229,1,PyTorch SIMD,1,1,2,0.0559,5.6e-05
1,230,1,Sequencial,1,1,2,0.002,2e-06
1,230,1,PyTorch SIMD,1,1,2,0.0569,5.7e-05
1,231,1,Sequencial,1,1,2,0.002,2e-06
1,231,1,PyTorch SIMD,1,1,2,0.0545,5.5e-05
1,232,1,Sequencial,1,1,2,0.002,2e-06
1,232,1,PyTorch SIMD,1,1,2,0.054,5.4e-05
1,233,1,Sequencial,1,1,2,0.002,2e-06
1,233,1,PyTorch SIMD,1,1,2,0.0548,5.5e-05
1,234,1,Sequencial,1,1,2,0.0019,2e-06
1,234,1,PyTorch SIMD,1,1,2,0.0551,5.5e-05
1,235,1,Sequencial,1,1,2,0.002,2e-06
1,235,1,PyTorch SIMD,1,1,2,0.0719,7.2e-05
1,236,1,Sequencial,1,1,2,0.0019,2e-06
1,236,1,PyTorch SIMD,1,1,2,0.0577,5.8e-05
1,237,1,Sequencial,1,1,2,0.002,2e-06
1,237,1,PyTorch SIMD,1,1,2,0.0537,5.4e-05
1,238,1,Sequencial,1,1,2,0.0019,2e-06
1,238,1,PyTorch SIMD,1,1,2,0.0539,5.4e-05
1,239,1,Sequencial,1,1,2,0.002,2e-06
1,239,1,PyTorch SIMD,1,1,2,0.0544,5.4e-05
1,240,1,Sequencial,1,1,2,0.002,2e-06
1,240,1,PyTorch SIMD,1,1,2,0.0552,5.5e-05
1,241,1,Sequencial,1,1,2,0.0019,2e-06
1,241,1,PyTorch SIMD,1,1,2,0.0566,5.7e-05
1,242,1,Sequencial,1,1,2,0.002,2e-06
1,242,1,PyTorch SIMD,1,1,2,0.0553,5.5e-05
1,243,1,Sequencial,1,1,2,0.0019,2e-06
1,243,1,PyTorch SIMD,1,1,2,0.0543,5.4e-05
1,244,1,Sequencial,1,1,2,0.0019,2e-06
1,244,1,PyTorch SIMD,1,1,2,0.0541,5.4e-05
1,245,1,Sequencial,1,1,2,0.002,2e-06
1,245,1,PyTorch SIMD,1,1,2,0.0542,5.4e-05
1,246,1,Sequencial,1,1,2,0.0019,2e-06
1,246,1,PyTorch SIMD,1,1,2,0.0543,5.4e-05
1,247,1,Sequencial,1,1,2,0.0019,2e-06
1,247,1,PyTorch SIMD,1,1,2,0.054,5.4e-05
1,248,1,Sequencial,1,1,2,0.0022,2e-06
1,248,1,PyTorch SIMD,1,1,2,0.055,5.5e-05
1,249,1,Sequencial,1,1,2,0.0022,2e-06
1,249,1,PyTorch SIMD,1,1,2,0.0553,5.5e-05
1,250,1,Sequencial,1,1,2,0.002,2e-06
1,250,1,PyTorch SIMD,1,1,2,0.0544,5.4e-05
2,1,11,Sequencial,1,1,4,0.007,7e-06
2,1,11,PyTorch SIMD,1,1,4,0.3474,0.000347
2,2,01,Sequencial,1,1,2,0.003,3e-06
2,2,01,PyTorch SIMD,1,1,2,0.0863,8.6e-05
2,3,10,Sequencial,1,1,3,0.0031,3e-06
2,3,10,PyTorch SIMD,1,1,3,0.0615,6.2e-05
2,4,11,Sequencial,1,1,4,0.0029,3e-06
2,4,11,PyTorch SIMD,1,1,4,0.0562,5.6e-05
2,5,01,Sequencial,1,1,2,0.0023,2e-06
2,5,01,PyTorch SIMD,1,1,2,0.0569,5.7e-05
2,6,11,Sequencial,1,1,4,0.0027,3e-06
2,6,11,PyTorch SIMD,1,1,4,0.0556,5.6e-05
2,7,11,Sequencial,1,1,4,0.0026,3e-06
2,7,11,PyTorch SIMD,1,1,4,0.0553,5.5e-05
2,8,01,Sequencial,1,1,2,0.0022,2e-06
2,8,01,PyTorch SIMD,1,1,2,0.0575,5.7e-05
2,9,01,Sequencial,1,1,2,0.0024,2e-06
2,9,01,PyTorch SIMD,1,1,2,0.0594,5.9e-05
2,10,10,Sequencial,1,1,3,0.0027,3e-06
2,10,10,PyTorch SIMD,1,1,3,0.0574,5.7e-05
2,11,01,Sequencial,1,1,2,0.0023,2e-06
2,11,01,PyTorch SIMD,1,1,2,0.0579,5.8e-05
2,12,10,Sequencial,1,1,3,0.0026,3e-06
2,12,10,PyTorch SIMD,1,1,3,0.0576,5.8e-05
2,13,10,Sequencial,1,1,3,0.0025,2e-06
2,13,10,PyTorch SIMD,1,1,3,0.0568,5.7e-05
2,14,10,Sequencial,1,1,3,0.0027,3e-06
2,14,10,PyTorch SIMD,1,1,3,0.0565,5.7e-05
2,15,11,Sequencial,1,1,4,0.0027,3e-06
2,15,11,PyTorch SIMD,1,1,4,0.0552,5.5e-05
2,16,01,Sequencial,1,1,2,0.0023,2e-06
2,16,01,PyTorch SIMD,1,1,2,0.0567,5.7e-05
2,17,11,Sequencial,1,1,4,0.0027,3e-06
2,17,11,PyTorch SIMD,1,1,4,0.0552,5.5e-05
2,18,10,Sequencial,1,1,3,0.0026,3e-06
2,18,10,PyTorch SIMD,1,1,3,0.0569,5.7e-05
2,19,01,Sequencial,1,1,2,0.0024,2e-06
2,19,01,PyTorch SIMD,1,1,2,0.0578,5.8e-05
2,20,01,Sequencial,1,1,2,0.0022,2e-06
2,20,01,PyTorch SIMD,1,1,2,0.0567,5.7e-05
2,21,10,Sequencial,1,1,3,0.0026,3e-06
2,21,10,PyTorch SIMD,1,1,3,0.0568,5.7e-05
2,22,10,Sequencial,1,1,3,0.0026,3e-06
2,22,10,PyTorch SIMD,1,1,3,0.067,6.7e-05
2,23,11,Sequencial,1,1,4,0.0029,3e-06
2,23,11,PyTorch SIMD,1,1,4,0.0659,6.6e-05
2,24,11,Sequencial,1,1,4,0.0027,3e-06
2,24,11,PyTorch SIMD,1,1,4,0.0579,5.8e-05
2,25,10,Sequencial,1,1,3,0.0028,3e-06
2,25,10,PyTorch SIMD,1,1,3,0.0565,5.7e-05
2,26,11,Sequencial,1,1,4,0.0025,2e-06
2,26,11,PyTorch SIMD,1,1,4,0.0578,5.8e-05
2,27,10,Sequencial,1,1,3,0.0026,3e-06
2,27,10,PyTorch SIMD,1,1,3,0.0581,5.8e-05
2,28,11,Sequencial,1,1,4,0.0028,3e-06
2,28,11,PyTorch SIMD,1,1,4,0.0562,5.6e-05
2,29,01,Sequencial,1,1,2,0.0024,2e-06
2,29,01,PyTorch SIMD,1,1,2,0.0578,5.8e-05
2,30,10,Sequencial,1,1,3,0.0025,2e-06
2,30,10,PyTorch SIMD,1,1,3,0.0571,5.7e-05
2,31,10,Sequencial,1,1,3,0.0024,2e-06
2,31,10,PyTorch SIMD,1,1,3,0.0567,5.7e-05
2,32,11,Sequencial,1,1,4,0.0026,3e-06
2,32,11,PyTorch SIMD,1,1,4,0.0576,5.8e-05
2,33,10,Sequencial,1,1,3,0.0023,2e-06
2,33,10,PyTorch SIMD,1,1,3,0.056,5.6e-05
2,34,10,Sequencial,1,1,3,0.0024,2e-06
2,34,10,PyTorch SIMD,1,1,3,0.0565,5.7e-05
2,35,10,Sequencial,1,1,3,0.0023,2e-06
2,35,10,PyTorch SIMD,1,1,3,0.056,5.6e-05
2,36,01,Sequencial,1,1,2,0.0019,2e-06
2,36,01,PyTorch SIMD,1,1,2,0.0566,5.7e-05
2,37,11,Sequencial,1,1,4,0.0025,3e-06
2,37,11,PyTorch SIMD,1,1,4,0.0546,5.5e-05
2,38,11,Sequencial,1,1,4,0.0026,3e-06
2,38,11,PyTorch SIMD,1,1,4,0.0564,5.6e-05
2,39,01,Sequencial,1,1,2,0.0022,2e-06
2,39,01,PyTorch SIMD,1,1,2,0.0573,5.7e-05
2,40,10,Sequencial,1,1,3,0.0024,2e-06
2,40,10,PyTorch SIMD,1,1,3,0.0565,5.6e-05
2,41,11,Sequencial,1,1,4,0.0025,3e-06
2,41,11,PyTorch SIMD,1,1,4,0.0547,5.5e-05
2,42,01,Sequencial,1,1,2,0.0022,2e-06
2,42,01,PyTorch SIMD,1,1,2,0.0559,5.6e-05
2,43,11,Sequencial,1,1,4,0.0025,3e-06
2,43,11,PyTorch SIMD,1,1,4,0.0554,5.5e-05
2,44,10,Sequencial,1,1,3,0.0025,2e-06
2,44,10,PyTorch SIMD,1,1,3,0.0562,5.6e-05
2,45,10,Sequencial,1,1,3,0.0025,2e-06
2,45,10,PyTorch SIMD,1,1,3,0.0589,5.9e-05
2,46,11,Sequencial,1,1,4,0.0026,3e-06
2,46,11,PyTorch SIMD,1,1,4,0.07,7e-05
2,47,10,Sequencial,1,1,3,0.0051,5e-06
2,47,10,PyTorch SIMD,1,1,3,0.0593,5.9e-05
2,48,11,Sequencial,1,1,4,0.0026,3e-06
2,48,11,PyTorch SIMD,1,1,4,0.0563,5.6e-05
2,49,10,Sequencial,1,1,3,0.0024,2e-06
2,49,10,PyTorch SIMD,1,1,3,0.0563,5.6e-05
2,50,10,Sequencial,1,1,3,0.0025,2e-06
2,50,10,PyTorch SIMD,1,1,3,0.0564,5.6e-05
2,51,01,Sequencial,1,1,2,0.0021,2e-06
2,51,01,PyTorch SIMD,1,1,2,0.0567,5.7e-05
2,52,01,Sequencial,1,1,2,0.0022,2e-06
2,52,01,PyTorch SIMD,1,1,2,0.0561,5.6e-05
2,53,01,Sequencial,1,1,2,0.0021,2e-06
2,53,01,PyTorch SIMD,1,1,2,0.0561,5.6e-05
2,54,01,Sequencial,1,1,2,0.0021,2e-06
2,54,01,PyTorch SIMD,1,1,2,0.0614,6.1e-05
2,55,11,Sequencial,1,1,4,0.0031,3e-06
2,55,11,PyTorch SIMD,1,1,4,0.0848,8.5e-05
2,56,01,Sequencial,1,1,2,0.0023,2e-06
2,56,01,PyTorch SIMD,1,1,2,0.063,6.3e-05
2,57,11,Sequencial,1,1,4,0.0027,3e-06
2,57,11,PyTorch SIMD,1,1,4,0.0567,5.7e-05
2,58,11,Sequencial,1,1,4,0.0026,3e-06
2,58,11,PyTorch SIMD,1,1,4,0.0569,5.7e-05
2,59,11,Sequencial,1,1,4,0.0026,3e-06
2,59,11,PyTorch SIMD,1,1,4,0.0563,5.6e-05
2,60,01,Sequencial,1,1,2,0.0022,2e-06
2,60,01,PyTorch SIMD,1,1,2,0.0581,5.8e-05
2,61,01,Sequencial,1,1,2,0.0023,2e-06
2,61,01,PyTorch SIMD,1,1,2,0.0583,5.8e-05
2,62,10,Sequencial,1,1,3,0.0024,2e-06
2,62,10,PyTorch SIMD,1,1,3,0.0574,5.7e-05
2,63,10,Sequencial,1,1,3,0.0025,3e-06
2,63,10,PyTorch SIMD,1,1,3,0.058,5.8e-05
2,64,10,Sequencial,1,1,3,0.0024,2e-06
2,64,10,PyTorch SIMD,1,1,3,0.0575,5.7e-05
2,65,01,Sequencial,1,1,2,0.0022,2e-06
2,65,01,PyTorch SIMD,1,1,2,0.0567,5.7e-05
2,66,01,Sequencial,1,1,2,0.0022,2e-06
2,66,01,PyTorch SIMD,1,1,2,0.0565,5.7e-05
2,67,11,Sequencial,1,1,4,0.0027,3e-06
2,67,11,PyTorch SIMD,1,1,4,0.0564,5.6e-05
2,68,10,Sequencial,1,1,3,0.0026,3e-06
2,68,10,PyTorch SIMD,1,1,3,0.0568,5.7e-05
2,69,10,Sequencial,1,1,3,0.0025,3e-06
2,69,10,PyTorch SIMD,1,1,3,0.0569,5.7e-05
2,70,01,Sequencial,1,1,2,0.0021,2e-06
2,70,01,PyTorch SIMD,1,1,2,0.0566,5.7e-05
2,71,11,Sequencial,1,1,4,0.0025,3e-06
2,71,11,PyTorch SIMD,1,1,4,0.0563,5.6e-05
2,72,10,Sequencial,1,1,3,0.0025,3e-06
2,72,10,PyTorch SIMD,1,1,3,0.0733,7.3e-05
2,73,01,Sequencial,1,1,2,0.0022,2e-06
2,73,01,PyTorch SIMD,1,1,2,0.0737,7.4e-05
2,74,01,Sequencial,1,1,2,0.0022,2e-06
2,74,01,PyTorch SIMD,1,1,2,0.0595,6e-05
2,75,11,Sequencial,1,1,4,0.0027,3e-06
2,75,11,PyTorch SIMD,1,1,4,0.0551,5.5e-05
2,76,01,Sequencial,1,1,2,0.0021,2e-06
2,76,01,PyTorch SIMD,1,1,2,0.056,5.6e-05
2,77,01,Sequencial,1,1,2,0.0022,2e-06
2,77,01,PyTorch SIMD,1,1,2,0.0565,5.6e-05
2,78,10,Sequencial,1,1,3,0.0025,2e-06
2,78,10,PyTorch SIMD,1,1,3,0.057,5.7e-05
2,79,11,Sequencial,1,1,4,0.0025,3e-06
2,79,11,PyTorch SIMD,1,1,4,0.0558,5.6e-05
2,80,10,Sequencial,1,1,3,0.0025,2e-06
2,80,10,PyTorch SIMD,1,1,3,0.0571,5.7e-05
2,81,10,Sequencial,1,1,3,0.0024,2e-06
2,81,10,PyTorch SIMD,1,1,3,0.0574,5.7e-05
2,82,11,Sequencial,1,1,4,0.0027,3e-06
2,82,11,PyTorch SIMD,1,1,4,0.0924,9.2e-05
2,83,11,Sequencial,1,1,4,0.0027,3e-06
2,83,11,PyTorch SIMD,1,1,4,0.0584,5.8e-05
2,84,11,Sequencial,1,1,4,0.0026,3e-06
2,84,11,PyTorch SIMD,1,1,4,0.0549,5.5e-05
2,85,01,Sequencial,1,1,2,0.0021,2e-06
2,85,01,PyTorch SIMD,1,1,2,0.0566,5.7e-05
2,86,10,Sequencial,1,1,3,0.0024,2e-06
2,86,10,PyTorch SIMD,1,1,3,0.0582,5.8e-05
2,87,11,Sequencial,1,1,4,0.0027,3e-06
2,87,11,PyTorch SIMD,1,1,4,0.0607,6.1e-05
2,88,10,Sequencial,1,1,3,0.0026,3e-06
2,88,10,PyTorch SIMD,1,1,3,0.0582,5.8e-05
2,89,11,Sequencial,1,1,4,0.0026,3e-06
2,89,11,PyTorch SIMD,1,1,4,0.0564,5.6e-05
2,90,01,Sequencial,1,1,2,0.0022,2e-06
2,90,01,PyTorch SIMD,1,1,2,0.0569,5.7e-05
2,91,01,Sequencial,1,1,2,0.0021,2e-06
2,91,01,PyTorch SIMD,1,1,2,0.058,5.8e-05
2,92,11,Sequencial,1,1,4,0.0026,3e-06
2,92,11,PyTorch SIMD,1,1,4,0.0563,5.6e-05
2,93,11,Sequencial,1,1,4,0.0026,3e-06
2,93,11,PyTorch SIMD,1,1,4,0.0556,5.6e-05
2,94,10,Sequencial,1,1,3,0.0025,3e-06
2,94,10,PyTorch SIMD,1,1,3,0.0573,5.7e-05
2,95,01,Sequencial,1,1,2,0.0023,2e-06
2,95,01,PyTorch SIMD,1,1,2,0.0579,5.8e-05
2,96,10,Sequencial,1,1,3,0.0026,3e-06
2,96,10,PyTorch SIMD,1,1,3,0.0574,5.7e-05
2,97,11,Sequencial,1,1,4,0.0026,3e-06
2,97,11,PyTorch SIMD,1,1,4,0.0567,5.7e-05
2,98,10,Sequencial,1,1,3,0.0026,3e-06
2,98,10,PyTorch SIMD,1,1,3,0.0573,5.7e-05
2,99,01,Sequencial,1,1,2,0.0022,2e-06
2,99,01,PyTorch SIMD,1,1,2,0.0573,5.7e-05
2,100,01,Sequencial,1,1,2,0.0022,2e-06
2,100,01,PyTorch SIMD,1,1,2,0.057,5.7e-05
2,101,01,Sequencial,1,1,2,0.0021,2e-06
2,101,01,PyTorch SIMD,1,1,2,0.0604,6e-05
2,102,11,Sequencial,1,1,4,0.0027,3e-06
2,102,11,PyTorch SIMD,1,1,4,0.0564,5.6e-05
2,103,11,Sequencial,1,1,4,0.0026,3e-06
2,103,11,PyTorch SIMD,1,1,4,0.0561,5.6e-05
2,104,11,Sequencial,1,1,4,0.0027,3e-06
2,104,11,PyTorch SIMD,1,1,4,0.0562,5.6e-05
2,105,11,Sequencial,1,1,4,0.0026,3e-06
2,105,11,PyTorch SIMD,1,1,4,0.0558,5.6e-05
2,106,11,Sequencial,1,1,4,0.0026,3e-06
2,106,11,PyTorch SIMD,1,1,4,0.0561,5.6e-05
2,107,10,Sequencial,1,1,3,0.0025,3e-06
2,107,10,PyTorch SIMD,1,1,3,0.0593,5.9e-05
2,108,10,Sequencial,1,1,3,0.0026,3e-06
2,108,10,PyTorch SIMD,1,1,3,0.0586,5.9e-05
2,109,10,Sequencial,1,1,3,0.0025,2e-06
2,109,10,PyTorch SIMD,1,1,3,0.0596,6e-05
2,110,11,Sequencial,1,1,4,0.0027,3e-06
2,110,11,PyTorch SIMD,1,1,4,0.0564,5.6e-05
2,111,10,Sequencial,1,1,3,0.0025,2e-06
2,111,10,PyTorch SIMD,1,1,3,0.061,6.1e-05
2,112,01,Sequencial,1,1,2,0.0022,2e-06
2,112,01,PyTorch SIMD,1,1,2,0.0592,5.9e-05
2,113,01,Sequencial,1,1,2,0.0022,2e-06
2,113,01,PyTorch SIMD,1,1,2,0.0602,6e-05
2,114,01,Sequencial,1,1,2,0.0022,2e-06
2,114,01,PyTorch SIMD,1,1,2,0.0578,5.8e-05
2,115,01,Sequencial,1,1,2,0.0022,2e-06
2,115,01,PyTorch SIMD,1,1,2,0.058,5.8e-05
2,116,01,Sequencial,1,1,2,0.0022,2e-06
2,116,01,PyTorch SIMD,1,1,2,0.0589,5.9e-05
2,117,01,Sequencial,1,1,2,0.0022,2e-06
2,117,01,PyTorch SIMD,1,1,2,0.057,5.7e-05
2,118,01,Sequencial,1,1,2,0.0021,2e-06
2,118,01,PyTorch SIMD,1,1,2,0.0583,5.8e-05
2,119,11,Sequencial,1,1,4,0.0027,3e-06
2,119,11,PyTorch SIMD,1,1,4,0.0588,5.9e-05
2,120,11,Sequencial,1,1,4,0.0026,3e-06
2,120,11,PyTorch SIMD,1,1,4,0.0646,6.5e-05
2,121,01,Sequencial,1,1,2,0.0022,2e-06
2,121,01,PyTorch SIMD,1,1,2,0.0602,6e-05
2,122,10,Sequencial,1,1,3,0.0025,3e-06
2,122,10,PyTorch SIMD,1,1,3,0.0572,5.7e-05
2,123,01,Sequencial,1,1,2,0.0021,2e-06
2,123,01,PyTorch SIMD,1,1,2,0.057,5.7e-05
2,124,10,Sequencial,1,1,3,0.0026,3e-06
2,124,10,PyTorch SIMD,1,1,3,0.0726,7.3e-05
2,125,10,Sequencial,1,1,3,0.0026,3e-06
2,125,10,PyTorch SIMD,1,1,3,0.0624,6.2e-05
2,126,10,Sequencial,1,1,3,0.0025,3e-06
2,126,10,PyTorch SIMD,1,1,3,0.059,5.9e-05
2,127,01,Sequencial,1,1,2,0.0022,2e-06
2,127,01,PyTorch SIMD,1,1,2,0.0588,5.9e-05
2,128,01,Sequencial,1,1,2,0.0023,2e-06
2,128,01,PyTorch SIMD,1,1,2,0.058,5.8e-05
2,129,11,Sequencial,1,1,4,0.0027,3e-06
2,129,11,PyTorch SIMD,1,1,4,0.0581,5.8e-05
2,130,11,Sequencial,1,1,4,0.0027,3e-06
2,130,11,PyTorch SIMD,1,1,4,0.0565,5.7e-05
2,131,10,Sequencial,1,1,3,0.0026,3e-06
2,131,10,PyTorch SIMD,1,1,3,0.0583,5.8e-05
2,132,10,Sequencial,1,1,3,0.0026,3e-06
2,132,10,PyTorch SIMD,1,1,3,0.058,5.8e-05
2,133,10,Sequencial,1,1,3,0.0026,3e-06
2,133,10,PyTorch SIMD,1,1,3,0.059,5.9e-05
2,134,10,Sequencial,1,1,3,0.0025,3e-06
2,134,10,PyTorch SIMD,1,1,3,0.0584,5.8e-05
2,135,10,Sequencial,1,1,3,0.0025,3e-06
2,135,10,PyTorch SIMD,1,1,3,0.0611,6.1e-05
2,136,11,Sequencial,1,1,4,0.0039,4e-06
2,136,11,PyTorch SIMD,1,1,4,0.0564,5.6e-05
2,137,11,Sequencial,1,1,4,0.0026,3e-06
2,137,11,PyTorch SIMD,1,1,4,0.0547,5.5e-05
2,138,01,Sequencial,1,1,2,0.0022,2e-06
2,138,01,PyTorch SIMD,1,1,2,0.0593,5.9e-05
2,139,11,Sequencial,1,1,4,0.0032,3e-06
2,139,11,PyTorch SIMD,1,1,4,0.0707,7.1e-05
2,140,01,Sequencial,1,1,2,0.0023,2e-06
2,140,01,PyTorch SIMD,1,1,2,0.0587,5.9e-05
2,141,01,Sequencial,1,1,2,0.0027,3e-06
2,141,01,PyTorch SIMD,1,1,2,0.0667,6.7e-05
2,142,10,Sequencial,1,1,3,0.0027,3e-06
2,142,10,PyTorch SIMD,1,1,3,0.0581,5.8e-05
2,143,10,Sequencial,1,1,3,0.0025,3e-06
2,143,10,PyTorch SIMD,1,1,3,0.061,6.1e-05
2,144,10,Sequencial,1,1,3,0.0026,3e-06
2,144,10,PyTorch SIMD,1,1,3,0.0565,5.7e-05
2,145,11,Sequencial,1,1,4,0.0026,3e-06
2,145,11,PyTorch SIMD,1,1,4,0.0612,6.1e-05
2,146,10,Sequencial,1,1,3,0.0026,3e-06
2,146,10,PyTorch SIMD,1,1,3,0.0598,6e-05
2,147,11,Sequencial,1,1,4,0.0027,3e-06
2,147,11,PyTorch SIMD,1,1,4,0.058,5.8e-05
2,148,11,Sequencial,1,1,4,0.0026,3e-06
2,148,11,PyTorch SIMD,1,1,4,0.0561,5.6e-05
2,149,11,Sequencial,1,1,4,0.0026,3e-06
2,149,11,PyTorch SIMD,1,1,4,0.0546,5.5e-05
2,150,01,Sequencial,1,1,2,0.0021,2e-06
2,150,01,PyTorch SIMD,1,1,2,0.0564,5.6e-05
2,151,11,Sequencial,1,1,4,0.0026,3e-06
2,151,11,PyTorch SIMD,1,1,4,0.0563,5.6e-05
2,152,10,Sequencial,1,1,3,0.0026,3e-06
2,152,10,PyTorch SIMD,1,1,3,0.0589,5.9e-05
2,153,01,Sequencial,1,1,2,0.0021,2e-06
2,153,01,PyTorch SIMD,1,1,2,0.0575,5.8e-05
2,154,01,Sequencial,1,1,2,0.0023,2e-06
2,154,01,PyTorch SIMD,1,1,2,0.0687,6.9e-05
2,155,11,Sequencial,1,1,4,0.0029,3e-06
2,155,11,PyTorch SIMD,1,1,4,0.0597,6e-05
2,156,01,Sequencial,1,1,2,0.0023,2e-06
2,156,01,PyTorch SIMD,1,1,2,0.0796,8e-05
2,157,10,Sequencial,1,1,3,0.0027,3e-06
2,157,10,PyTorch SIMD,1,1,3,0.0629,6.3e-05
2,158,11,Sequencial,1,1,4,0.0026,3e-06
2,158,11,PyTorch SIMD,1,1,4,0.0568,5.7e-05
2,159,11,Sequencial,1,1,4,0.0026,3e-06
2,159,11,PyTorch SIMD,1,1,4,0.0575,5.8e-05
2,160,10,Sequencial,1,1,3,0.0025,2e-06
2,160,10,PyTorch SIMD,1,1,3,0.0579,5.8e-05
2,161,01,Sequencial,1,1,2,0.0021,2e-06
2,161,01,PyTorch SIMD,1,1,2,0.0577,5.8e-05
2,162,11,Sequencial,1,1,4,0.0026,3e-06
2,162,11,PyTorch SIMD,1,1,4,0.0565,5.6e-05
2,163,11,Sequencial,1,1,4,0.0026,3e-06
2,163,11,PyTorch SIMD,1,1,4,0.0556,5.6e-05
2,164,01,Sequencial,1,1,2,0.0021,2e-06
2,164,01,PyTorch SIMD,1,1,2,0.0572,5.7e-05
2,165,01,Sequencial,1,1,2,0.0022,2e-06
2,165,01,PyTorch SIMD,1,1,2,0.0588,5.9e-05
2,166,11,Sequencial,1,1,4,0.0026,3e-06
2,166,11,PyTorch SIMD,1,1,4,0.0566,5.7e-05
2,167,01,Sequencial,1,1,2,0.0022,2e-06
2,167,01,PyTorch SIMD,1,1,2,0.0573,5.7e-05
2,168,01,Sequencial,1,1,2,0.0021,2e-06
2,168,01,PyTorch SIMD,1,1,2,0.0576,5.8e-05
2,169,10,Sequencial,1,1,3,0.0025,2e-06
2,169,10,PyTorch SIMD,1,1,3,0.0572,5.7e-05
2,170,01,Sequencial,1,1,2,0.0021,2e-06
2,170,01,PyTorch SIMD,1,1,2,0.0591,5.9e-05
2,171,11,Sequencial,1,1,4,0.0027,3e-06
2,171,11,PyTorch SIMD,1,1,4,0.056,5.6e-05
2,172,01,Sequencial,1,1,2,0.0022,2e-06
2,172,01,PyTorch SIMD,1,1,2,0.0573,5.7e-05
2,173,01,Sequencial,1,1,2,0.0022,2e-06
2,173,01,PyTorch SIMD,1,1,2,0.0658,6.6e-05
2,174,11,Sequencial,1,1,4,0.0027,3e-06
2,174,11,PyTorch SIMD,1,1,4,0.0674,6.7e-05
2,175,10,Sequencial,1,1,3,0.0025,3e-06
2,175,10,PyTorch SIMD,1,1,3,0.0595,5.9e-05
2,176,01,Sequencial,1,1,2,0.0021,2e-06
2,176,01,PyTorch SIMD,1,1,2,0.0581,5.8e-05
2,177,01,Sequencial,1,1,2,0.0021,2e-06
2,177,01,PyTorch SIMD,1,1,2,0.0578,5.8e-05
2,178,10,Sequencial,1,1,3,0.0025,2e-06
2,178,10,PyTorch SIMD,1,1,3,0.0584,5.8e-05
2,179,10,Sequencial,1,1,3,0.0025,3e-06
2,179,10,PyTorch SIMD,1,1,3,0.0579,5.8e-05
2,180,01,Sequencial,1,1,2,0.0022,2e-06
2,180,01,PyTorch SIMD,1,1,2,0.0572,5.7e-05
2,181,11,Sequencial,1,1,4,0.0026,3e-06
2,181,11,PyTorch SIMD,1,1,4,0.0572,5.7e-05
2,182,11,Sequencial,1,1,4,0.0026,3e-06
2,182,11,PyTorch SIMD,1,1,4,0.0604,6e-05
2,183,10,Sequencial,1,1,3,0.0025,3e-06
2,183,10,PyTorch SIMD,1,1,3,0.0574,5.7e-05
2,184,10,Sequencial,1,1,3,0.0026,3e-06
2,184,10,PyTorch SIMD,1,1,3,0.0584,5.8e-05
2,185,10,Sequencial,1,1,3,0.0025,3e-06
2,185,10,PyTorch SIMD,1,1,3,0.0565,5.6e-05
2,186,01,Sequencial,1,1,2,0.0022,2e-06
2,186,01,PyTorch SIMD,1,1,2,0.0562,5.6e-05
2,187,11,Sequencial,1,1,4,0.0026,3e-06
2,187,11,PyTorch SIMD,1,1,4,0.0547,5.5e-05
2,188,10,Sequencial,1,1,3,0.0025,3e-06
2,188,10,PyTorch SIMD,1,1,3,0.0561,5.6e-05
2,189,11,Sequencial,1,1,4,0.0026,3e-06
2,189,11,PyTorch SIMD,1,1,4,0.0551,5.5e-05
2,190,10,Sequencial,1,1,3,0.0024,2e-06
2,190,10,PyTorch SIMD,1,1,3,0.0555,5.6e-05
2,191,11,Sequencial,1,1,4,0.0026,3e-06
2,191,11,PyTorch SIMD,1,1,4,0.055,5.5e-05
2,192,11,Sequencial,1,1,4,0.0025,2e-06
2,192,11,PyTorch SIMD,1,1,4,0.0544,5.4e-05
2,193,11,Sequencial,1,1,4,0.0026,3e-06
2,193,11,PyTorch SIMD,1,1,4,0.054,5.4e-05
2,194,10,Sequencial,1,1,3,0.0025,3e-06
2,194,10,PyTorch SIMD,1,1,3,0.0572,5.7e-05
2,195,01,Sequencial,1,1,2,0.0021,2e-06
2,195,01,PyTorch SIMD,1,1,2,0.057,5.7e-05
2,196,01,Sequencial,1,1,2,0.0021,2e-06
2,196,01,PyTorch SIMD,1,1,2,0.0565,5.7e-05
2,197,01,Sequencial,1,1,2,0.0021,2e-06
2,197,01,PyTorch SIMD,1,1,2,0.0553,5.5e-05
2,198,11,Sequencial,1,1,4,0.0025,3e-06
2,198,11,PyTorch SIMD,1,1,4,0.0547,5.5e-05
2,199,10,Sequencial,1,1,3,0.0024,2e-06
2,199,10,PyTorch SIMD,1,1,3,0.056,5.6e-05
2,200,10,Sequencial,1,1,3,0.0024,2e-06
2,200,10,PyTorch SIMD,1,1,3,0.0585,5.8e-05
2,201,01,Sequencial,1,1,2,0.0022,2e-06
2,201,01,PyTorch SIMD,1,1,2,0.056,5.6e-05
2,202,01,Sequencial,1,1,2,0.0021,2e-06
2,202,01,PyTorch SIMD,1,1,2,0.056,5.6e-05
2,203,01,Sequencial,1,1,2,0.0021,2e-06
2,203,01,PyTorch SIMD,1,1,2,0.0557,5.6e-05
2,204,01,Sequencial,1,1,2,0.0022,2e-06
2,204,01,PyTorch SIMD,1,1,2,0.0577,5.8e-05
2,205,01,Sequencial,1,1,2,0.0021,2e-06
2,205,01,PyTorch SIMD,1,1,2,0.0565,5.6e-05
2,206,11,Sequencial,1,1,4,0.0026,3e-06
2,206,11,PyTorch SIMD,1,1,4,0.0577,5.8e-05
2,207,10,Sequencial,1,1,3,0.0025,3e-06
2,207,10,PyTorch SIMD,1,1,3,0.0563,5.6e-05
2,208,11,Sequencial,1,1,4,0.0025,3e-06
2,208,11,PyTorch SIMD,1,1,4,0.0559,5.6e-05
2,209,11,Sequencial,1,1,4,0.0025,2e-06
2,209,11,PyTorch SIMD,1,1,4,0.055,5.5e-05
2,210,10,Sequencial,1,1,3,0.0025,2e-06
2,210,10,PyTorch SIMD,1,1,3,0.0619,6.2e-05
2,211,10,Sequencial,1,1,3,0.0025,3e-06
2,211,10,PyTorch SIMD,1,1,3,0.0571,5.7e-05
2,212,01,Sequencial,1,1,2,0.0021,2e-06
2,212,01,PyTorch SIMD,1,1,2,0.0561,5.6e-05
2,213,01,Sequencial,1,1,2,0.0021,2e-06
2,213,01,PyTorch SIMD,1,1,2,0.0561,5.6e-05
2,214,01,Sequencial,1,1,2,0.0022,2e-06
2,214,01,PyTorch SIMD,1,1,2,0.0589,5.9e-05
2,215,01,Sequencial,1,1,2,0.0021,2e-06
2,215,01,PyTorch SIMD,1,1,2,0.0564,5.6e-05
2,216,01,Sequencial,1,1,2,0.0021,2e-06
2,216,01,PyTorch SIMD,1,1,2,0.0571,5.7e-05
2,217,11,Sequencial,1,1,4,0.0026,3e-06
2,217,11,PyTorch SIMD,1,1,4,0.0572,5.7e-05
2,218,10,Sequencial,1,1,3,0.0025,3e-06
2,218,10,PyTorch SIMD,1,1,3,0.0574,5.7e-05
2,219,01,Sequencial,1,1,2,0.0022,2e-06
2,219,01,PyTorch SIMD,1,1,2,0.0576,5.8e-05
2,220,10,Sequencial,1,1,3,0.0026,3e-06
2,220,10,PyTorch SIMD,1,1,3,0.0577,5.8e-05
2,221,01,Sequencial,1,1,2,0.0021,2e-06
2,221,01,PyTorch SIMD,1,1,2,0.0579,5.8e-05
2,222,01,Sequencial,1,1,2,0.0021,2e-06
2,222,01,PyTorch SIMD,1,1,2,0.0571,5.7e-05
2,223,01,Sequencial,1,1,2,0.0021,2e-06
2,223,01,PyTorch SIMD,1,1,2,0.0576,5.8e-05
2,224,11,Sequencial,1,1,4,0.0027,3e-06
2,224,11,PyTorch SIMD,1,1,4,0.0575,5.7e-05
2,225,10,Sequencial,1,1,3,0.0025,3e-06
2,225,10,PyTorch SIMD,1,1,3,0.0636,6.4e-05
2,226,11,Sequencial,1,1,4,0.0027,3e-06
2,226,11,PyTorch SIMD,1,1,4,0.0625,6.3e-05
2,227,01,Sequencial,1,1,2,0.0022,2e-06
2,227,01,PyTorch SIMD,1,1,2,0.0583,5.8e-05
2,228,11,Sequencial,1,1,4,0.0026,3e-06
2,228,11,PyTorch SIMD,1,1,4,0.0577,5.8e-05
2,229,11,Sequencial,1,1,4,0.0027,3e-06
2,229,11,PyTorch SIMD,1,1,4,0.0563,5.6e-05
2,230,11,Sequencial,1,1,4,0.0026,3e-06
2,230,11,PyTorch SIMD,1,1,4,0.0568,5.7e-05
2,231,01,Sequencial,1,1,2,0.0022,2e-06
2,231,01,PyTorch SIMD,1,1,2,0.0587,5.9e-05
2,232,10,Sequencial,1,1,3,0.0025,2e-06
2,232,10,PyTorch SIMD,1,1,3,0.0578,5.8e-05
2,233,01,Sequencial,1,1,2,0.0022,2e-06
2,233,01,PyTorch SIMD,1,1,2,0.0584,5.8e-05
2,234,11,Sequencial,1,1,4,0.0027,3e-06
2,234,11,PyTorch SIMD,1,1,4,0.0561,5.6e-05
2,235,10,Sequencial,1,1,3,0.0024,2e-06
2,235,10,PyTorch SIMD,1,1,3,0.0568,5.7e-05
2,236,11,Sequencial,1,1,4,0.0025,3e-06
2,236,11,PyTorch SIMD,1,1,4,0.0554,5.5e-05
2,237,01,Sequencial,1,1,2,0.0022,2e-06
2,237,01,PyTorch SIMD,1,1,2,0.0624,6.2e-05
2,238,10,Sequencial,1,1,3,0.0025,2e-06
2,238,10,PyTorch SIMD,1,1,3,0.0607,6.1e-05
2,239,10,Sequencial,1,1,3,0.0025,3e-06
2,239,10,PyTorch SIMD,1,1,3,0.0574,5.7e-05
2,240,01,Sequencial,1,1,2,0.0022,2e-06
2,240,01,PyTorch SIMD,1,1,2,0.0574,5.7e-05
2,241,10,Sequencial,1,1,3,0.0025,3e-06
2,241,10,PyTorch SIMD,1,1,3,0.0576,5.8e-05
2,242,11,Sequencial,1,1,4,0.0026,3e-06
2,242,11,PyTorch SIMD,1,1,4,0.0557,5.6e-05
2,243,01,Sequencial,1,1,2,0.0021,2e-06
2,243,01,PyTorch SIMD,1,1,2,0.0582,5.8e-05
2,244,01,Sequencial,1,1,2,0.0022,2e-06
2,244,01,PyTorch SIMD,1,1,2,0.057,5.7e-05
2,245,11,Sequencial,1,1,4,0.0026,3e-06
2,245,11,PyTorch SIMD,1,1,4,0.0555,5.5e-05
2,246,10,Sequencial,1,1,3,0.0024,2e-06
2,246,10,PyTorch SIMD,1,1,3,0.0613,6.1e-05
2,247,11,Sequencial,1,1,4,0.0027,3e-06
2,247,11,PyTorch SIMD,1,1,4,0.0559,5.6e-05
2,248,01,Sequencial,1,1,2,0.0022,2e-06
2,248,01,PyTorch SIMD,1,1,2,0.0705,7e-05
2,249,11,Sequencial,1,1,4,0.0027,3e-06
2,249,11,PyTorch SIMD,1,1,4,0.0563,5.6e-05
2,250,10,Sequencial,1,1,3,0.0025,2e-06
2,250,10,PyTorch SIMD,1,1,3,0.0569,5.7e-05
3,1,100,Sequencial,1,1,4,0.0034,3e-06
3,1,100,PyTorch SIMD,1,1,4,0.077,7.7e-05
3,2,011,Sequencial,1,1,5,0.0033,3e-06
3,2,011,PyTorch SIMD,1,1,5,0.071,7.1e-05
3,3,010,Sequencial,1,1,3,0.003,3e-06
3,3,010,PyTorch SIMD,1,1,3,0.0635,6.4e-05
3,4,101,Sequencial,2,2,8,0.0046,5e-06
3,4,101,PyTorch SIMD,2,2,8,0.4774,0.000477
3,5,111,Sequencial,1,1,7,0.0049,5e-06
3,5,111,PyTorch SIMD,1,1,7,0.0679,6.8e-05
3,6,100,Sequencial,1,1,4,0.0033,3e-06
3,6,100,PyTorch SIMD,1,1,4,0.0608,6.1e-05
3,7,101,Sequencial,2,2,8,0.0043,4e-06
3,7,101,PyTorch SIMD,2,2,8,0.1944,0.000194
3,8,001,Sequencial,1,1,2,0.0029,3e-06
3,8,001,PyTorch SIMD,1,1,2,0.0642,6.4e-05
3,9,110,Sequencial,1,1,6,0.0036,4e-06
3,9,110,PyTorch SIMD,1,1,6,0.0592,5.9e-05
3,10,010,Sequencial,1,1,3,0.0031,3e-06
3,10,010,PyTorch SIMD,1,1,3,0.0707,7.1e-05
3,11,100,Sequencial,1,1,4,0.0032,3e-06
3,11,100,PyTorch SIMD,1,1,4,0.0727,7.3e-05
3,12,001,Sequencial,1,1,2,0.0027,3e-06
3,12,001,PyTorch SIMD,1,1,2,0.0649,6.5e-05
3,13,111,Sequencial,1,1,7,0.0039,4e-06
3,13,111,PyTorch SIMD,1,1,7,0.0585,5.9e-05
3,14,010,Sequencial,1,1,3,0.003,3e-06
3,14,010,PyTorch SIMD,1,1,3,0.0706,7.1e-05
3,15,111,Sequencial,1,1,7,0.0036,4e-06
3,15,111,PyTorch SIMD,1,1,7,0.0584,5.8e-05
3,16,010,Sequencial,1,1,3,0.0027,3e-06
3,16,010,PyTorch SIMD,1,1,3,0.0595,6e-05
3,17,110,Sequencial,1,1,6,0.0035,4e-06
3,17,110,PyTorch SIMD,1,1,6,0.0843,8.4e-05
3,18,101,Sequencial,2,2,8,0.0041,4e-06
3,18,101,PyTorch SIMD,2,2,8,0.2126,0.000213
3,19,101,Sequencial,2,2,8,0.0042,4e-06
3,19,101,PyTorch SIMD,2,2,8,0.1685,0.000169
3,20,100,Sequencial,1,1,4,0.0033,3e-06
3,20,100,PyTorch SIMD,1,1,4,0.0621,6.2e-05
3,21,100,Sequencial,1,1,4,0.0029,3e-06
3,21,100,PyTorch SIMD,1,1,4,0.0576,5.8e-05
3,22,001,Sequencial,1,1,2,0.0024,2e-06
3,22,001,PyTorch SIMD,1,1,2,0.0713,7.1e-05
3,23,100,Sequencial,1,1,4,0.0028,3e-06
3,23,100,PyTorch SIMD,1,1,4,0.0687,6.9e-05
3,24,010,Sequencial,1,1,3,0.0028,3e-06
3,24,010,PyTorch SIMD,1,1,3,0.0571,5.7e-05
3,25,001,Sequencial,1,1,2,0.0023,2e-06
3,25,001,PyTorch SIMD,1,1,2,0.0572,5.7e-05
3,26,001,Sequencial,1,1,2,0.0024,2e-06
3,26,001,PyTorch SIMD,1,1,2,0.0571,5.7e-05
3,27,100,Sequencial,1,1,4,0.0029,3e-06
3,27,100,PyTorch SIMD,1,1,4,0.0568,5.7e-05
3,28,010,Sequencial,1,1,3,0.0027,3e-06
3,28,010,PyTorch SIMD,1,1,3,0.0571,5.7e-05
3,29,100,Sequencial,1,1,4,0.0031,3e-06
3,29,100,PyTorch SIMD,1,1,4,0.0574,5.7e-05
3,30,100,Sequencial,1,1,4,0.0029,3e-06
3,30,100,PyTorch SIMD,1,1,4,0.0558,5.6e-05
3,31,100,Sequencial,1,1,4,0.0027,3e-06
3,31,100,PyTorch SIMD,1,1,4,0.0693,6.9e-05
3,32,111,Sequencial,1,1,7,0.0033,3e-06
3,32,111,PyTorch SIMD,1,1,7,0.0581,5.8e-05
3,33,010,Sequencial,1,1,3,0.0027,3e-06
3,33,010,PyTorch SIMD,1,1,3,0.0567,5.7e-05
3,34,011,Sequencial,1,1,5,0.0029,3e-06
3,34,011,PyTorch SIMD,1,1,5,0.0571,5.7e-05
3,35,001,Sequencial,1,1,2,0.0023,2e-06
3,35,001,PyTorch SIMD,1,1,2,0.0565,5.6e-05
3,36,110,Sequencial,1,1,6,0.0031,3e-06
3,36,110,PyTorch SIMD,1,1,6,0.0566,5.7e-05
3,37,110,Sequencial,1,1,6,0.003,3e-06
3,37,110,PyTorch SIMD,1,1,6,0.057,5.7e-05
3,38,010,Sequencial,1,1,3,0.0027,3e-06
3,38,010,PyTorch SIMD,1,1,3,0.0577,5.8e-05
3,39,001,Sequencial,1,1,2,0.0024,2e-06
3,39,001,PyTorch SIMD,1,1,2,0.0571,5.7e-05
3,40,111,Sequencial,1,1,7,0.0032,3e-06
3,40,111,PyTorch SIMD,1,1,7,0.0562,5.6e-05
3,41,110,Sequencial,1,1,6,0.003,3e-06
3,41,110,PyTorch SIMD,1,1,6,0.0571,5.7e-05
3,42,001,Sequencial,1,1,2,0.0023,2e-06
3,42,001,PyTorch SIMD,1,1,2,0.058,5.8e-05
3,43,101,Sequencial,2,2,8,0.004,4e-06
3,43,101,PyTorch SIMD,2,2,8,0.1921,0.000192
3,44,111,Sequencial,1,1,7,0.0035,3e-06
3,44,111,PyTorch SIMD,1,1,7,0.0589,5.9e-05
3,45,101,Sequencial,2,2,8,0.0038,4e-06
3,45,101,PyTorch SIMD,2,2,8,0.1792,0.000179
3,46,111,Sequencial,1,1,7,0.0035,4e-06
3,46,111,PyTorch SIMD,1,1,7,0.059,5.9e-05
3,47,101,Sequencial,2,2,8,0.0037,4e-06
3,47,101,PyTorch SIMD,2,2,8,0.1721,0.000172
3,48,100,Sequencial,1,1,4,0.0032,3e-06
3,48,100,PyTorch SIMD,1,1,4,0.0603,6e-05
3,49,101,Sequencial,2,2,8,0.0037,4e-06
3,49,101,PyTorch SIMD,2,2,8,0.1578,0.000158
3,50,001,Sequencial,1,1,2,0.0026,3e-06
3,50,001,PyTorch SIMD,1,1,2,0.0598,6e-05
3,51,011,Sequencial,1,1,5,0.003,3e-06
3,51,011,PyTorch SIMD,1,1,5,0.0589,5.9e-05
3,52,101,Sequencial,2,2,8,0.0037,4e-06
3,52,101,PyTorch SIMD,2,2,8,0.162,0.000162
3,53,110,Sequencial,1,1,6,0.0034,3e-06
3,53,110,PyTorch SIMD,1,1,6,0.0603,6e-05
3,54,001,Sequencial,1,1,2,0.0025,2e-06
3,54,001,PyTorch SIMD,1,1,2,0.0572,5.7e-05
3,55,001,Sequencial,1,1,2,0.0025,2e-06
3,55,001,PyTorch SIMD,1,1,2,0.0665,6.7e-05
3,56,101,Sequencial,2,2,8,0.0039,4e-06
3,56,101,PyTorch SIMD,2,2,8,0.1673,0.000167
3,57,010,Sequencial,1,1,3,0.003,3e-06
3,57,010,PyTorch SIMD,1,1,3,0.0608,6.1e-05
3,58,100,Sequencial,1,1,4,0.003,3e-06
3,58,100,PyTorch SIMD,1,1,4,0.0571,5.7e-05
3,59,111,Sequencial,1,1,7,0.003,3e-06
3,59,111,PyTorch SIMD,1,1,7,0.0551,5.5e-05
3,60,100,Sequencial,1,1,4,0.0028,3e-06
3,60,100,PyTorch SIMD,1,1,4,0.0599,6e-05
3,61,010,Sequencial,1,1,3,0.0027,3e-06
3,61,010,PyTorch SIMD,1,1,3,0.0579,5.8e-05
3,62,001,Sequencial,1,1,2,0.0036,4e-06
3,62,001,PyTorch SIMD,1,1,2,0.0627,6.3e-05
3,63,011,Sequencial,1,1,5,0.0031,3e-06
3,63,011,PyTorch SIMD,1,1,5,0.0606,6.1e-05
3,64,110,Sequencial,1,1,6,0.0058,6e-06
3,64,110,PyTorch SIMD,1,1,6,0.0565,5.7e-05
3,65,111,Sequencial,1,1,7,0.003,3e-06
3,65,111,PyTorch SIMD,1,1,7,0.0551,5.5e-05
3,66,100,Sequencial,1,1,4,0.0029,3e-06
3,66,100,PyTorch SIMD,1,1,4,0.0598,6e-05
3,67,001,Sequencial,1,1,2,0.0027,3e-06
3,67,001,PyTorch SIMD,1,1,2,0.0583,5.8e-05
3,68,111,Sequencial,1,1,7,0.0034,3e-06
3,68,111,PyTorch SIMD,1,1,7,0.0583,5.8e-05
3,69,111,Sequencial,1,1,7,0.0036,4e-06
3,69,111,PyTorch SIMD,1,1,7,0.0573,5.7e-05
3,70,001,Sequencial,1,1,2,0.0029,3e-06
3,70,001,PyTorch SIMD,1,1,2,0.0581,5.8e-05
3,71,101,Sequencial,2,2,8,0.0042,4e-06
3,71,101,PyTorch SIMD,2,2,8,0.1673,0.000167
3,72,110,Sequencial,1,1,6,0.0037,4e-06
3,72,110,PyTorch SIMD,1,1,6,0.0627,6.3e-05
3,73,010,Sequencial,1,1,3,0.0029,3e-06
3,73,010,PyTorch SIMD,1,1,3,0.0584,5.8e-05
3,74,001,Sequencial,1,1,2,0.0025,3e-06
3,74,001,PyTorch SIMD,1,1,2,0.079,7.9e-05
3,75,001,Sequencial,1,1,2,0.0025,3e-06
3,75,001,PyTorch SIMD,1,1,2,0.0616,6.2e-05
3,76,110,Sequencial,1,1,6,0.0032,3e-06
3,76,110,PyTorch SIMD,1,1,6,0.0591,5.9e-05
3,77,011,Sequencial,1,1,5,0.0031,3e-06
3,77,011,PyTorch SIMD,1,1,5,0.0583,5.8e-05
3,78,001,Sequencial,1,1,2,0.0025,2e-06
3,78,001,PyTorch SIMD,1,1,2,0.0618,6.2e-05
3,79,010,Sequencial,1,1,3,0.0029,3e-06
3,79,010,PyTorch SIMD,1,1,3,0.058,5.8e-05
3,80,101,Sequencial,2,2,8,0.0039,4e-06
3,80,101,PyTorch SIMD,2,2,8,0.165,0.000165
3,81,010,Sequencial,1,1,3,0.0032,3e-06
3,81,010,PyTorch SIMD,1,1,3,0.0624,6.2e-05
3,82,111,Sequencial,1,1,7,0.0034,3e-06
3,82,111,PyTorch SIMD,1,1,7,0.0569,5.7e-05
3,83,110,Sequencial,1,1,6,0.0031,3e-06
3,83,110,PyTorch SIMD,1,1,6,0.058,5.8e-05
3,84,101,Sequencial,2,2,8,0.0038,4e-06
3,84,101,PyTorch SIMD,2,2,8,0.177,0.000177
3,85,011,Sequencial,1,1,5,0.0033,3e-06
3,85,011,PyTorch SIMD,1,1,5,0.0618,6.2e-05
3,86,010,Sequencial,1,1,3,0.0029,3e-06
3,86,010,PyTorch SIMD,1,1,3,0.0587,5.9e-05
3,87,011,Sequencial,1,1,5,0.0031,3e-06
3,87,011,PyTorch SIMD,1,1,5,0.0592,5.9e-05
3,88,011,Sequencial,1,1,5,0.003,3e-06
3,88,011,PyTorch SIMD,1,1,5,0.0606,6.1e-05
3,89,101,Sequencial,2,2,8,0.0037,4e-06
3,89,101,PyTorch SIMD,2,2,8,0.1632,0.000163
3,90,001,Sequencial,1,1,2,0.0029,3e-06
3,90,001,PyTorch SIMD,1,1,2,0.0613,6.1e-05
3,91,011,Sequencial,1,1,5,0.0032,3e-06
3,91,011,PyTorch SIMD,1,1,5,0.0598,6e-05
3,92,100,Sequencial,1,1,4,0.003,3e-06
3,92,100,PyTorch SIMD,1,1,4,0.0623,6.2e-05
3,93,100,Sequencial,1,1,4,0.0029,3e-06
3,93,100,PyTorch SIMD,1,1,4,0.0603,6e-05
3,94,001,Sequencial,1,1,2,0.0025,3e-06
3,94,001,PyTorch SIMD,1,1,2,0.0586,5.9e-05
3,95,111,Sequencial,1,1,7,0.0032,3e-06
3,95,111,PyTorch SIMD,1,1,7,0.0564,5.6e-05
3,96,110,Sequencial,1,1,6,0.0031,3e-06
3,96,110,PyTorch SIMD,1,1,6,0.0574,5.7e-05
3,97,101,Sequencial,2,2,8,0.0037,4e-06
3,97,101,PyTorch SIMD,2,2,8,0.1917,0.000192
3,98,111,Sequencial,1,1,7,0.0036,4e-06
3,98,111,PyTorch SIMD,1,1,7,0.0608,6.1e-05
3,99,010,Sequencial,1,1,3,0.0028,3e-06
3,99,010,PyTorch SIMD,1,1,3,0.0587,5.9e-05
3,100,111,Sequencial,1,1,7,0.0035,3e-06
3,100,111,PyTorch SIMD,1,1,7,0.067,6.7e-05
3,101,001,Sequencial,1,1,2,0.0026,3e-06
3,101,001,PyTorch SIMD,1,1,2,0.0608,6.1e-05
3,102,100,Sequencial,1,1,4,0.0029,3e-06
3,102,100,PyTorch SIMD,1,1,4,0.0595,6e-05
3,103,110,Sequencial,1,1,6,0.0031,3e-06
3,103,110,PyTorch SIMD,1,1,6,0.0594,5.9e-05
3,104,101,Sequencial,2,2,8,0.0037,4e-06
3,104,101,PyTorch SIMD,2,2,8,0.1645,0.000164
3,105,100,Sequencial,1,1,4,0.0032,3e-06
3,105,100,PyTorch SIMD,1,1,4,0.0613,6.1e-05
3,106,101,Sequencial,2,2,8,0.0037,4e-06
3,106,101,PyTorch SIMD,2,2,8,0.1598,0.00016
3,107,100,Sequencial,1,1,4,0.0031,3e-06
3,107,100,PyTorch SIMD,1,1,4,0.0621,6.2e-05
3,108,110,Sequencial,1,1,6,0.003,3e-06
3,108,110,PyTorch SIMD,1,1,6,0.0594,5.9e-05
3,109,111,Sequencial,1,1,7,0.0032,3e-06
3,109,111,PyTorch SIMD,1,1,7,0.0603,6e-05
3,110,111,Sequencial,1,1,7,0.0032,3e-06
3,110,111,PyTorch SIMD,1,1,7,0.0572,5.7e-05
3,111,010,Sequencial,1,1,3,0.0028,3e-06
3,111,010,PyTorch SIMD,1,1,3,0.0579,5.8e-05
3,112,101,Sequencial,2,2,8,0.0037,4e-06
3,112,101,PyTorch SIMD,2,2,8,0.161,0.000161
3,113,110,Sequencial,1,1,6,0.0034,3e-06
3,113,110,PyTorch SIMD,1,1,6,0.0609,6.1e-05
3,114,100,Sequencial,1,1,4,0.0029,3e-06
3,114,100,PyTorch SIMD,1,1,4,0.0585,5.8e-05
3,115,111,Sequencial,1,1,7,0.0032,3e-06
3,115,111,PyTorch SIMD,1,1,7,0.0562,5.6e-05
3,116,001,Sequencial,1,1,2,0.0024,2e-06
3,116,001,PyTorch SIMD,1,1,2,0.0595,6e-05
3,117,110,Sequencial,1,1,6,0.0031,3e-06
3,117,110,PyTorch SIMD,1,1,6,0.0565,5.7e-05
3,118,011,Sequencial,1,1,5,0.0029,3e-06
3,118,011,PyTorch SIMD,1,1,5,0.0575,5.7e-05
3,119,011,Sequencial,1,1,5,0.003,3e-06
3,119,011,PyTorch SIMD,1,1,5,0.0565,5.7e-05
3,120,001,Sequencial,1,1,2,0.0024,2e-06
3,120,001,PyTorch SIMD,1,1,2,0.0583,5.8e-05
3,121,100,Sequencial,1,1,4,0.0028,3e-06
3,121,100,PyTorch SIMD,1,1,4,0.0564,5.6e-05
3,122,010,Sequencial,1,1,3,0.0027,3e-06
3,122,010,PyTorch SIMD,1,1,3,0.0572,5.7e-05
3,123,001,Sequencial,1,1,2,0.0024,2e-06
3,123,001,PyTorch SIMD,1,1,2,0.0566,5.7e-05
3,124,010,Sequencial,1,1,3,0.0028,3e-06
3,124,010,PyTorch SIMD,1,1,3,0.0656,6.6e-05
3,125,001,Sequencial,1,1,2,0.0033,3e-06
3,125,001,PyTorch SIMD,1,1,2,0.0701,7e-05
3,126,101,Sequencial,2,2,8,0.0039,4e-06
3,126,101,PyTorch SIMD,2,2,8,0.1748,0.000175
3,127,101,Sequencial,2,2,8,0.0041,4e-06
3,127,101,PyTorch SIMD,2,2,8,0.1619,0.000162
3,128,110,Sequencial,1,1,6,0.0035,3e-06
3,128,110,PyTorch SIMD,1,1,6,0.0606,6.1e-05
3,129,011,Sequencial,1,1,5,0.0031,3e-06
3,129,011,PyTorch SIMD,1,1,5,0.0594,5.9e-05
3,130,011,Sequencial,1,1,5,0.0029,3e-06
3,130,011,PyTorch SIMD,1,1,5,0.0573,5.7e-05
3,131,111,Sequencial,1,1,7,0.0029,3e-06
3,131,111,PyTorch SIMD,1,1,7,0.0557,5.6e-05
3,132,100,Sequencial,1,1,4,0.0028,3e-06
3,132,100,PyTorch SIMD,1,1,4,0.0576,5.8e-05
3,133,010,Sequencial,1,1,3,0.0027,3e-06
3,133,010,PyTorch SIMD,1,1,3,0.0573,5.7e-05
3,134,110,Sequencial,1,1,6,0.003,3e-06
3,134,110,PyTorch SIMD,1,1,6,0.0575,5.8e-05
3,135,010,Sequencial,1,1,3,0.0026,3e-06
3,135,010,PyTorch SIMD,1,1,3,0.0565,5.6e-05
3,136,011,Sequencial,1,1,5,0.0029,3e-06
3,136,011,PyTorch SIMD,1,1,5,0.0564,5.6e-05
3,137,010,Sequencial,1,1,3,0.0027,3e-06
3,137,010,PyTorch SIMD,1,1,3,0.0564,5.6e-05
3,138,011,Sequencial,1,1,5,0.0029,3e-06
3,138,011,PyTorch SIMD,1,1,5,0.0576,5.8e-05
3,139,010,Sequencial,1,1,3,0.0028,3e-06
3,139,010,PyTorch SIMD,1,1,3,0.0853,8.5e-05
3,140,110,Sequencial,1,1,6,0.0033,3e-06
3,140,110,PyTorch SIMD,1,1,6,0.0615,6.2e-05
3,141,101,Sequencial,2,2,8,0.0037,4e-06
3,141,101,PyTorch SIMD,2,2,8,0.262,0.000262
3,142,001,Sequencial,1,1,2,0.0029,3e-06
3,142,001,PyTorch SIMD,1,1,2,0.0683,6.8e-05
3,143,010,Sequencial,1,1,3,0.003,3e-06
3,143,010,PyTorch SIMD,1,1,3,0.0587,5.9e-05
3,144,001,Sequencial,1,1,2,0.0025,3e-06
3,144,001,PyTorch SIMD,1,1,2,0.0654,6.5e-05
3,145,101,Sequencial,2,2,8,0.0037,4e-06
3,145,101,PyTorch SIMD,2,2,8,0.163,0.000163
3,146,100,Sequencial,1,1,4,0.0031,3e-06
3,146,100,PyTorch SIMD,1,1,4,0.0607,6.1e-05
3,147,010,Sequencial,1,1,3,0.0028,3e-06
3,147,010,PyTorch SIMD,1,1,3,0.0604,6e-05
3,148,010,Sequencial,1,1,3,0.0028,3e-06
3,148,010,PyTorch SIMD,1,1,3,0.0587,5.9e-05
3,149,101,Sequencial,2,2,8,0.0038,4e-06
3,149,101,PyTorch SIMD,2,2,8,0.162,0.000162
3,150,010,Sequencial,1,1,3,0.003,3e-06
3,150,010,PyTorch SIMD,1,1,3,0.0614,6.1e-05
3,151,100,Sequencial,1,1,4,0.003,3e-06
3,151,100,PyTorch SIMD,1,1,4,0.0586,5.9e-05
3,152,100,Sequencial,1,1,4,0.003,3e-06
3,152,100,PyTorch SIMD,1,1,4,0.058,5.8e-05
3,153,011,Sequencial,1,1,5,0.003,3e-06
3,153,011,PyTorch SIMD,1,1,5,0.058,5.8e-05
3,154,010,Sequencial,1,1,3,0.0028,3e-06
3,154,010,PyTorch SIMD,1,1,3,0.0595,5.9e-05
3,155,100,Sequencial,1,1,4,0.003,3e-06
3,155,100,PyTorch SIMD,1,1,4,0.0586,5.9e-05
3,156,100,Sequencial,1,1,4,0.0029,3e-06
3,156,100,PyTorch SIMD,1,1,4,0.0618,6.2e-05
3,157,110,Sequencial,1,1,6,0.0031,3e-06
3,157,110,PyTorch SIMD,1,1,6,0.059,5.9e-05
3,158,111,Sequencial,1,1,7,0.0033,3e-06
3,158,111,PyTorch SIMD,1,1,7,0.0562,5.6e-05
3,159,010,Sequencial,1,1,3,0.0029,3e-06
3,159,010,PyTorch SIMD,1,1,3,0.0585,5.9e-05
3,160,100,Sequencial,1,1,4,0.003,3e-06
3,160,100,PyTorch SIMD,1,1,4,0.0582,5.8e-05
3,161,100,Sequencial,1,1,4,0.0029,3e-06
3,161,100,PyTorch SIMD,1,1,4,0.0576,5.8e-05
3,162,110,Sequencial,1,1,6,0.0032,3e-06
3,162,110,PyTorch SIMD,1,1,6,0.0581,5.8e-05
3,163,110,Sequencial,1,1,6,0.0033,3e-06
3,163,110,PyTorch SIMD,1,1,6,0.0577,5.8e-05
3,164,001,Sequencial,1,1,2,0.0025,3e-06
3,164,001,PyTorch SIMD,1,1,2,0.0598,6e-05
3,165,010,Sequencial,1,1,3,0.0029,3e-06
3,165,010,PyTorch SIMD,1,1,3,0.0588,5.9e-05
3,166,010,Sequencial,1,1,3,0.0028,3e-06
3,166,010,PyTorch SIMD,1,1,3,0.0583,5.8e-05
3,167,111,Sequencial,1,1,7,0.0033,3e-06
3,167,111,PyTorch SIMD,1,1,7,0.0562,5.6e-05
3,168,100,Sequencial,1,1,4,0.0028,3e-06
3,168,100,PyTorch SIMD,1,1,4,0.0578,5.8e-05
3,169,110,Sequencial,1,1,6,0.0031,3e-06
3,169,110,PyTorch SIMD,1,1,6,0.0593,5.9e-05
3,170,110,Sequencial,1,1,6,0.0031,3e-06
3,170,110,PyTorch SIMD,1,1,6,0.0614,6.1e-05
3,171,111,Sequencial,1,1,7,0.0033,3e-06
3,171,111,PyTorch SIMD,1,1,7,0.0571,5.7e-05
3,172,111,Sequencial,1,1,7,0.0032,3e-06
3,172,111,PyTorch SIMD,1,1,7,0.0561,5.6e-05
3,173,011,Sequencial,1,1,5,0.003,3e-06
3,173,011,PyTorch SIMD,1,1,5,0.0583,5.8e-05
3,174,110,Sequencial,1,1,6,0.0032,3e-06
3,174,110,PyTorch SIMD,1,1,6,0.0607,6.1e-05
3,175,101,Sequencial,2,2,8,0.0036,4e-06
3,175,101,PyTorch SIMD,2,2,8,0.1703,0.00017
3,176,011,Sequencial,1,1,5,0.0034,3e-06
3,176,011,PyTorch SIMD,1,1,5,0.0618,6.2e-05
3,177,001,Sequencial,1,1,2,0.0026,3e-06
3,177,001,PyTorch SIMD,1,1,2,0.0582,5.8e-05
3,178,111,Sequencial,1,1,7,0.0033,3e-06
3,178,111,PyTorch SIMD,1,1,7,0.0578,5.8e-05
3,179,101,Sequencial,2,2,8,0.0037,4e-06
3,179,101,PyTorch SIMD,2,2,8,0.1792,0.000179
3,180,110,Sequencial,1,1,6,0.0034,3e-06
3,180,110,PyTorch SIMD,1,1,6,0.0703,7e-05
3,181,111,Sequencial,1,1,7,0.0035,3e-06
3,181,111,PyTorch SIMD,1,1,7,0.0576,5.8e-05
3,182,001,Sequencial,1,1,2,0.0025,3e-06
3,182,001,PyTorch SIMD,1,1,2,0.0576,5.8e-05
3,183,100,Sequencial,1,1,4,0.0029,3e-06
3,183,100,PyTorch SIMD,1,1,4,0.0577,5.8e-05
3,184,010,Sequencial,1,1,3,0.0028,3e-06
3,184,010,PyTorch SIMD,1,1,3,0.0576,5.8e-05
3,185,001,Sequencial,1,1,2,0.0025,3e-06
3,185,001,PyTorch SIMD,1,1,2,0.0576,5.8e-05
3,186,111,Sequencial,1,1,7,0.0033,3e-06
3,186,111,PyTorch SIMD,1,1,7,0.0568,5.7e-05
3,187,001,Sequencial,1,1,2,0.0025,3e-06
3,187,001,PyTorch SIMD,1,1,2,0.0575,5.7e-05
3,188,111,Sequencial,1,1,7,0.0044,4e-06
3,188,111,PyTorch SIMD,1,1,7,0.0577,5.8e-05
3,189,001,Sequencial,1,1,2,0.0025,3e-06
3,189,001,PyTorch SIMD,1,1,2,0.0581,5.8e-05
3,190,111,Sequencial,1,1,7,0.0032,3e-06
3,190,111,PyTorch SIMD,1,1,7,0.0564,5.6e-05
3,191,001,Sequencial,1,1,2,0.0025,2e-06
3,191,001,PyTorch SIMD,1,1,2,0.0583,5.8e-05
3,192,011,Sequencial,1,1,5,0.003,3e-06
3,192,011,PyTorch SIMD,1,1,5,0.0587,5.9e-05
3,193,011,Sequencial,1,1,5,0.0031,3e-06
3,193,011,PyTorch SIMD,1,1,5,0.0579,5.8e-05
3,194,101,Sequencial,2,2,8,0.0037,4e-06
3,194,101,PyTorch SIMD,2,2,8,0.1694,0.000169
3,195,100,Sequencial,1,1,4,0.0033,3e-06
3,195,100,PyTorch SIMD,1,1,4,0.0609,6.1e-05
3,196,001,Sequencial,1,1,2,0.003,3e-06
3,196,001,PyTorch SIMD,1,1,2,0.069,6.9e-05
3,197,010,Sequencial,1,1,3,0.003,3e-06
3,197,010,PyTorch SIMD,1,1,3,0.061,6.1e-05
3,198,110,Sequencial,1,1,6,0.0033,3e-06
3,198,110,PyTorch SIMD,1,1,6,0.0607,6.1e-05
3,199,110,Sequencial,1,1,6,0.0032,3e-06
3,199,110,PyTorch SIMD,1,1,6,0.0593,5.9e-05
3,200,010,Sequencial,1,1,3,0.0027,3e-06
3,200,010,PyTorch SIMD,1,1,3,0.0592,5.9e-05
3,201,100,Sequencial,1,1,4,0.0029,3e-06
3,201,100,PyTorch SIMD,1,1,4,0.0587,5.9e-05
3,202,101,Sequencial,2,2,8,0.0039,4e-06
3,202,101,PyTorch SIMD,2,2,8,0.1729,0.000173
3,203,110,Sequencial,1,1,6,0.0035,4e-06
3,203,110,PyTorch SIMD,1,1,6,0.0627,6.3e-05
3,204,001,Sequencial,1,1,2,0.0026,3e-06
3,204,001,PyTorch SIMD,1,1,2,0.0587,5.9e-05
3,205,111,Sequencial,1,1,7,0.0034,3e-06
3,205,111,PyTorch SIMD,1,1,7,0.0566,5.7e-05
3,206,100,Sequencial,1,1,4,0.0028,3e-06
3,206,100,PyTorch SIMD,1,1,4,0.0576,5.8e-05
3,207,101,Sequencial,2,2,8,0.0038,4e-06
3,207,101,PyTorch SIMD,2,2,8,0.1614,0.000161
3,208,110,Sequencial,1,1,6,0.0035,3e-06
3,208,110,PyTorch SIMD,1,1,6,0.0632,6.3e-05
3,209,001,Sequencial,1,1,2,0.0026,3e-06
3,209,001,PyTorch SIMD,1,1,2,0.0634,6.3e-05
3,210,010,Sequencial,1,1,3,0.003,3e-06
3,210,010,PyTorch SIMD,1,1,3,0.0597,6e-05
3,211,001,Sequencial,1,1,2,0.0025,3e-06
3,211,001,PyTorch SIMD,1,1,2,0.0582,5.8e-05
3,212,011,Sequencial,1,1,5,0.0029,3e-06
3,212,011,PyTorch SIMD,1,1,5,0.0597,6e-05
3,213,010,Sequencial,1,1,3,0.0029,3e-06
3,213,010,PyTorch SIMD,1,1,3,0.0584,5.8e-05
3,214,101,Sequencial,2,2,8,0.0036,4e-06
3,214,101,PyTorch SIMD,2,2,8,0.1616,0.000162
3,215,100,Sequencial,1,1,4,0.0033,3e-06
3,215,100,PyTorch SIMD,1,1,4,0.0611,6.1e-05
3,216,100,Sequencial,1,1,4,0.0031,3e-06
3,216,100,PyTorch SIMD,1,1,4,0.0586,5.9e-05
3,217,001,Sequencial,1,1,2,0.0026,3e-06
3,217,001,PyTorch SIMD,1,1,2,0.0595,5.9e-05
3,218,010,Sequencial,1,1,3,0.003,3e-06
3,218,010,PyTorch SIMD,1,1,3,0.0619,6.2e-05
3,219,111,Sequencial,1,1,7,0.0034,3e-06
3,219,111,PyTorch SIMD,1,1,7,0.0569,5.7e-05
3,220,101,Sequencial,2,2,8,0.0058,6e-06
3,220,101,PyTorch SIMD,2,2,8,0.1619,0.000162
3,221,110,Sequencial,1,1,6,0.0035,3e-06
3,221,110,PyTorch SIMD,1,1,6,0.0614,6.1e-05
3,222,001,Sequencial,1,1,2,0.0026,3e-06
3,222,001,PyTorch SIMD,1,1,2,0.0757,7.6e-05
3,223,111,Sequencial,1,1,7,0.0034,3e-06
3,223,111,PyTorch SIMD,1,1,7,0.0577,5.8e-05
3,224,010,Sequencial,1,1,3,0.0028,3e-06
3,224,010,PyTorch SIMD,1,1,3,0.0579,5.8e-05
3,225,111,Sequencial,1,1,7,0.0034,3e-06
3,225,111,PyTorch SIMD,1,1,7,0.0563,5.6e-05
3,226,101,Sequencial,2,2,8,0.0037,4e-06
3,226,101,PyTorch SIMD,2,2,8,0.1634,0.000163
3,227,010,Sequencial,1,1,3,0.0032,3e-06
3,227,010,PyTorch SIMD,1,1,3,0.0649,6.5e-05
3,228,101,Sequencial,2,2,8,0.0037,4e-06
3,228,101,PyTorch SIMD,2,2,8,0.1853,0.000185
3,229,100,Sequencial,1,1,4,0.0032,3e-06
3,229,100,PyTorch SIMD,1,1,4,0.0607,6.1e-05
3,230,001,Sequencial,1,1,2,0.0025,3e-06
3,230,001,PyTorch SIMD,1,1,2,0.0926,9.3e-05
3,231,110,Sequencial,1,1,6,0.0034,3e-06
3,231,110,PyTorch SIMD,1,1,6,0.061,6.1e-05
3,232,011,Sequencial,1,1,5,0.004,4e-06
3,232,011,PyTorch SIMD,1,1,5,0.0675,6.7e-05
3,233,001,Sequencial,1,1,2,0.0026,3e-06
3,233,001,PyTorch SIMD,1,1,2,0.0595,6e-05
3,234,111,Sequencial,1,1,7,0.0033,3e-06
3,234,111,PyTorch SIMD,1,1,7,0.0572,5.7e-05
3,235,100,Sequencial,1,1,4,0.0029,3e-06
3,235,100,PyTorch SIMD,1,1,4,0.0575,5.8e-05
3,236,110,Sequencial,1,1,6,0.0032,3e-06
3,236,110,PyTorch SIMD,1,1,6,0.0602,6e-05
3,237,010,Sequencial,1,1,3,0.0029,3e-06
3,237,010,PyTorch SIMD,1,1,3,0.0629,6.3e-05
3,238,011,Sequencial,1,1,5,0.0031,3e-06
3,238,011,PyTorch SIMD,1,1,5,0.0578,5.8e-05
3,239,110,Sequencial,1,1,6,0.0031,3e-06
3,239,110,PyTorch SIMD,1,1,6,0.0581,5.8e-05
3,240,010,Sequencial,1,1,3,0.0029,3e-06
3,240,010,PyTorch SIMD,1,1,3,0.0595,6e-05
3,241,111,Sequencial,1,1,7,0.0032,3e-06
3,241,111,PyTorch SIMD,1,1,7,0.0561,5.6e-05
3,242,101,Sequencial,2,2,8,0.0063,6e-06
3,242,101,PyTorch SIMD,2,2,8,0.1659,0.000166
3,243,001,Sequencial,1,1,2,0.0028,3e-06
3,243,001,PyTorch SIMD,1,1,2,0.0613,6.1e-05
3,244,101,Sequencial,2,2,8,0.0039,4e-06
3,244,101,PyTorch SIMD,2,2,8,0.1594,0.000159
3,245,110,Sequencial,1,1,6,0.0035,3e-06
3,245,110,PyTorch SIMD,1,1,6,0.0611,6.1e-05
3,246,001,Sequencial,1,1,2,0.0026,3e-06
3,246,001,PyTorch SIMD,1,1,2,0.0583,5.8e-05
3,247,111,Sequencial,1,1,7,0.0032,3e-06
3,247,111,PyTorch SIMD,1,1,7,0.0565,5.7e-05
3,248,001,Sequencial,1,1,2,0.0024,2e-06
3,248,001,PyTorch SIMD,1,1,2,0.0572,5.7e-05
3,249,100,Sequencial,1,1,4,0.0029,3e-06
3,249,100,PyTorch SIMD,1,1,4,0.0579,5.8e-05
3,250,111,Sequencial,1,1,7,0.0033,3e-06
3,250,111,PyTorch SIMD,1,1,7,0.0573,5.7e-05
4,1,0011,Sequencial,1,1,6,0.0038,4e-06
4,1,0011,PyTorch SIMD,1,1,6,0.0682,6.8e-05
4,2,0111,Sequencial,1,1,9,0.0208,2.1e-05
4,2,0111,PyTorch SIMD,1,1,9,0.0646,6.5e-05
4,3,1110,Sequencial,1,1,10,0.0039,4e-06
4,3,1110,PyTorch SIMD,1,1,10,0.0606,6.1e-05
4,4,1101,Sequencial,2,2,14,0.005,5e-06
4,4,1101,PyTorch SIMD,2,2,14,0.1668,0.000167
4,5,1011,Sequencial,2,4,16,0.0065,7e-06
4,5,1011,PyTorch SIMD,2,4,16,0.1803,0.00018
4,6,0010,Sequencial,1,1,3,0.0034,3e-06
4,6,0010,PyTorch SIMD,1,1,3,0.0643,6.4e-05
4,7,1000,Sequencial,1,1,5,0.0072,7e-06
4,7,1000,PyTorch SIMD,1,1,5,0.0663,6.6e-05
4,8,0001,Sequencial,1,1,2,0.0026,3e-06
4,8,0001,PyTorch SIMD,1,1,2,0.0627,6.3e-05
4,9,1101,Sequencial,2,2,14,0.0048,5e-06
4,9,1101,PyTorch SIMD,2,2,14,0.1625,0.000162
4,10,0110,Sequencial,1,1,7,0.0038,4e-06
4,10,0110,PyTorch SIMD,1,1,7,0.0708,7.1e-05
4,11,0011,Sequencial,1,1,6,0.0033,3e-06
4,11,0011,PyTorch SIMD,1,1,6,0.06,6e-05
4,12,1101,Sequencial,2,2,14,0.0047,5e-06
4,12,1101,PyTorch SIMD,2,2,14,0.162,0.000162
4,13,1111,Sequencial,1,1,11,0.0045,5e-06
4,13,1111,PyTorch SIMD,1,1,11,0.0605,6.1e-05
4,14,0011,Sequencial,1,1,6,0.0034,3e-06
4,14,0011,PyTorch SIMD,1,1,6,0.0591,5.9e-05
4,15,0110,Sequencial,1,1,7,0.0035,3e-06
4,15,0110,PyTorch SIMD,1,1,7,0.0597,6e-05
4,16,1111,Sequencial,1,1,11,0.004,4e-06
4,16,1111,PyTorch SIMD,1,1,11,0.0582,5.8e-05
4,17,1101,Sequencial,2,2,14,0.0046,5e-06
4,17,1101,PyTorch SIMD,2,2,14,0.1727,0.000173
4,18,1101,Sequencial,2,2,14,0.005,5e-06
4,18,1101,PyTorch SIMD,2,2,14,0.1607,0.000161
4,19,0101,Sequencial,2,2,12,0.0046,5e-06
4,19,0101,PyTorch SIMD,2,2,12,0.1605,0.000161
4,20,1110,Sequencial,1,1,10,0.0041,4e-06
4,20,1110,PyTorch SIMD,1,1,10,0.0629,6.3e-05
4,21,0110,Sequencial,1,1,7,0.0035,3e-06
4,21,0110,PyTorch SIMD,1,1,7,0.0598,6e-05
4,22,0100,Sequencial,1,1,4,0.0031,3e-06
4,22,0100,PyTorch SIMD,1,1,4,0.0593,5.9e-05
4,23,0001,Sequencial,1,1,2,0.0028,3e-06
4,23,0001,PyTorch SIMD,1,1,2,0.0599,6e-05
4,24,1100,Sequencial,1,1,8,0.0036,4e-06
4,24,1100,PyTorch SIMD,1,1,8,0.0591,5.9e-05
4,25,0011,Sequencial,1,1,6,0.0033,3e-06
4,25,0011,PyTorch SIMD,1,1,6,0.0585,5.9e-05
4,26,1011,Sequencial,2,4,16,0.0175,1.8e-05
4,26,1011,PyTorch SIMD,2,4,16,0.1757,0.000176
4,27,1000,Sequencial,1,1,5,0.0035,4e-06
4,27,1000,PyTorch SIMD,1,1,5,0.063,6.3e-05
4,28,0010,Sequencial,1,1,3,0.003,3e-06
4,28,0010,PyTorch SIMD,1,1,3,0.0589,5.9e-05
4,29,0110,Sequencial,1,1,7,0.0036,4e-06
4,29,0110,PyTorch SIMD,1,1,7,0.0583,5.8e-05
4,30,1001,Sequencial,2,2,13,0.0045,4e-06
4,30,1001,PyTorch SIMD,2,2,13,0.1604,0.00016
4,31,0111,Sequencial,1,1,9,0.0039,4e-06
4,31,0111,PyTorch SIMD,1,1,9,0.0617,6.2e-05
4,32,1011,Sequencial,2,4,16,0.0058,6e-06
4,32,1011,PyTorch SIMD,2,4,16,0.1718,0.000172
4,33,0010,Sequencial,1,1,3,0.0034,3e-06
4,33,0010,PyTorch SIMD,1,1,3,0.0657,6.6e-05
4,34,1100,Sequencial,1,1,8,0.0064,6e-06
4,34,1100,PyTorch SIMD,1,1,8,0.0615,6.1e-05
4,35,1100,Sequencial,1,1,8,0.0037,4e-06
4,35,1100,PyTorch SIMD,1,1,8,0.0594,5.9e-05
4,36,1110,Sequencial,1,1,10,0.0038,4e-06
4,36,1110,PyTorch SIMD,1,1,10,0.0603,6e-05
4,37,1000,Sequencial,1,1,5,0.0032,3e-06
4,37,1000,PyTorch SIMD,1,1,5,0.0593,5.9e-05
4,38,1100,Sequencial,1,1,8,0.0034,3e-06
4,38,1100,PyTorch SIMD,1,1,8,0.059,5.9e-05
4,39,1101,Sequencial,2,2,14,0.0048,5e-06
4,39,1101,PyTorch SIMD,2,2,14,0.1625,0.000162
4,40,1110,Sequencial,1,1,10,0.004,4e-06
4,40,1110,PyTorch SIMD,1,1,10,0.0624,6.2e-05
4,41,1100,Sequencial,1,1,8,0.0038,4e-06
4,41,1100,PyTorch SIMD,1,1,8,0.0681,6.8e-05
4,42,0110,Sequencial,1,1,7,0.0036,4e-06
4,42,0110,PyTorch SIMD,1,1,7,0.061,6.1e-05
4,43,1101,Sequencial,2,2,14,0.0046,5e-06
4,43,1101,PyTorch SIMD,2,2,14,0.1647,0.000165
4,44,1000,Sequencial,1,1,5,0.0036,4e-06
4,44,1000,PyTorch SIMD,1,1,5,0.0623,6.2e-05
4,45,1011,Sequencial,2,4,16,0.0057,6e-06
4,45,1011,PyTorch SIMD,2,4,16,0.2168,0.000217
4,46,1100,Sequencial,1,1,8,0.0039,4e-06
4,46,1100,PyTorch SIMD,1,1,8,0.0635,6.4e-05
4,47,0110,Sequencial,1,1,7,0.0036,4e-06
4,47,0110,PyTorch SIMD,1,1,7,0.0603,6e-05
4,48,0100,Sequencial,1,1,4,0.0032,3e-06
4,48,0100,PyTorch SIMD,1,1,4,0.0597,6e-05
4,49,1100,Sequencial,1,1,8,0.0035,4e-06
4,49,1100,PyTorch SIMD,1,1,8,0.059,5.9e-05
4,50,1010,Sequencial,2,3,15,0.005,5e-06
4,50,1010,PyTorch SIMD,2,3,15,0.1675,0.000167
4,51,1011,Sequencial,2,4,16,0.0063,6e-06
4,51,1011,PyTorch SIMD,2,4,16,0.165,0.000165
4,52,0110,Sequencial,1,1,7,0.0039,4e-06
4,52,0110,PyTorch SIMD,1,1,7,0.0616,6.2e-05
4,53,1100,Sequencial,1,1,8,0.0035,3e-06
4,53,1100,PyTorch SIMD,1,1,8,0.0598,6e-05
4,54,0011,Sequencial,1,1,6,0.0034,3e-06
4,54,0011,PyTorch SIMD,1,1,6,0.0588,5.9e-05
4,55,0001,Sequencial,1,1,2,0.0027,3e-06
4,55,0001,PyTorch SIMD,1,1,2,0.06,6e-05
4,56,0110,Sequencial,1,1,7,0.0034,3e-06
4,56,0110,PyTorch SIMD,1,1,7,0.0589,5.9e-05
4,57,0111,Sequencial,1,1,9,0.0037,4e-06
4,57,0111,PyTorch SIMD,1,1,9,0.0589,5.9e-05
4,58,1110,Sequencial,1,1,10,0.0038,4e-06
4,58,1110,PyTorch SIMD,1,1,10,0.0611,6.1e-05
4,59,0100,Sequencial,1,1,4,0.0032,3e-06
4,59,0100,PyTorch SIMD,1,1,4,0.0591,5.9e-05
4,60,1000,Sequencial,1,1,5,0.0032,3e-06
4,60,1000,PyTorch SIMD,1,1,5,0.0586,5.9e-05
4,61,0111,Sequencial,1,1,9,0.0038,4e-06
4,61,0111,PyTorch SIMD,1,1,9,0.059,5.9e-05
4,62,1001,Sequencial,2,2,13,0.0044,4e-06
4,62,1001,PyTorch SIMD,2,2,13,0.1614,0.000161
4,63,1010,Sequencial,2,3,15,0.0053,5e-06
4,63,1010,PyTorch SIMD,2,3,15,0.1671,0.000167
4,64,0010,Sequencial,1,1,3,0.0033,3e-06
4,64,0010,PyTorch SIMD,1,1,3,0.0621,6.2e-05
4,65,1000,Sequencial,1,1,5,0.0034,3e-06
4,65,1000,PyTorch SIMD,1,1,5,0.0637,6.4e-05
4,66,1000,Sequencial,1,1,5,0.0033,3e-06
4,66,1000,PyTorch SIMD,1,1,5,0.0595,6e-05
4,67,1100,Sequencial,1,1,8,0.0035,4e-06
4,67,1100,PyTorch SIMD,1,1,8,0.0593,5.9e-05
4,68,0010,Sequencial,1,1,3,0.003,3e-06
4,68,0010,PyTorch SIMD,1,1,3,0.0598,6e-05
4,69,1101,Sequencial,2,2,14,0.0046,5e-06
4,69,1101,PyTorch SIMD,2,2,14,0.1614,0.000161
4,70,0011,Sequencial,1,1,6,0.0038,4e-06
4,70,0011,PyTorch SIMD,1,1,6,0.0675,6.8e-05
4,71,1001,Sequencial,2,2,13,0.0045,4e-06
4,71,1001,PyTorch SIMD,2,2,13,0.166,0.000166
4,72,1011,Sequencial,2,4,16,0.006,6e-06
4,72,1011,PyTorch SIMD,2,4,16,0.1646,0.000165
4,73,1110,Sequencial,1,1,10,0.0042,4e-06
4,73,1110,PyTorch SIMD,1,1,10,0.0624,6.2e-05
4,74,1101,Sequencial,2,2,14,0.0047,5e-06
4,74,1101,PyTorch SIMD,2,2,14,0.1589,0.000159
4,75,0010,Sequencial,1,1,3,0.0034,3e-06
4,75,0010,PyTorch SIMD,1,1,3,0.0635,6.3e-05
4,76,1011,Sequencial,2,4,16,0.0058,6e-06
4,76,1011,PyTorch SIMD,2,4,16,0.1749,0.000175
4,77,0101,Sequencial,2,2,12,0.0048,5e-06
4,77,0101,PyTorch SIMD,2,2,12,0.1685,0.000168
4,78,0101,Sequencial,2,2,12,0.0046,5e-06
4,78,0101,PyTorch SIMD,2,2,12,0.1754,0.000175
4,79,1000,Sequencial,1,1,5,0.0051,5e-06
4,79,1000,PyTorch SIMD,1,1,5,0.0896,9e-05
4,80,1100,Sequencial,1,1,8,0.0041,4e-06
4,80,1100,PyTorch SIMD,1,1,8,0.0763,7.6e-05
4,81,0010,Sequencial,1,1,3,0.0033,3e-06
4,81,0010,PyTorch SIMD,1,1,3,0.0702,7e-05
4,82,1100,Sequencial,1,1,8,0.0036,4e-06
4,82,1100,PyTorch SIMD,1,1,8,0.0599,6e-05
4,83,0010,Sequencial,1,1,3,0.003,3e-06
4,83,0010,PyTorch SIMD,1,1,3,0.0592,5.9e-05
4,84,0101,Sequencial,2,2,12,0.0048,5e-06
4,84,0101,PyTorch SIMD,2,2,12,0.1655,0.000166
4,85,1111,Sequencial,1,1,11,0.0042,4e-06
4,85,1111,PyTorch SIMD,1,1,11,0.0609,6.1e-05
4,86,1111,Sequencial,1,1,11,0.0039,4e-06
4,86,1111,PyTorch SIMD,1,1,11,0.058,5.8e-05
4,87,1011,Sequencial,2,4,16,0.0057,6e-06
4,87,1011,PyTorch SIMD,2,4,16,0.1633,0.000163
4,88,0111,Sequencial,1,1,9,0.004,4e-06
4,88,0111,PyTorch SIMD,1,1,9,0.0632,6.3e-05
4,89,0010,Sequencial,1,1,3,0.0032,3e-06
4,89,0010,PyTorch SIMD,1,1,3,0.0603,6e-05
4,90,1100,Sequencial,1,1,8,0.0038,4e-06
4,90,1100,PyTorch SIMD,1,1,8,0.0592,5.9e-05
4,91,1010,Sequencial,2,3,15,0.0052,5e-06
4,91,1010,PyTorch SIMD,2,3,15,0.1713,0.000171
4,92,1111,Sequencial,1,1,11,0.0041,4e-06
4,92,1111,PyTorch SIMD,1,1,11,0.0614,6.1e-05
4,93,1101,Sequencial,2,2,14,0.0047,5e-06
4,93,1101,PyTorch SIMD,2,2,14,0.1617,0.000162
4,94,0010,Sequencial,1,1,3,0.0035,3e-06
4,94,0010,PyTorch SIMD,1,1,3,0.0635,6.4e-05
4,95,1000,Sequencial,1,1,5,0.0033,3e-06
4,95,1000,PyTorch SIMD,1,1,5,0.0592,5.9e-05
4,96,1000,Sequencial,1,1,5,0.0032,3e-06
4,96,1000,PyTorch SIMD,1,1,5,0.0593,5.9e-05
4,97,0001,Sequencial,1,1,2,0.0027,3e-06
4,97,0001,PyTorch SIMD,1,1,2,0.0621,6.2e-05
4,98,1011,Sequencial,2,4,16,0.006,6e-06
4,98,1011,PyTorch SIMD,2,4,16,0.1853,0.000185
4,99,0010,Sequencial,1,1,3,0.0033,3e-06
4,99,0010,PyTorch SIMD,1,1,3,0.0607,6.1e-05
4,100,0110,Sequencial,1,1,7,0.0035,4e-06
4,100,0110,PyTorch SIMD,1,1,7,0.0585,5.9e-05
4,101,1000,Sequencial,1,1,5,0.0033,3e-06
4,101,1000,PyTorch SIMD,1,1,5,0.0578,5.8e-05
4,102,0001,Sequencial,1,1,2,0.0027,3e-06
4,102,0001,PyTorch SIMD,1,1,2,0.0581,5.8e-05
4,103,1110,Sequencial,1,1,10,0.0196,2e-05
4,103,1110,PyTorch SIMD,1,1,10,0.0595,6e-05
4,104,1110,Sequencial,1,1,10,0.0036,4e-06
4,104,1110,PyTorch SIMD,1,1,10,0.0622,6.2e-05
4,105,0100,Sequencial,1,1,4,0.0029,3e-06
4,105,0100,PyTorch SIMD,1,1,4,0.0607,6.1e-05
4,106,0111,Sequencial,1,1,9,0.0036,4e-06
4,106,0111,PyTorch SIMD,1,1,9,0.0589,5.9e-05
4,107,1000,Sequencial,1,1,5,0.0031,3e-06
4,107,1000,PyTorch SIMD,1,1,5,0.058,5.8e-05
4,108,0111,Sequencial,1,1,9,0.0034,3e-06
4,108,0111,PyTorch SIMD,1,1,9,0.0615,6.1e-05
4,109,0001,Sequencial,1,1,2,0.0026,3e-06
4,109,0001,PyTorch SIMD,1,1,2,0.0742,7.4e-05
4,110,1001,Sequencial,2,2,13,0.0046,5e-06
4,110,1001,PyTorch SIMD,2,2,13,0.1739,0.000174
4,111,0010,Sequencial,1,1,3,0.0034,3e-06
4,111,0010,PyTorch SIMD,1,1,3,0.062,6.2e-05
4,112,0010,Sequencial,1,1,3,0.0063,6e-06
4,112,0010,PyTorch SIMD,1,1,3,0.0652,6.5e-05
4,113,1001,Sequencial,2,2,13,0.0044,4e-06
4,113,1001,PyTorch SIMD,2,2,13,0.1635,0.000164
4,114,1100,Sequencial,1,1,8,0.004,4e-06
4,114,1100,PyTorch SIMD,1,1,8,0.0768,7.7e-05
4,115,1001,Sequencial,2,2,13,0.0046,5e-06
4,115,1001,PyTorch SIMD,2,2,13,0.1659,0.000166
4,116,0011,Sequencial,1,1,6,0.0038,4e-06
4,116,0011,PyTorch SIMD,1,1,6,0.0632,6.3e-05
4,117,1011,Sequencial,2,4,16,0.006,6e-06
4,117,1011,PyTorch SIMD,2,4,16,0.1647,0.000165
4,118,1011,Sequencial,2,4,16,0.0059,6e-06
4,118,1011,PyTorch SIMD,2,4,16,0.1641,0.000164
4,119,1010,Sequencial,2,3,15,0.0054,5e-06
4,119,1010,PyTorch SIMD,2,3,15,0.1647,0.000165
4,120,1000,Sequencial,1,1,5,0.0035,4e-06
4,120,1000,PyTorch SIMD,1,1,5,0.062,6.2e-05
4,121,1010,Sequencial,2,3,15,0.0052,5e-06
4,121,1010,PyTorch SIMD,2,3,15,0.1634,0.000163
4,122,1110,Sequencial,1,1,10,0.0071,7e-06
4,122,1110,PyTorch SIMD,1,1,10,0.0655,6.5e-05
4,123,0011,Sequencial,1,1,6,0.0035,4e-06
4,123,0011,PyTorch SIMD,1,1,6,0.0616,6.2e-05
4,124,1100,Sequencial,1,1,8,0.0037,4e-06
4,124,1100,PyTorch SIMD,1,1,8,0.059,5.9e-05
4,125,0011,Sequencial,1,1,6,0.0033,3e-06
4,125,0011,PyTorch SIMD,1,1,6,0.0596,6e-05
4,126,1000,Sequencial,1,1,5,0.0032,3e-06
4,126,1000,PyTorch SIMD,1,1,5,0.0582,5.8e-05
4,127,1011,Sequencial,2,4,16,0.0057,6e-06
4,127,1011,PyTorch SIMD,2,4,16,0.165,0.000165
4,128,0111,Sequencial,1,1,9,0.0041,4e-06
4,128,0111,PyTorch SIMD,1,1,9,0.0629,6.3e-05
4,129,0001,Sequencial,1,1,2,0.0028,3e-06
4,129,0001,PyTorch SIMD,1,1,2,0.0648,6.5e-05
4,130,0011,Sequencial,1,1,6,0.0034,3e-06
4,130,0011,PyTorch SIMD,1,1,6,0.058,5.8e-05
4,131,1100,Sequencial,1,1,8,0.0036,4e-06
4,131,1100,PyTorch SIMD,1,1,8,0.0573,5.7e-05
4,132,0111,Sequencial,1,1,9,0.0035,4e-06
4,132,0111,PyTorch SIMD,1,1,9,0.0596,6e-05
4,133,1101,Sequencial,2,2,14,0.0045,5e-06
4,133,1101,PyTorch SIMD,2,2,14,0.1765,0.000177
4,134,1010,Sequencial,2,3,15,0.0052,5e-06
4,134,1010,PyTorch SIMD,2,3,15,0.1613,0.000161
4,135,1001,Sequencial,2,2,13,0.0047,5e-06
4,135,1001,PyTorch SIMD,2,2,13,0.1785,0.000178
4,136,0111,Sequencial,1,1,9,0.0041,4e-06
4,136,0111,PyTorch SIMD,1,1,9,0.0649,6.5e-05
4,137,1111,Sequencial,1,1,11,0.0038,4e-06
4,137,1111,PyTorch SIMD,1,1,11,0.0568,5.7e-05
4,138,0110,Sequencial,1,1,7,0.0034,3e-06
4,138,0110,PyTorch SIMD,1,1,7,0.0575,5.8e-05
4,139,1101,Sequencial,2,2,14,0.0046,5e-06
4,139,1101,PyTorch SIMD,2,2,14,0.1664,0.000166
4,140,1110,Sequencial,1,1,10,0.0041,4e-06
4,140,1110,PyTorch SIMD,1,1,10,0.0622,6.2e-05
4,141,1111,Sequencial,1,1,11,0.0039,4e-06
4,141,1111,PyTorch SIMD,1,1,11,0.0579,5.8e-05
4,142,1000,Sequencial,1,1,5,0.0033,3e-06
4,142,1000,PyTorch SIMD,1,1,5,0.0585,5.9e-05
4,143,0101,Sequencial,2,2,12,0.0045,5e-06
4,143,0101,PyTorch SIMD,2,2,12,0.176,0.000176
4,144,1011,Sequencial,2,4,16,0.006,6e-06
4,144,1011,PyTorch SIMD,2,4,16,0.1636,0.000164
4,145,0101,Sequencial,2,2,12,0.0046,5e-06
4,145,0101,PyTorch SIMD,2,2,12,0.1722,0.000172
4,146,0110,Sequencial,1,1,7,0.004,4e-06
4,146,0110,PyTorch SIMD,1,1,7,0.064,6.4e-05
4,147,1111,Sequencial,1,1,11,0.0039,4e-06
4,147,1111,PyTorch SIMD,1,1,11,0.0584,5.8e-05
4,148,0100,Sequencial,1,1,4,0.0031,3e-06
4,148,0100,PyTorch SIMD,1,1,4,0.0588,5.9e-05
4,149,0100,Sequencial,1,1,4,0.0032,3e-06
4,149,0100,PyTorch SIMD,1,1,4,0.059,5.9e-05
4,150,1110,Sequencial,1,1,10,0.0037,4e-06
4,150,1110,PyTorch SIMD,1,1,10,0.059,5.9e-05
4,151,0010,Sequencial,1,1,3,0.0031,3e-06
4,151,0010,PyTorch SIMD,1,1,3,0.0585,5.8e-05
4,152,0111,Sequencial,1,1,9,0.0036,4e-06
4,152,0111,PyTorch SIMD,1,1,9,0.0601,6e-05
4,153,1010,Sequencial,2,3,15,0.0051,5e-06
4,153,1010,PyTorch SIMD,2,3,15,0.1686,0.000169
4,154,1011,Sequencial,2,4,16,0.0062,6e-06
4,154,1011,PyTorch SIMD,2,4,16,0.1655,0.000166
4,155,0001,Sequencial,1,1,2,0.003,3e-06
4,155,0001,PyTorch SIMD,1,1,2,0.0622,6.2e-05
4,156,1110,Sequencial,1,1,10,0.0039,4e-06
4,156,1110,PyTorch SIMD,1,1,10,0.0599,6e-05
4,157,1110,Sequencial,1,1,10,0.0037,4e-06
4,157,1110,PyTorch SIMD,1,1,10,0.0591,5.9e-05
4,158,1110,Sequencial,1,1,10,0.0036,4e-06
4,158,1110,PyTorch SIMD,1,1,10,0.059,5.9e-05
4,159,1000,Sequencial,1,1,5,0.0031,3e-06
4,159,1000,PyTorch SIMD,1,1,5,0.0589,5.9e-05
4,160,1000,Sequencial,1,1,5,0.0032,3e-06
4,160,1000,PyTorch SIMD,1,1,5,0.0589,5.9e-05
4,161,0011,Sequencial,1,1,6,0.0034,3e-06
4,161,0011,PyTorch SIMD,1,1,6,0.0599,6e-05
4,162,1010,Sequencial,2,3,15,0.0055,5e-06
4,162,1010,PyTorch SIMD,2,3,15,0.1693,0.000169
4,163,0110,Sequencial,1,1,7,0.0042,4e-06
4,163,0110,PyTorch SIMD,1,1,7,0.0631,6.3e-05
4,164,0111,Sequencial,1,1,9,0.0043,4e-06
4,164,0111,PyTorch SIMD,1,1,9,0.0614,6.1e-05
4,165,0001,Sequencial,1,1,2,0.0029,3e-06
4,165,0001,PyTorch SIMD,1,1,2,0.0577,5.8e-05
4,166,0001,Sequencial,1,1,2,0.0028,3e-06
4,166,0001,PyTorch SIMD,1,1,2,0.0578,5.8e-05
4,167,1010,Sequencial,2,3,15,0.005,5e-06
4,167,1010,PyTorch SIMD,2,3,15,0.1612,0.000161
4,168,1111,Sequencial,1,1,11,0.0048,5e-06
4,168,1111,PyTorch SIMD,1,1,11,0.0781,7.8e-05
4,169,1011,Sequencial,2,4,16,0.0062,6e-06
4,169,1011,PyTorch SIMD,2,4,16,0.1776,0.000178
4,170,1010,Sequencial,2,3,15,0.0052,5e-06
4,170,1010,PyTorch SIMD,2,3,15,0.1855,0.000185
4,171,0100,Sequencial,1,1,4,0.0035,3e-06
4,171,0100,PyTorch SIMD,1,1,4,0.0618,6.2e-05
4,172,1001,Sequencial,2,2,13,0.0046,5e-06
4,172,1001,PyTorch SIMD,2,2,13,0.1594,0.000159
4,173,0110,Sequencial,1,1,7,0.0038,4e-06
4,173,0110,PyTorch SIMD,1,1,7,0.0619,6.2e-05
4,174,1101,Sequencial,2,2,14,0.0046,5e-06
4,174,1101,PyTorch SIMD,2,2,14,0.1615,0.000162
4,175,0011,Sequencial,1,1,6,0.0037,4e-06
4,175,0011,PyTorch SIMD,1,1,6,0.0623,6.2e-05
4,176,0011,Sequencial,1,1,6,0.0033,3e-06
4,176,0011,PyTorch SIMD,1,1,6,0.0599,6e-05
4,177,0101,Sequencial,2,2,12,0.0043,4e-06
4,177,0101,PyTorch SIMD,2,2,12,0.1801,0.00018
4,178,0011,Sequencial,1,1,6,0.0037,4e-06
4,178,0011,PyTorch SIMD,1,1,6,0.0624,6.2e-05
4,179,1111,Sequencial,1,1,11,0.0039,4e-06
4,179,1111,PyTorch SIMD,1,1,11,0.0586,5.9e-05
4,180,1000,Sequencial,1,1,5,0.0032,3e-06
4,180,1000,PyTorch SIMD,1,1,5,0.0687,6.9e-05
4,181,0101,Sequencial,2,2,12,0.0073,7e-06
4,181,0101,PyTorch SIMD,2,2,12,0.1623,0.000162
4,182,0101,Sequencial,2,2,12,0.0046,5e-06
4,182,0101,PyTorch SIMD,2,2,12,0.1625,0.000163
4,183,1001,Sequencial,2,2,13,0.0046,5e-06
4,183,1001,PyTorch SIMD,2,2,13,0.1805,0.00018
4,184,1010,Sequencial,2,3,15,0.0054,5e-06
4,184,1010,PyTorch SIMD,2,3,15,0.1703,0.00017
4,185,1001,Sequencial,2,2,13,0.0046,5e-06
4,185,1001,PyTorch SIMD,2,2,13,0.1618,0.000162
4,186,0111,Sequencial,1,1,9,0.0039,4e-06
4,186,0111,PyTorch SIMD,1,1,9,0.062,6.2e-05
4,187,0100,Sequencial,1,1,4,0.0032,3e-06
4,187,0100,PyTorch SIMD,1,1,4,0.0594,5.9e-05
4,188,0110,Sequencial,1,1,7,0.0034,3e-06
4,188,0110,PyTorch SIMD,1,1,7,0.0592,5.9e-05
4,189,0010,Sequencial,1,1,3,0.003,3e-06
4,189,0010,PyTorch SIMD,1,1,3,0.0591,5.9e-05
4,190,1011,Sequencial,2,4,16,0.0058,6e-06
4,190,1011,PyTorch SIMD,2,4,16,0.1681,0.000168
4,191,1100,Sequencial,1,1,8,0.0041,4e-06
4,191,1100,PyTorch SIMD,1,1,8,0.07,7e-05
4,192,1010,Sequencial,2,3,15,0.0053,5e-06
4,192,1010,PyTorch SIMD,2,3,15,0.1718,0.000172
4,193,0001,Sequencial,1,1,2,0.0054,5e-06
4,193,0001,PyTorch SIMD,1,1,2,0.0628,6.3e-05
4,194,0110,Sequencial,1,1,7,0.0036,4e-06
4,194,0110,PyTorch SIMD,1,1,7,0.0596,6e-05
4,195,1111,Sequencial,1,1,11,0.0039,4e-06
4,195,1111,PyTorch SIMD,1,1,11,0.0574,5.7e-05
4,196,0011,Sequencial,1,1,6,0.0032,3e-06
4,196,0011,PyTorch SIMD,1,1,6,0.0585,5.9e-05
4,197,1111,Sequencial,1,1,11,0.0037,4e-06
4,197,1111,PyTorch SIMD,1,1,11,0.0567,5.7e-05
4,198,0011,Sequencial,1,1,6,0.0033,3e-06
4,198,0011,PyTorch SIMD,1,1,6,0.0583,5.8e-05
4,199,0101,Sequencial,2,2,12,0.0043,4e-06
4,199,0101,PyTorch SIMD,2,2,12,0.1605,0.00016
4,200,0111,Sequencial,1,1,9,0.004,4e-06
4,200,0111,PyTorch SIMD,1,1,9,0.0622,6.2e-05
4,201,1101,Sequencial,2,2,14,0.0048,5e-06
4,201,1101,PyTorch SIMD,2,2,14,0.1707,0.000171
4,202,1000,Sequencial,1,1,5,0.0036,4e-06
4,202,1000,PyTorch SIMD,1,1,5,0.0656,6.6e-05
4,203,1000,Sequencial,1,1,5,0.0031,3e-06
4,203,1000,PyTorch SIMD,1,1,5,0.0598,6e-05
4,204,1101,Sequencial,2,2,14,0.0046,5e-06
4,204,1101,PyTorch SIMD,2,2,14,0.1634,0.000163
4,205,0010,Sequencial,1,1,3,0.0034,3e-06
4,205,0010,PyTorch SIMD,1,1,3,0.0619,6.2e-05
4,206,1011,Sequencial,2,4,16,0.0055,5e-06
4,206,1011,PyTorch SIMD,2,4,16,0.1632,0.000163
4,207,0100,Sequencial,1,1,4,0.0036,4e-06
4,207,0100,PyTorch SIMD,1,1,4,0.0622,6.2e-05
4,208,1101,Sequencial,2,2,14,0.0046,5e-06
4,208,1101,PyTorch SIMD,2,2,14,0.1686,0.000169
4,209,0001,Sequencial,1,1,2,0.003,3e-06
4,209,0001,PyTorch SIMD,1,1,2,0.0622,6.2e-05
4,210,0001,Sequencial,1,1,2,0.0027,3e-06
4,210,0001,PyTorch SIMD,1,1,2,0.0603,6e-05
4,211,0010,Sequencial,1,1,3,0.003,3e-06
4,211,0010,PyTorch SIMD,1,1,3,0.0603,6e-05
4,212,1010,Sequencial,2,3,15,0.0051,5e-06
4,212,1010,PyTorch SIMD,2,3,15,0.1736,0.000174
4,213,0100,Sequencial,1,1,4,0.0035,4e-06
4,213,0100,PyTorch SIMD,1,1,4,0.0616,6.2e-05
4,214,0111,Sequencial,1,1,9,0.0037,4e-06
4,214,0111,PyTorch SIMD,1,1,9,0.0591,5.9e-05
4,215,0100,Sequencial,1,1,4,0.0033,3e-06
4,215,0100,PyTorch SIMD,1,1,4,0.0585,5.8e-05
4,216,0001,Sequencial,1,1,2,0.0027,3e-06
4,216,0001,PyTorch SIMD,1,1,2,0.0579,5.8e-05
4,217,1001,Sequencial,2,2,13,0.0046,5e-06
4,217,1001,PyTorch SIMD,2,2,13,0.1898,0.00019
4,218,1000,Sequencial,1,1,5,0.0035,3e-06
4,218,1000,PyTorch SIMD,1,1,5,0.0625,6.3e-05
4,219,0011,Sequencial,1,1,6,0.0035,3e-06
4,219,0011,PyTorch SIMD,1,1,6,0.0624,6.2e-05
4,220,1100,Sequencial,1,1,8,0.0035,4e-06
4,220,1100,PyTorch SIMD,1,1,8,0.0588,5.9e-05
4,221,1001,Sequencial,2,2,13,0.0044,4e-06
4,221,1001,PyTorch SIMD,2,2,13,0.1619,0.000162
4,222,0100,Sequencial,1,1,4,0.0034,3e-06
4,222,0100,PyTorch SIMD,1,1,4,0.0624,6.2e-05
4,223,1100,Sequencial,1,1,8,0.0036,4e-06
4,223,1100,PyTorch SIMD,1,1,8,0.0605,6e-05
4,224,1100,Sequencial,1,1,8,0.0036,4e-06
4,224,1100,PyTorch SIMD,1,1,8,0.0587,5.9e-05
4,225,1001,Sequencial,2,2,13,0.0069,7e-06
4,225,1001,PyTorch SIMD,2,2,13,0.1614,0.000161
4,226,1011,Sequencial,2,4,16,0.0062,6e-06
4,226,1011,PyTorch SIMD,2,4,16,0.1642,0.000164
4,227,1010,Sequencial,2,3,15,0.0053,5e-06
4,227,1010,PyTorch SIMD,2,3,15,0.1651,0.000165
4,228,0001,Sequencial,1,1,2,0.0032,3e-06
4,228,0001,PyTorch SIMD,1,1,2,0.0703,7e-05
4,229,0001,Sequencial,1,1,2,0.0029,3e-06
4,229,0001,PyTorch SIMD,1,1,2,0.0605,6.1e-05
4,230,1111,Sequencial,1,1,11,0.0039,4e-06
4,230,1111,PyTorch SIMD,1,1,11,0.0583,5.8e-05
4,231,0010,Sequencial,1,1,3,0.0029,3e-06
4,231,0010,PyTorch SIMD,1,1,3,0.0585,5.9e-05
4,232,1000,Sequencial,1,1,5,0.0033,3e-06
4,232,1000,PyTorch SIMD,1,1,5,0.0589,5.9e-05
4,233,1101,Sequencial,2,2,14,0.0046,5e-06
4,233,1101,PyTorch SIMD,2,2,14,0.1646,0.000165
4,234,1000,Sequencial,1,1,5,0.0035,4e-06
4,234,1000,PyTorch SIMD,1,1,5,0.0621,6.2e-05
4,235,0101,Sequencial,2,2,12,0.0044,4e-06
4,235,0101,PyTorch SIMD,2,2,12,0.1642,0.000164
4,236,0100,Sequencial,1,1,4,0.0035,3e-06
4,236,0100,PyTorch SIMD,1,1,4,0.0624,6.2e-05
4,237,0001,Sequencial,1,1,2,0.0027,3e-06
4,237,0001,PyTorch SIMD,1,1,2,0.0589,5.9e-05
4,238,1101,Sequencial,2,2,14,0.0047,5e-06
4,238,1101,PyTorch SIMD,2,2,14,0.1599,0.00016
4,239,0100,Sequencial,1,1,4,0.0035,3e-06
4,239,0100,PyTorch SIMD,1,1,4,0.0614,6.1e-05
4,240,1110,Sequencial,1,1,10,0.0038,4e-06
4,240,1110,PyTorch SIMD,1,1,10,0.06,6e-05
4,241,1011,Sequencial,2,4,16,0.0057,6e-06
4,241,1011,PyTorch SIMD,2,4,16,0.1655,0.000166
4,242,1010,Sequencial,2,3,15,0.0053,5e-06
4,242,1010,PyTorch SIMD,2,3,15,0.1659,0.000166
4,243,1010,Sequencial,2,3,15,0.0053,5e-06
4,243,1010,PyTorch SIMD,2,3,15,0.165,0.000165
4,244,1000,Sequencial,1,1,5,0.0035,3e-06
4,244,1000,PyTorch SIMD,1,1,5,0.0814,8.1e-05
4,245,0011,Sequencial,1,1,6,0.0036,4e-06
4,245,0011,PyTorch SIMD,1,1,6,0.0658,6.6e-05
4,246,1000,Sequencial,1,1,5,0.0033,3e-06
4,246,1000,PyTorch SIMD,1,1,5,0.0604,6e-05
4,247,1010,Sequencial,2,3,15,0.005,5e-06
4,247,1010,PyTorch SIMD,2,3,15,0.1661,0.000166
4,248,1110,Sequencial,1,1,10,0.004,4e-06
4,248,1110,PyTorch SIMD,1,1,10,0.0624,6.2e-05
4,249,1000,Sequencial,1,1,5,0.0032,3e-06
4,249,1000,PyTorch SIMD,1,1,5,0.0596,6e-05
4,250,0010,Sequencial,1,1,3,0.003,3e-06
4,250,0010,PyTorch SIMD,1,1,3,0.0587,5.9e-05
5,1,11110,Sequencial,1,1,15,0.005,5e-06
5,1,11110,PyTorch SIMD,1,1,15,0.0696,7e-05
5,2,10101,Sequencial,3,17,32,0.0189,1.9e-05
5,2,10101,PyTorch SIMD,3,17,32,0.2891,0.000289
5,3,10111,Sequencial,2,5,30,0.0102,1e-05
5,3,10111,PyTorch SIMD,2,5,30,0.1738,0.000174
5,4,00001,Sequencial,1,1,2,0.0032,3e-06
5,4,00001,PyTorch SIMD,1,1,2,0.0637,6.4e-05
5,5,00101,Sequencial,2,2,17,0.0051,5e-06
5,5,00101,PyTorch SIMD,2,2,17,0.1999,0.0002
5,6,01100,Sequencial,1,1,9,0.0044,4e-06
5,6,01100,PyTorch SIMD,1,1,9,0.071,7.1e-05
5,7,01100,Sequencial,1,1,9,0.0084,8e-06
5,7,01100,PyTorch SIMD,1,1,9,0.0764,7.6e-05
5,8,10001,Sequencial,2,2,19,0.0053,5e-06
5,8,10001,PyTorch SIMD,2,2,19,0.17,0.00017
5,9,11000,Sequencial,1,1,10,0.0045,4e-06
5,9,11000,PyTorch SIMD,1,1,10,0.0647,6.5e-05
5,10,10010,Sequencial,2,3,24,0.0072,7e-06
5,10,10010,PyTorch SIMD,2,3,24,0.1707,0.000171
5,11,01111,Sequencial,1,1,14,0.0046,5e-06
5,11,01111,PyTorch SIMD,1,1,14,0.0633,6.3e-05
5,12,11110,Sequencial,1,1,15,0.0044,4e-06
5,12,11110,PyTorch SIMD,1,1,15,0.0633,6.3e-05
5,13,10000,Sequencial,1,1,6,0.0037,4e-06
5,13,10000,PyTorch SIMD,1,1,6,0.0607,6.1e-05
5,14,01111,Sequencial,1,1,14,0.0045,5e-06
5,14,01111,PyTorch SIMD,1,1,14,0.0619,6.2e-05
5,15,01011,Sequencial,2,4,27,0.023,2.3e-05
5,15,01011,PyTorch SIMD,2,4,27,0.1788,0.000179
5,16,11000,Sequencial,1,1,10,0.0044,4e-06
5,16,11000,PyTorch SIMD,1,1,10,0.0666,6.7e-05
5,17,10010,Sequencial,2,3,24,0.0077,8e-06
5,17,10010,PyTorch SIMD,2,3,24,0.1683,0.000168
5,18,00110,Sequencial,1,1,8,0.0041,4e-06
5,18,00110,PyTorch SIMD,1,1,8,0.0623,6.2e-05
5,19,11001,Sequencial,2,2,21,0.0072,7e-06
5,19,11001,PyTorch SIMD,2,2,21,0.166,0.000166
5,20,10010,Sequencial,2,3,24,0.0078,8e-06
5,20,10010,PyTorch SIMD,2,3,24,0.1783,0.000178
5,21,01000,Sequencial,1,1,5,0.0037,4e-06
5,21,01000,PyTorch SIMD,1,1,5,0.0632,6.3e-05
5,22,01101,Sequencial,2,2,20,0.0066,7e-06
5,22,01101,PyTorch SIMD,2,2,20,0.1766,0.000177
5,23,00001,Sequencial,1,1,2,0.0033,3e-06
5,23,00001,PyTorch SIMD,1,1,2,0.0633,6.3e-05
5,24,00100,Sequencial,1,1,4,0.0035,3e-06
5,24,00100,PyTorch SIMD,1,1,4,0.0601,6e-05
5,25,10011,Sequencial,2,6,31,0.0098,1e-05
5,25,10011,PyTorch SIMD,2,6,31,0.1697,0.00017
5,26,10110,Sequencial,2,5,29,0.0093,9e-06
5,26,10110,PyTorch SIMD,2,5,29,0.1689,0.000169
5,27,10011,Sequencial,2,6,31,0.0099,1e-05
5,27,10011,PyTorch SIMD,2,6,31,0.1777,0.000178
5,28,10001,Sequencial,2,2,19,0.0054,5e-06
5,28,10001,PyTorch SIMD,2,2,19,0.1691,0.000169
5,29,11100,Sequencial,1,1,13,0.0046,5e-06
5,29,11100,PyTorch SIMD,1,1,13,0.0637,6.4e-05
5,30,11010,Sequencial,2,3,25,0.008,8e-06
5,30,11010,PyTorch SIMD,2,3,25,0.1688,0.000169
5,31,00111,Sequencial,1,1,11,0.0043,4e-06
5,31,00111,PyTorch SIMD,1,1,11,0.0629,6.3e-05
5,32,11111,Sequencial,1,1,16,0.0046,5e-06
5,32,11111,PyTorch SIMD,1,1,16,0.0587,5.9e-05
5,33,00100,Sequencial,1,1,4,0.0034,3e-06
5,33,00100,PyTorch SIMD,1,1,4,0.061,6.1e-05
5,34,10110,Sequencial,2,5,29,0.0095,9e-06
5,34,10110,PyTorch SIMD,2,5,29,0.1798,0.00018
5,35,00001,Sequencial,1,1,2,0.0032,3e-06
5,35,00001,PyTorch SIMD,1,1,2,0.0621,6.2e-05
5,36,00110,Sequencial,1,1,8,0.0039,4e-06
5,36,00110,PyTorch SIMD,1,1,8,0.06,6e-05
5,37,00110,Sequencial,1,1,8,0.0037,4e-06
5,37,00110,PyTorch SIMD,1,1,8,0.0596,6e-05
5,38,10011,Sequencial,2,6,31,0.0097,1e-05
5,38,10011,PyTorch SIMD,2,6,31,0.1679,0.000168
5,39,01000,Sequencial,1,1,5,0.0055,6e-06
5,39,01000,PyTorch SIMD,1,1,5,0.0649,6.5e-05
5,40,00010,Sequencial,1,1,3,0.0034,3e-06
5,40,00010,PyTorch SIMD,1,1,3,0.0602,6e-05
5,41,10010,Sequencial,2,3,24,0.0076,8e-06
5,41,10010,PyTorch SIMD,2,3,24,0.1685,0.000168
5,42,10000,Sequencial,1,1,6,0.004,4e-06
5,42,10000,PyTorch SIMD,1,1,6,0.0632,6.3e-05
5,43,01011,Sequencial,2,4,27,0.008,8e-06
5,43,01011,PyTorch SIMD,2,4,27,0.1736,0.000174
5,44,01110,Sequencial,1,1,12,0.0045,4e-06
5,44,01110,PyTorch SIMD,1,1,12,0.0632,6.3e-05
5,45,01110,Sequencial,1,1,12,0.0041,4e-06
5,45,01110,PyTorch SIMD,1,1,12,0.0603,6e-05
5,46,10011,Sequencial,2,6,31,0.0101,1e-05
5,46,10011,PyTorch SIMD,2,6,31,0.1684,0.000168
5,47,10001,Sequencial,2,2,19,0.0055,6e-06
5,47,10001,PyTorch SIMD,2,2,19,0.1644,0.000164
5,48,00100,Sequencial,1,1,4,0.0038,4e-06
5,48,00100,PyTorch SIMD,1,1,4,0.0669,6.7e-05
5,49,10100,Sequencial,2,4,26,0.0088,9e-06
5,49,10100,PyTorch SIMD,2,4,26,0.201,0.000201
5,50,11001,Sequencial,2,2,21,0.0073,7e-06
5,50,11001,PyTorch SIMD,2,2,21,0.1808,0.000181
5,51,10100,Sequencial,2,4,26,0.0087,9e-06
5,51,10100,PyTorch SIMD,2,4,26,0.1796,0.00018
5,52,01100,Sequencial,1,1,9,0.0044,4e-06
5,52,01100,PyTorch SIMD,1,1,9,0.0637,6.4e-05
5,53,01110,Sequencial,1,1,12,0.0042,4e-06
5,53,01110,PyTorch SIMD,1,1,12,0.0607,6.1e-05
5,54,11111,Sequencial,1,1,16,0.0045,4e-06
5,54,11111,PyTorch SIMD,1,1,16,0.0592,5.9e-05
5,55,01001,Sequencial,2,2,18,0.005,5e-06
5,55,01001,PyTorch SIMD,2,2,18,0.1748,0.000175
5,56,00101,Sequencial,2,2,17,0.0088,9e-06
5,56,00101,PyTorch SIMD,2,2,17,0.1658,0.000166
5,57,10010,Sequencial,2,3,24,0.0079,8e-06
5,57,10010,PyTorch SIMD,2,3,24,0.1684,0.000168
5,58,10001,Sequencial,2,2,19,0.0056,6e-06
5,58,10001,PyTorch SIMD,2,2,19,0.1648,0.000165
5,59,10101,Sequencial,3,17,32,0.0173,1.7e-05
5,59,10101,PyTorch SIMD,3,17,32,0.269,0.000269
5,60,00010,Sequencial,1,1,3,0.0036,4e-06
5,60,00010,PyTorch SIMD,1,1,3,0.0636,6.4e-05
5,61,01111,Sequencial,1,1,14,0.0046,5e-06
5,61,01111,PyTorch SIMD,1,1,14,0.0647,6.5e-05
5,62,00011,Sequencial,1,1,7,0.0034,3e-06
5,62,00011,PyTorch SIMD,1,1,7,0.0604,6e-05
5,63,00101,Sequencial,2,2,17,0.0048,5e-06
5,63,00101,PyTorch SIMD,2,2,17,0.1664,0.000166
5,64,01100,Sequencial,1,1,9,0.0041,4e-06
5,64,01100,PyTorch SIMD,1,1,9,0.0632,6.3e-05
5,65,00010,Sequencial,1,1,3,0.0033,3e-06
5,65,00010,PyTorch SIMD,1,1,3,0.0605,6e-05
5,66,10111,Sequencial,2,5,30,0.0091,9e-06
5,66,10111,PyTorch SIMD,2,5,30,0.1931,0.000193
5,67,11010,Sequencial,2,3,25,0.0128,1.3e-05
5,67,11010,PyTorch SIMD,2,3,25,0.2493,0.000249
5,68,11101,Sequencial,2,2,22,0.0078,8e-06
5,68,11101,PyTorch SIMD,2,2,22,0.1768,0.000177
5,69,01111,Sequencial,1,1,14,0.0047,5e-06
5,69,01111,PyTorch SIMD,1,1,14,0.0654,6.5e-05
5,70,01000,Sequencial,1,1,5,0.0037,4e-06
5,70,01000,PyTorch SIMD,1,1,5,0.0715,7.2e-05
5,71,01100,Sequencial,1,1,9,0.0041,4e-06
5,71,01100,PyTorch SIMD,1,1,9,0.0621,6.2e-05
5,72,11101,Sequencial,2,2,22,0.0069,7e-06
5,72,11101,PyTorch SIMD,2,2,22,0.17,0.00017
5,73,10100,Sequencial,2,4,26,0.0088,9e-06
5,73,10100,PyTorch SIMD,2,4,26,0.1724,0.000172
5,74,01000,Sequencial,1,1,5,0.0039,4e-06
5,74,01000,PyTorch SIMD,1,1,5,0.0639,6.4e-05
5,75,00010,Sequencial,1,1,3,0.0035,3e-06
5,75,00010,PyTorch SIMD,1,1,3,0.0611,6.1e-05
5,76,10011,Sequencial,2,6,31,0.0101,1e-05
5,76,10011,PyTorch SIMD,2,6,31,0.2131,0.000213
5,77,00111,Sequencial,1,1,11,0.0045,4e-06
5,77,00111,PyTorch SIMD,1,1,11,0.0667,6.7e-05
5,78,11010,Sequencial,2,3,25,0.0078,8e-06
5,78,11010,PyTorch SIMD,2,3,25,0.1735,0.000174
5,79,10000,Sequencial,1,1,6,0.004,4e-06
5,79,10000,PyTorch SIMD,1,1,6,0.0633,6.3e-05
5,80,01111,Sequencial,1,1,14,0.0043,4e-06
5,80,01111,PyTorch SIMD,1,1,14,0.062,6.2e-05
5,81,11100,Sequencial,1,1,13,0.0041,4e-06
5,81,11100,PyTorch SIMD,1,1,13,0.0602,6e-05
5,82,11010,Sequencial,2,3,25,0.008,8e-06
5,82,11010,PyTorch SIMD,2,3,25,0.1701,0.00017
5,83,11001,Sequencial,2,2,21,0.0072,7e-06
5,83,11001,PyTorch SIMD,2,2,21,0.1676,0.000168
5,84,11011,Sequencial,2,4,28,0.0088,9e-06
5,84,11011,PyTorch SIMD,2,4,28,0.1689,0.000169
5,85,11100,Sequencial,1,1,13,0.0045,5e-06
5,85,11100,PyTorch SIMD,1,1,13,0.0626,6.3e-05
5,86,01111,Sequencial,1,1,14,0.0044,4e-06
5,86,01111,PyTorch SIMD,1,1,14,0.0619,6.2e-05
5,87,10010,Sequencial,2,3,24,0.0076,8e-06
5,87,10010,PyTorch SIMD,2,3,24,0.1743,0.000174
5,88,11100,Sequencial,1,1,13,0.0048,5e-06
5,88,11100,PyTorch SIMD,1,1,13,0.0662,6.6e-05
5,89,01100,Sequencial,1,1,9,0.0073,7e-06
5,89,01100,PyTorch SIMD,1,1,9,0.0607,6.1e-05
5,90,10000,Sequencial,1,1,6,0.0037,4e-06
5,90,10000,PyTorch SIMD,1,1,6,0.0599,6e-05
5,91,10101,Sequencial,3,17,32,0.0174,1.7e-05
5,91,10101,PyTorch SIMD,3,17,32,0.2766,0.000277
5,92,11100,Sequencial,1,1,13,0.0047,5e-06
5,92,11100,PyTorch SIMD,1,1,13,0.0641,6.4e-05
5,93,01110,Sequencial,1,1,12,0.0043,4e-06
5,93,01110,PyTorch SIMD,1,1,12,0.0605,6.1e-05
5,94,11101,Sequencial,2,2,22,0.0073,7e-06
5,94,11101,PyTorch SIMD,2,2,22,0.169,0.000169
5,95,01010,Sequencial,2,3,23,0.0076,8e-06
5,95,01010,PyTorch SIMD,2,3,23,0.1948,0.000195
5,96,00100,Sequencial,1,1,4,0.0036,4e-06
5,96,00100,PyTorch SIMD,1,1,4,0.0644,6.4e-05
5,97,10010,Sequencial,2,3,24,0.0078,8e-06
5,97,10010,PyTorch SIMD,2,3,24,0.1697,0.00017
5,98,00011,Sequencial,1,1,7,0.0042,4e-06
5,98,00011,PyTorch SIMD,1,1,7,0.0631,6.3e-05
5,99,11111,Sequencial,1,1,16,0.0046,5e-06
5,99,11111,PyTorch SIMD,1,1,16,0.0583,5.8e-05
5,100,10111,Sequencial,2,5,30,0.0099,1e-05
5,100,10111,PyTorch SIMD,2,5,30,0.1703,0.00017
5,101,00111,Sequencial,1,1,11,0.0043,4e-06
5,101,00111,PyTorch SIMD,1,1,11,0.0629,6.3e-05
5,102,01011,Sequencial,2,4,27,0.0086,9e-06
5,102,01011,PyTorch SIMD,2,4,27,0.1775,0.000178
5,103,11110,Sequencial,1,1,15,0.0048,5e-06
5,103,11110,PyTorch SIMD,1,1,15,0.0627,6.3e-05
5,104,00011,Sequencial,1,1,7,0.0037,4e-06
5,104,00011,PyTorch SIMD,1,1,7,0.0617,6.2e-05
5,105,00111,Sequencial,1,1,11,0.0041,4e-06
5,105,00111,PyTorch SIMD,1,1,11,0.0921,9.2e-05
5,106,11100,Sequencial,1,1,13,0.0045,4e-06
5,106,11100,PyTorch SIMD,1,1,13,0.0672,6.7e-05
5,107,10111,Sequencial,2,5,30,0.0097,1e-05
5,107,10111,PyTorch SIMD,2,5,30,0.1729,0.000173
5,108,00101,Sequencial,2,2,17,0.0053,5e-06
5,108,00101,PyTorch SIMD,2,2,17,0.167,0.000167
5,109,01010,Sequencial,2,3,23,0.0078,8e-06
5,109,01010,PyTorch SIMD,2,3,23,0.1697,0.00017
5,110,01011,Sequencial,2,4,27,0.0087,9e-06
5,110,01011,PyTorch SIMD,2,4,27,0.1692,0.000169
5,111,11111,Sequencial,1,1,16,0.0047,5e-06
5,111,11111,PyTorch SIMD,1,1,16,0.0614,6.1e-05
5,112,01001,Sequencial,2,2,18,0.0051,5e-06
5,112,01001,PyTorch SIMD,2,2,18,0.1641,0.000164
5,113,00111,Sequencial,1,1,11,0.0042,4e-06
5,113,00111,PyTorch SIMD,1,1,11,0.0631,6.3e-05
5,114,00001,Sequencial,1,1,2,0.0029,3e-06
5,114,00001,PyTorch SIMD,1,1,2,0.061,6.1e-05
5,115,11010,Sequencial,2,3,25,0.008,8e-06
5,115,11010,PyTorch SIMD,2,3,25,0.1688,0.000169
5,116,01101,Sequencial,2,2,20,0.0069,7e-06
5,116,01101,PyTorch SIMD,2,2,20,0.1661,0.000166
5,117,00110,Sequencial,1,1,8,0.0042,4e-06
5,117,00110,PyTorch SIMD,1,1,8,0.0639,6.4e-05
5,118,00100,Sequencial,1,1,4,0.0034,3e-06
5,118,00100,PyTorch SIMD,1,1,4,0.0611,6.1e-05
5,119,11111,Sequencial,1,1,16,0.0044,4e-06
5,119,11111,PyTorch SIMD,1,1,16,0.0596,6e-05
5,120,10001,Sequencial,2,2,19,0.0051,5e-06
5,120,10001,PyTorch SIMD,2,2,19,0.1618,0.000162
5,121,01000,Sequencial,1,1,5,0.0037,4e-06
5,121,01000,PyTorch SIMD,1,1,5,0.0607,6.1e-05
5,122,00110,Sequencial,1,1,8,0.0038,4e-06
5,122,00110,PyTorch SIMD,1,1,8,0.0581,5.8e-05
5,123,01100,Sequencial,1,1,9,0.0037,4e-06
5,123,01100,PyTorch SIMD,1,1,9,0.0582,5.8e-05
5,124,01111,Sequencial,1,1,14,0.0041,4e-06
5,124,01111,PyTorch SIMD,1,1,14,0.0583,5.8e-05
5,125,10111,Sequencial,2,5,30,0.0096,1e-05
5,125,10111,PyTorch SIMD,2,5,30,0.184,0.000184
5,126,00100,Sequencial,1,1,4,0.0037,4e-06
5,126,00100,PyTorch SIMD,1,1,4,0.0651,6.5e-05
5,127,10000,Sequencial,1,1,6,0.0038,4e-06
5,127,10000,PyTorch SIMD,1,1,6,0.061,6.1e-05
5,128,10110,Sequencial,2,5,29,0.0094,9e-06
5,128,10110,PyTorch SIMD,2,5,29,0.1707,0.000171
5,129,00010,Sequencial,1,1,3,0.0036,4e-06
5,129,00010,PyTorch SIMD,1,1,3,0.063,6.3e-05
5,130,11011,Sequencial,2,4,28,0.0089,9e-06
5,130,11011,PyTorch SIMD,2,4,28,0.1685,0.000169
5,131,00011,Sequencial,1,1,7,0.0041,4e-06
5,131,00011,PyTorch SIMD,1,1,7,0.0622,6.2e-05
5,132,01010,Sequencial,2,3,23,0.0074,7e-06
5,132,01010,PyTorch SIMD,2,3,23,0.1676,0.000168
5,133,01001,Sequencial,2,2,18,0.0054,5e-06
5,133,01001,PyTorch SIMD,2,2,18,0.1651,0.000165
5,134,00101,Sequencial,2,2,17,0.0052,5e-06
5,134,00101,PyTorch SIMD,2,2,17,0.2088,0.000209
5,135,11001,Sequencial,2,2,21,0.007,7e-06
5,135,11001,PyTorch SIMD,2,2,21,0.1657,0.000166
5,136,01100,Sequencial,1,1,9,0.0043,4e-06
5,136,01100,PyTorch SIMD,1,1,9,0.0631,6.3e-05
5,137,00010,Sequencial,1,1,3,0.0033,3e-06
5,137,00010,PyTorch SIMD,1,1,3,0.0619,6.2e-05
5,138,00010,Sequencial,1,1,3,0.0033,3e-06
5,138,00010,PyTorch SIMD,1,1,3,0.0596,6e-05
5,139,11110,Sequencial,1,1,15,0.0044,4e-06
5,139,11110,PyTorch SIMD,1,1,15,0.0596,6e-05
5,140,00011,Sequencial,1,1,7,0.0038,4e-06
5,140,00011,PyTorch SIMD,1,1,7,0.059,5.9e-05
5,141,11000,Sequencial,1,1,10,0.0041,4e-06
5,141,11000,PyTorch SIMD,1,1,10,0.0589,5.9e-05
5,142,00011,Sequencial,1,1,7,0.0037,4e-06
5,142,00011,PyTorch SIMD,1,1,7,0.0595,6e-05
5,143,11011,Sequencial,2,4,28,0.009,9e-06
5,143,11011,PyTorch SIMD,2,4,28,0.1688,0.000169
5,144,00111,Sequencial,1,1,11,0.0043,4e-06
5,144,00111,PyTorch SIMD,1,1,11,0.0631,6.3e-05
5,145,11110,Sequencial,1,1,15,0.0044,4e-06
5,145,11110,PyTorch SIMD,1,1,15,0.0613,6.1e-05
5,146,00010,Sequencial,1,1,3,0.0033,3e-06
5,146,00010,PyTorch SIMD,1,1,3,0.0609,6.1e-05
5,147,11011,Sequencial,2,4,28,0.0084,8e-06
5,147,11011,PyTorch SIMD,2,4,28,0.169,0.000169
5,148,00110,Sequencial,1,1,8,0.004,4e-06
5,148,00110,PyTorch SIMD,1,1,8,0.0627,6.3e-05
5,149,11001,Sequencial,2,2,21,0.0067,7e-06
5,149,11001,PyTorch SIMD,2,2,21,0.1633,0.000163
5,150,10010,Sequencial,2,3,24,0.0073,7e-06
5,150,10010,PyTorch SIMD,2,3,24,0.1684,0.000168
5,151,10111,Sequencial,2,5,30,0.0112,1.1e-05
5,151,10111,PyTorch SIMD,2,5,30,0.1953,0.000195
5,152,00001,Sequencial,1,1,2,0.0031,3e-06
5,152,00001,PyTorch SIMD,1,1,2,0.0664,6.6e-05
5,153,10011,Sequencial,2,6,31,0.01,1e-05
5,153,10011,PyTorch SIMD,2,6,31,0.1955,0.000196
5,154,01100,Sequencial,1,1,9,0.0044,4e-06
5,154,01100,PyTorch SIMD,1,1,9,0.0639,6.4e-05
5,155,11001,Sequencial,2,2,21,0.0067,7e-06
5,155,11001,PyTorch SIMD,2,2,21,0.1648,0.000165
5,156,11011,Sequencial,2,4,28,0.0087,9e-06
5,156,11011,PyTorch SIMD,2,4,28,0.1708,0.000171
5,157,10100,Sequencial,2,4,26,0.0086,9e-06
5,157,10100,PyTorch SIMD,2,4,26,0.17,0.00017
5,158,11000,Sequencial,1,1,10,0.0044,4e-06
5,158,11000,PyTorch SIMD,1,1,10,0.0629,6.3e-05
5,159,10111,Sequencial,2,5,30,0.0093,9e-06
5,159,10111,PyTorch SIMD,2,5,30,0.1663,0.000166
5,160,00111,Sequencial,1,1,11,0.0044,4e-06
5,160,00111,PyTorch SIMD,1,1,11,0.0761,7.6e-05
5,161,11000,Sequencial,1,1,10,0.0042,4e-06
5,161,11000,PyTorch SIMD,1,1,10,0.0631,6.3e-05
5,162,01111,Sequencial,1,1,14,0.0041,4e-06
5,162,01111,PyTorch SIMD,1,1,14,0.0612,6.1e-05
5,163,00010,Sequencial,1,1,3,0.0032,3e-06
5,163,00010,PyTorch SIMD,1,1,3,0.0666,6.7e-05
5,164,10100,Sequencial,2,4,26,0.008,8e-06
5,164,10100,PyTorch SIMD,2,4,26,0.1766,0.000177
5,165,01010,Sequencial,2,3,23,0.0079,8e-06
5,165,01010,PyTorch SIMD,2,3,23,0.1725,0.000173
5,166,10100,Sequencial,2,4,26,0.0087,9e-06
5,166,10100,PyTorch SIMD,2,4,26,0.1805,0.000181
5,167,11010,Sequencial,2,3,25,0.0078,8e-06
5,167,11010,PyTorch SIMD,2,3,25,0.1743,0.000174
5,168,01100,Sequencial,1,1,9,0.0042,4e-06
5,168,01100,PyTorch SIMD,1,1,9,0.063,6.3e-05
5,169,00111,Sequencial,1,1,11,0.0043,4e-06
5,169,00111,PyTorch SIMD,1,1,11,0.0608,6.1e-05
5,170,10111,Sequencial,2,5,30,0.0095,9e-06
5,170,10111,PyTorch SIMD,2,5,30,0.1673,0.000167
5,171,11001,Sequencial,2,2,21,0.0068,7e-06
5,171,11001,PyTorch SIMD,2,2,21,0.1637,0.000164
5,172,11000,Sequencial,1,1,10,0.0042,4e-06
5,172,11000,PyTorch SIMD,1,1,10,0.0634,6.3e-05
5,173,11001,Sequencial,2,2,21,0.0069,7e-06
5,173,11001,PyTorch SIMD,2,2,21,0.1626,0.000163
5,174,01111,Sequencial,1,1,14,0.0046,5e-06
5,174,01111,PyTorch SIMD,1,1,14,0.0637,6.4e-05
5,175,10001,Sequencial,2,2,19,0.0052,5e-06
5,175,10001,PyTorch SIMD,2,2,19,0.1648,0.000165
5,176,00001,Sequencial,1,1,2,0.0031,3e-06
5,176,00001,PyTorch SIMD,1,1,2,0.0633,6.3e-05
5,177,01100,Sequencial,1,1,9,0.004,4e-06
5,177,01100,PyTorch SIMD,1,1,9,0.0614,6.1e-05
5,178,10011,Sequencial,2,6,31,0.0098,1e-05
5,178,10011,PyTorch SIMD,2,6,31,0.1698,0.00017
5,179,00101,Sequencial,2,2,17,0.0054,5e-06
5,179,00101,PyTorch SIMD,2,2,17,0.1653,0.000165
5,180,01111,Sequencial,1,1,14,0.0045,4e-06
5,180,01111,PyTorch SIMD,1,1,14,0.0701,7e-05
5,181,00101,Sequencial,2,2,17,0.0051,5e-06
5,181,00101,PyTorch SIMD,2,2,17,0.1696,0.00017
5,182,01001,Sequencial,2,2,18,0.0053,5e-06
5,182,01001,PyTorch SIMD,2,2,18,0.1644,0.000164
5,183,10000,Sequencial,1,1,6,0.004,4e-06
5,183,10000,PyTorch SIMD,1,1,6,0.0627,6.3e-05
5,184,01011,Sequencial,2,4,27,0.009,9e-06
5,184,01011,PyTorch SIMD,2,4,27,0.168,0.000168
5,185,10010,Sequencial,2,3,24,0.0079,8e-06
5,185,10010,PyTorch SIMD,2,3,24,0.1715,0.000172
5,186,11000,Sequencial,1,1,10,0.0043,4e-06
5,186,11000,PyTorch SIMD,1,1,10,0.0633,6.3e-05
5,187,10111,Sequencial,2,5,30,0.0096,1e-05
5,187,10111,PyTorch SIMD,2,5,30,0.1759,0.000176
5,188,01000,Sequencial,1,1,5,0.0037,4e-06
5,188,01000,PyTorch SIMD,1,1,5,0.0628,6.3e-05
5,189,01101,Sequencial,2,2,20,0.0067,7e-06
5,189,01101,PyTorch SIMD,2,2,20,0.1761,0.000176
5,190,00111,Sequencial,1,1,11,0.0043,4e-06
5,190,00111,PyTorch SIMD,1,1,11,0.0659,6.6e-05
5,191,10100,Sequencial,2,4,26,0.0082,8e-06
5,191,10100,PyTorch SIMD,2,4,26,0.172,0.000172
5,192,11000,Sequencial,1,1,10,0.0043,4e-06
5,192,11000,PyTorch SIMD,1,1,10,0.062,6.2e-05
5,193,11011,Sequencial,2,4,28,0.0088,9e-06
5,193,11011,PyTorch SIMD,2,4,28,0.1672,0.000167
5,194,10111,Sequencial,2,5,30,0.0093,9e-06
5,194,10111,PyTorch SIMD,2,5,30,0.1671,0.000167
5,195,01010,Sequencial,2,3,23,0.0075,8e-06
5,195,01010,PyTorch SIMD,2,3,23,0.1706,0.000171
5,196,01000,Sequencial,1,1,5,0.0038,4e-06
5,196,01000,PyTorch SIMD,1,1,5,0.0625,6.3e-05
5,197,10010,Sequencial,2,3,24,0.0073,7e-06
5,197,10010,PyTorch SIMD,2,3,24,0.1677,0.000168
5,198,00110,Sequencial,1,1,8,0.0041,4e-06
5,198,00110,PyTorch SIMD,1,1,8,0.0619,6.2e-05
5,199,00001,Sequencial,1,1,2,0.003,3e-06
5,199,00001,PyTorch SIMD,1,1,2,0.0603,6e-05
5,200,00111,Sequencial,1,1,11,0.0041,4e-06
5,200,00111,PyTorch SIMD,1,1,11,0.0606,6.1e-05
5,201,11110,Sequencial,1,1,15,0.0043,4e-06
5,201,11110,PyTorch SIMD,1,1,15,0.0597,6e-05
5,202,10000,Sequencial,1,1,6,0.0036,4e-06
5,202,10000,PyTorch SIMD,1,1,6,0.0598,6e-05
5,203,01011,Sequencial,2,4,27,0.0087,9e-06
5,203,01011,PyTorch SIMD,2,4,27,0.1908,0.000191
5,204,01111,Sequencial,1,1,14,0.0049,5e-06
5,204,01111,PyTorch SIMD,1,1,14,0.0707,7.1e-05
5,205,01000,Sequencial,1,1,5,0.0035,3e-06
5,205,01000,PyTorch SIMD,1,1,5,0.0622,6.2e-05
5,206,11011,Sequencial,2,4,28,0.0087,9e-06
5,206,11011,PyTorch SIMD,2,4,28,0.1717,0.000172
5,207,00001,Sequencial,1,1,2,0.0031,3e-06
5,207,00001,PyTorch SIMD,1,1,2,0.0638,6.4e-05
5,208,10101,Sequencial,3,17,32,0.0173,1.7e-05
5,208,10101,PyTorch SIMD,3,17,32,0.2715,0.000271
5,209,01000,Sequencial,1,1,5,0.004,4e-06
5,209,01000,PyTorch SIMD,1,1,5,0.065,6.5e-05
5,210,01000,Sequencial,1,1,5,0.0035,3e-06
5,210,01000,PyTorch SIMD,1,1,5,0.0622,6.2e-05
5,211,01010,Sequencial,2,3,23,0.0075,7e-06
5,211,01010,PyTorch SIMD,2,3,23,0.167,0.000167
5,212,10011,Sequencial,2,6,31,0.01,1e-05
5,212,10011,PyTorch SIMD,2,6,31,0.1675,0.000167
5,213,10001,Sequencial,2,2,19,0.0054,5e-06
5,213,10001,PyTorch SIMD,2,2,19,0.1631,0.000163
5,214,00111,Sequencial,1,1,11,0.0041,4e-06
5,214,00111,PyTorch SIMD,1,1,11,0.0611,6.1e-05
5,215,11011,Sequencial,2,4,28,0.0121,1.2e-05
5,215,11011,PyTorch SIMD,2,4,28,0.184,0.000184
5,216,10010,Sequencial,2,3,24,0.0077,8e-06
5,216,10010,PyTorch SIMD,2,3,24,0.1869,0.000187
5,217,01110,Sequencial,1,1,12,0.0044,4e-06
5,217,01110,PyTorch SIMD,1,1,12,0.0628,6.3e-05
5,218,11111,Sequencial,1,1,16,0.0045,4e-06
5,218,11111,PyTorch SIMD,1,1,16,0.0581,5.8e-05
5,219,11000,Sequencial,1,1,10,0.0038,4e-06
5,219,11000,PyTorch SIMD,1,1,10,0.0604,6e-05
5,220,10010,Sequencial,2,3,24,0.0075,7e-06
5,220,10010,PyTorch SIMD,2,3,24,0.1681,0.000168
5,221,00010,Sequencial,1,1,3,0.0035,4e-06
5,221,00010,PyTorch SIMD,1,1,3,0.0629,6.3e-05
5,222,01101,Sequencial,2,2,20,0.0067,7e-06
5,222,01101,PyTorch SIMD,2,2,20,0.163,0.000163
5,223,10101,Sequencial,3,17,32,0.017,1.7e-05
5,223,10101,PyTorch SIMD,3,17,32,0.2674,0.000267
5,224,01100,Sequencial,1,1,9,0.0043,4e-06
5,224,01100,PyTorch SIMD,1,1,9,0.0647,6.5e-05
5,225,00100,Sequencial,1,1,4,0.0033,3e-06
5,225,00100,PyTorch SIMD,1,1,4,0.0617,6.2e-05
5,226,01100,Sequencial,1,1,9,0.0039,4e-06
5,226,01100,PyTorch SIMD,1,1,9,0.0606,6.1e-05
5,227,10011,Sequencial,2,6,31,0.0093,9e-06
5,227,10011,PyTorch SIMD,2,6,31,0.192,0.000192
5,228,00011,Sequencial,1,1,7,0.0041,4e-06
5,228,00011,PyTorch SIMD,1,1,7,0.0826,8.3e-05
5,229,11001,Sequencial,2,2,21,0.0069,7e-06
5,229,11001,PyTorch SIMD,2,2,21,0.1923,0.000192
5,230,01101,Sequencial,2,2,20,0.007,7e-06
5,230,01101,PyTorch SIMD,2,2,20,0.1682,0.000168
5,231,11011,Sequencial,2,4,28,0.0088,9e-06
5,231,11011,PyTorch SIMD,2,4,28,0.1918,0.000192
5,232,01111,Sequencial,1,1,14,0.0046,5e-06
5,232,01111,PyTorch SIMD,1,1,14,0.0651,6.5e-05
5,233,10010,Sequencial,2,3,24,0.0074,7e-06
5,233,10010,PyTorch SIMD,2,3,24,0.1736,0.000174
5,234,00100,Sequencial,1,1,4,0.0037,4e-06
5,234,00100,PyTorch SIMD,1,1,4,0.0646,6.5e-05
5,235,00100,Sequencial,1,1,4,0.0035,4e-06
5,235,00100,PyTorch SIMD,1,1,4,0.0615,6.1e-05
5,236,11011,Sequencial,2,4,28,0.0083,8e-06
5,236,11011,PyTorch SIMD,2,4,28,0.1746,0.000175
5,237,10010,Sequencial,2,3,24,0.0096,1e-05
5,237,10010,PyTorch SIMD,2,3,24,0.2173,0.000217
5,238,00001,Sequencial,1,1,2,0.0034,3e-06
5,238,00001,PyTorch SIMD,1,1,2,0.0666,6.7e-05
5,239,00001,Sequencial,1,1,2,0.0029,3e-06
5,239,00001,PyTorch SIMD,1,1,2,0.0604,6e-05
5,240,01010,Sequencial,2,3,23,0.008,8e-06
5,240,01010,PyTorch SIMD,2,3,23,0.1718,0.000172
5,241,01110,Sequencial,1,1,12,0.0045,4e-06
5,241,01110,PyTorch SIMD,1,1,12,0.0635,6.4e-05
5,242,01001,Sequencial,2,2,18,0.0055,5e-06
5,242,01001,PyTorch SIMD,2,2,18,0.1659,0.000166
5,243,01100,Sequencial,1,1,9,0.0044,4e-06
5,243,01100,PyTorch SIMD,1,1,9,0.0812,8.1e-05
5,244,11000,Sequencial,1,1,10,0.0042,4e-06
5,244,11000,PyTorch SIMD,1,1,10,0.0729,7.3e-05
5,245,01000,Sequencial,1,1,5,0.0037,4e-06
5,245,01000,PyTorch SIMD,1,1,5,0.0689,6.9e-05
5,246,10001,Sequencial,2,2,19,0.0053,5e-06
5,246,10001,PyTorch SIMD,2,2,19,0.1675,0.000168
5,247,00111,Sequencial,1,1,11,0.0045,4e-06
5,247,00111,PyTorch SIMD,1,1,11,0.0631,6.3e-05
5,248,01011,Sequencial,2,4,27,0.0082,8e-06
5,248,01011,PyTorch SIMD,2,4,27,0.1699,0.00017
5,249,10101,Sequencial,3,17,32,0.0172,1.7e-05
5,249,10101,PyTorch SIMD,3,17,32,0.2689,0.000269
5,250,10011,Sequencial,2,6,31,0.0093,9e-06
5,250,10011,PyTorch SIMD,2,6,31,0.1786,0.000179
6,1,100000,Sequencial,1,1,7,0.0051,5e-06
6,1,100000,PyTorch SIMD,1,1,7,0.0698,7e-05
6,2,101110,Sequencial,2,6,52,0.0134,1.3e-05
6,2,101110,PyTorch SIMD,2,6,52,0.1782,0.000178
6,3,011111,Sequencial,1,1,20,0.007,7e-06
6,3,011111,PyTorch SIMD,1,1,20,0.0657,6.6e-05
6,4,110110,Sequencial,2,5,48,0.0116,1.2e-05
6,4,110110,PyTorch SIMD,2,5,48,0.175,0.000175
6,5,111111,Sequencial,1,1,22,0.0069,7e-06
6,5,111111,PyTorch SIMD,1,1,22,0.0646,6.5e-05
6,6,000100,Sequencial,1,1,4,0.0037,4e-06
6,6,000100,PyTorch SIMD,1,1,4,0.0614,6.1e-05
6,7,011001,Sequencial,2,2,28,0.007,7e-06
6,7,011001,PyTorch SIMD,2,2,28,0.1689,0.000169
6,8,000110,Sequencial,1,1,9,0.0047,5e-06
6,8,000110,PyTorch SIMD,1,1,9,0.065,6.5e-05
6,9,010100,Sequencial,2,4,39,0.0094,9e-06
6,9,010100,PyTorch SIMD,2,4,39,0.1729,0.000173
6,10,111001,Sequencial,2,2,31,0.0084,8e-06
6,10,111001,PyTorch SIMD,2,2,31,0.1716,0.000172
6,11,100100,Sequencial,2,4,40,0.0098,1e-05
6,11,100100,PyTorch SIMD,2,4,40,0.1714,0.000171
6,12,000100,Sequencial,1,1,4,0.004,4e-06
6,12,000100,PyTorch SIMD,1,1,4,0.0649,6.5e-05
6,13,001111,Sequencial,1,1,17,0.0048,5e-06
6,13,001111,PyTorch SIMD,1,1,17,0.0625,6.3e-05
6,14,100001,Sequencial,2,2,26,0.0075,7e-06
6,14,100001,PyTorch SIMD,2,2,26,0.1666,0.000167
6,15,111001,Sequencial,2,2,31,0.0081,8e-06
6,15,111001,PyTorch SIMD,2,2,31,0.1676,0.000168
6,16,101010,Sequencial,3,33,63,0.0361,3.6e-05
6,16,101010,PyTorch SIMD,3,33,63,0.2994,0.000299
6,17,011011,Sequencial,2,4,43,0.0109,1.1e-05
6,17,011011,PyTorch SIMD,2,4,43,0.1904,0.00019
6,18,111011,Sequencial,2,4,44,0.0107,1.1e-05
6,18,111011,PyTorch SIMD,2,4,44,0.1713,0.000171
6,19,101010,Sequencial,3,33,63,0.0353,3.5e-05
6,19,101010,PyTorch SIMD,3,33,63,0.2853,0.000285
6,20,100111,Sequencial,2,7,56,0.0139,1.4e-05
6,20,100111,PyTorch SIMD,2,7,56,0.1884,0.000188
6,21,010101,Sequencial,3,23,58,0.027,2.7e-05
6,21,010101,PyTorch SIMD,3,23,58,0.2819,0.000282
6,22,100111,Sequencial,2,7,56,0.0142,1.4e-05
6,22,100111,PyTorch SIMD,2,7,56,0.1777,0.000178
6,23,010010,Sequencial,2,3,34,0.0089,9e-06
6,23,010010,PyTorch SIMD,2,3,34,0.1832,0.000183
6,24,001000,Sequencial,1,1,5,0.004,4e-06
6,24,001000,PyTorch SIMD,1,1,5,0.0653,6.5e-05
6,25,010000,Sequencial,1,1,6,0.0041,4e-06
6,25,010000,PyTorch SIMD,1,1,6,0.0624,6.2e-05
6,26,100111,Sequencial,2,7,56,0.0136,1.4e-05
6,26,100111,PyTorch SIMD,2,7,56,0.1713,0.000171
6,27,111011,Sequencial,2,4,44,0.0107,1.1e-05
6,27,111011,PyTorch SIMD,2,4,44,0.1697,0.00017
6,28,000110,Sequencial,1,1,9,0.0046,5e-06
6,28,000110,PyTorch SIMD,1,1,9,0.0648,6.5e-05
6,29,110101,Sequencial,3,23,60,0.027,2.7e-05
6,29,110101,PyTorch SIMD,3,23,60,0.2794,0.000279
6,30,100010,Sequencial,2,3,35,0.009,9e-06
6,30,100010,PyTorch SIMD,2,3,35,0.1747,0.000175
6,31,111010,Sequencial,2,3,38,0.0094,9e-06
6,31,111010,PyTorch SIMD,2,3,38,0.1724,0.000172
6,32,111101,Sequencial,2,2,32,0.0081,8e-06
6,32,111101,PyTorch SIMD,2,2,32,0.1672,0.000167
6,33,101111,Sequencial,2,6,53,0.0127,1.3e-05
6,33,101111,PyTorch SIMD,2,6,53,0.169,0.000169
6,34,110000,Sequencial,1,1,12,0.0049,5e-06
6,34,110000,PyTorch SIMD,1,1,12,0.0658,6.6e-05
6,35,101100,Sequencial,2,6,51,0.0167,1.7e-05
6,35,101100,PyTorch SIMD,2,6,51,0.1893,0.000189
6,36,010011,Sequencial,2,6,50,0.0168,1.7e-05
6,36,010011,PyTorch SIMD,2,6,50,0.2052,0.000205
6,37,011110,Sequencial,1,1,18,0.0054,5e-06
6,37,011110,PyTorch SIMD,1,1,18,0.0658,6.6e-05
6,38,100001,Sequencial,2,2,26,0.0073,7e-06
6,38,100001,PyTorch SIMD,2,2,26,0.1699,0.00017
6,39,101111,Sequencial,2,6,53,0.0124,1.2e-05
6,39,101111,PyTorch SIMD,2,6,53,0.1773,0.000177
6,40,111010,Sequencial,2,3,38,0.0091,9e-06
6,40,111010,PyTorch SIMD,2,3,38,0.174,0.000174
6,41,100111,Sequencial,2,7,56,0.0134,1.3e-05
6,41,100111,PyTorch SIMD,2,7,56,0.1695,0.000169
6,42,110111,Sequencial,2,5,49,0.0115,1.2e-05
6,42,110111,PyTorch SIMD,2,5,49,0.1695,0.000169
6,43,001110,Sequencial,1,1,14,0.005,5e-06
6,43,001110,PyTorch SIMD,1,1,14,0.0637,6.4e-05
6,44,001011,Sequencial,2,4,42,0.0134,1.3e-05
6,44,001011,PyTorch SIMD,2,4,42,0.1718,0.000172
6,45,111111,Sequencial,1,1,22,0.0068,7e-06
6,45,111111,PyTorch SIMD,1,1,22,0.0624,6.2e-05
6,46,110000,Sequencial,1,1,12,0.0045,5e-06
6,46,110000,PyTorch SIMD,1,1,12,0.0858,8.6e-05
6,47,010001,Sequencial,2,2,25,0.0069,7e-06
6,47,010001,PyTorch SIMD,2,2,25,0.1676,0.000168
6,48,000100,Sequencial,1,1,4,0.0038,4e-06
6,48,000100,PyTorch SIMD,1,1,4,0.0635,6.4e-05
6,49,100100,Sequencial,2,4,40,0.0097,1e-05
6,49,100100,PyTorch SIMD,2,4,40,0.1688,0.000169
6,50,110011,Sequencial,2,8,57,0.0143,1.4e-05
6,50,110011,PyTorch SIMD,2,8,57,0.1725,0.000173
6,51,000001,Sequencial,1,1,2,0.0037,4e-06
6,51,000001,PyTorch SIMD,1,1,2,0.0649,6.5e-05
6,52,111110,Sequencial,1,1,21,0.0065,6e-06
6,52,111110,PyTorch SIMD,1,1,21,0.0631,6.3e-05
6,53,011111,Sequencial,1,1,20,0.006,6e-06
6,53,011111,PyTorch SIMD,1,1,20,0.0614,6.1e-05
6,54,001111,Sequencial,1,1,17,0.0049,5e-06
6,54,001111,PyTorch SIMD,1,1,17,0.0606,6.1e-05
6,55,101000,Sequencial,2,5,45,0.0104,1e-05
6,55,101000,PyTorch SIMD,2,5,45,0.1728,0.000173
6,56,111011,Sequencial,2,4,44,0.0106,1.1e-05
6,56,111011,PyTorch SIMD,2,4,44,0.17,0.00017
6,57,101100,Sequencial,2,6,51,0.0127,1.3e-05
6,57,101100,PyTorch SIMD,2,6,51,0.1706,0.000171
6,58,101110,Sequencial,2,6,52,0.0125,1.2e-05
6,58,101110,PyTorch SIMD,2,6,52,0.1703,0.00017
6,59,011010,Sequencial,2,3,36,0.0089,9e-06
6,59,011010,PyTorch SIMD,2,3,36,0.179,0.000179
6,60,101111,Sequencial,2,6,53,0.0127,1.3e-05
6,60,101111,PyTorch SIMD,2,6,53,0.1807,0.000181
6,61,000010,Sequencial,1,1,3,0.004,4e-06
6,61,000010,PyTorch SIMD,1,1,3,0.0709,7.1e-05
6,62,111101,Sequencial,2,2,32,0.0083,8e-06
6,62,111101,PyTorch SIMD,2,2,32,0.2052,0.000205
6,63,001000,Sequencial,1,1,5,0.004,4e-06
6,63,001000,PyTorch SIMD,1,1,5,0.064,6.4e-05
6,64,101000,Sequencial,2,5,45,0.0113,1.1e-05
6,64,101000,PyTorch SIMD,2,5,45,0.1716,0.000172
6,65,001011,Sequencial,2,4,42,0.0103,1e-05
6,65,001011,PyTorch SIMD,2,4,42,0.1756,0.000176
6,66,111101,Sequencial,2,2,32,0.0081,8e-06
6,66,111101,PyTorch SIMD,2,2,32,0.1664,0.000166
6,67,000110,Sequencial,1,1,9,0.0045,4e-06
6,67,000110,PyTorch SIMD,1,1,9,0.0645,6.4e-05
6,68,100110,Sequencial,2,7,55,0.0134,1.3e-05
6,68,100110,PyTorch SIMD,2,7,55,0.1705,0.000171
6,69,001100,Sequencial,1,1,10,0.0049,5e-06
6,69,001100,PyTorch SIMD,1,1,10,0.0638,6.4e-05
6,70,010011,Sequencial,2,6,50,0.0121,1.2e-05
6,70,010011,PyTorch SIMD,2,6,50,0.1694,0.000169
6,71,110001,Sequencial,2,2,29,0.0076,8e-06
6,71,110001,PyTorch SIMD,2,2,29,0.1657,0.000166
6,72,110100,Sequencial,2,4,41,0.0101,1e-05
6,72,110100,PyTorch SIMD,2,4,41,0.1713,0.000171
6,73,001100,Sequencial,1,1,10,0.0047,5e-06
6,73,001100,PyTorch SIMD,1,1,10,0.0633,6.3e-05
6,74,101000,Sequencial,2,5,45,0.0106,1.1e-05
6,74,101000,PyTorch SIMD,2,5,45,0.1693,0.000169
6,75,101000,Sequencial,2,5,45,0.0108,1.1e-05
6,75,101000,PyTorch SIMD,2,5,45,0.1739,0.000174
6,76,101001,Sequencial,3,24,61,0.0277,2.8e-05
6,76,101001,PyTorch SIMD,3,24,61,0.2848,0.000285
6,77,000101,Sequencial,2,2,23,0.0074,7e-06
6,77,000101,PyTorch SIMD,2,2,23,0.1675,0.000167
6,78,110011,Sequencial,2,8,57,0.0148,1.5e-05
6,78,110011,PyTorch SIMD,2,8,57,0.1712,0.000171
6,79,010111,Sequencial,2,5,47,0.0114,1.1e-05
6,79,010111,PyTorch SIMD,2,5,47,0.1691,0.000169
6,80,100111,Sequencial,2,7,56,0.0134,1.3e-05
6,80,100111,PyTorch SIMD,2,7,56,0.1691,0.000169
6,81,100011,Sequencial,2,7,54,0.0131,1.3e-05
6,81,100011,PyTorch SIMD,2,7,54,0.1702,0.00017
6,82,111010,Sequencial,2,3,38,0.013,1.3e-05
6,82,111010,PyTorch SIMD,2,3,38,0.1792,0.000179
6,83,010101,Sequencial,3,23,58,0.0271,2.7e-05
6,83,010101,PyTorch SIMD,3,23,58,0.2903,0.00029
6,84,010111,Sequencial,2,5,47,0.0126,1.3e-05
6,84,010111,PyTorch SIMD,2,5,47,0.1822,0.000182
6,85,100000,Sequencial,1,1,7,0.0046,5e-06
6,85,100000,PyTorch SIMD,1,1,7,0.0732,7.3e-05
6,86,000010,Sequencial,1,1,3,0.0038,4e-06
6,86,000010,PyTorch SIMD,1,1,3,0.065,6.5e-05
6,87,001110,Sequencial,1,1,14,0.005,5e-06
6,87,001110,PyTorch SIMD,1,1,14,0.0658,6.6e-05
6,88,100001,Sequencial,2,2,26,0.0074,7e-06
6,88,100001,PyTorch SIMD,2,2,26,0.1811,0.000181
6,89,010111,Sequencial,2,5,47,0.012,1.2e-05
6,89,010111,PyTorch SIMD,2,5,47,0.1762,0.000176
6,90,010010,Sequencial,2,3,34,0.0089,9e-06
6,90,010010,PyTorch SIMD,2,3,34,0.1744,0.000174
6,91,000010,Sequencial,1,1,3,0.0039,4e-06
6,91,000010,PyTorch SIMD,1,1,3,0.0668,6.7e-05
6,92,000101,Sequencial,2,2,23,0.0073,7e-06
6,92,000101,PyTorch SIMD,2,2,23,0.1722,0.000172
6,93,110001,Sequencial,2,2,29,0.0101,1e-05
6,93,110001,PyTorch SIMD,2,2,29,0.1827,0.000183
6,94,101111,Sequencial,2,6,53,0.0133,1.3e-05
6,94,101111,PyTorch SIMD,2,6,53,0.1946,0.000195
6,95,111100,Sequencial,1,1,19,0.0058,6e-06
6,95,111100,PyTorch SIMD,1,1,19,0.0836,8.4e-05
6,96,111111,Sequencial,1,1,22,0.0069,7e-06
6,96,111111,PyTorch SIMD,1,1,22,0.065,6.5e-05
6,97,001001,Sequencial,2,2,24,0.0068,7e-06
6,97,001001,PyTorch SIMD,2,2,24,0.1715,0.000172
6,98,010010,Sequencial,2,3,34,0.0089,9e-06
6,98,010010,PyTorch SIMD,2,3,34,0.1828,0.000183
6,99,100011,Sequencial,2,7,54,0.0132,1.3e-05
6,99,100011,PyTorch SIMD,2,7,54,0.1729,0.000173
6,100,001100,Sequencial,1,1,10,0.0046,5e-06
6,100,001100,PyTorch SIMD,1,1,10,0.0644,6.4e-05
6,101,110100,Sequencial,2,4,41,0.0103,1e-05
6,101,110100,PyTorch SIMD,2,4,41,0.171,0.000171
6,102,110101,Sequencial,3,23,60,0.028,2.8e-05
6,102,110101,PyTorch SIMD,3,23,60,0.2843,0.000284
6,103,010011,Sequencial,2,6,50,0.0123,1.2e-05
6,103,010011,PyTorch SIMD,2,6,50,0.1802,0.00018
6,104,110001,Sequencial,2,2,29,0.008,8e-06
6,104,110001,PyTorch SIMD,2,2,29,0.1688,0.000169
6,105,010101,Sequencial,3,23,58,0.0266,2.7e-05
6,105,010101,PyTorch SIMD,3,23,58,0.2794,0.000279
6,106,000110,Sequencial,1,1,9,0.0047,5e-06
6,106,000110,PyTorch SIMD,1,1,9,0.0644,6.4e-05
6,107,011100,Sequencial,1,1,15,0.0049,5e-06
6,107,011100,PyTorch SIMD,1,1,15,0.0783,7.8e-05
6,108,101011,Sequencial,3,39,64,0.041,4.1e-05
6,108,101011,PyTorch SIMD,3,39,64,0.285,0.000285
6,109,011001,Sequencial,2,2,28,0.0077,8e-06
6,109,011001,PyTorch SIMD,2,2,28,0.1685,0.000168
6,110,011000,Sequencial,1,1,11,0.0047,5e-06
6,110,011000,PyTorch SIMD,1,1,11,0.0635,6.4e-05
6,111,011100,Sequencial,1,1,15,0.0086,9e-06
6,111,011100,PyTorch SIMD,1,1,15,0.0677,6.8e-05
6,112,111101,Sequencial,2,2,32,0.0081,8e-06
6,112,111101,PyTorch SIMD,2,2,32,0.1699,0.00017
6,113,101011,Sequencial,3,39,64,0.0419,4.2e-05
6,113,101011,PyTorch SIMD,3,39,64,0.2884,0.000288
6,114,010001,Sequencial,2,2,25,0.0076,8e-06
6,114,010001,PyTorch SIMD,2,2,25,0.1709,0.000171
6,115,001000,Sequencial,1,1,5,0.0041,4e-06
6,115,001000,PyTorch SIMD,1,1,5,0.0654,6.5e-05
6,116,010111,Sequencial,2,5,47,0.0117,1.2e-05
6,116,010111,PyTorch SIMD,2,5,47,0.1818,0.000182
6,117,010001,Sequencial,2,2,25,0.0075,7e-06
6,117,010001,PyTorch SIMD,2,2,25,0.1704,0.00017
6,118,100101,Sequencial,3,23,59,0.0274,2.7e-05
6,118,100101,PyTorch SIMD,3,23,59,0.2799,0.00028
6,119,001010,Sequencial,2,3,33,0.0091,9e-06
6,119,001010,PyTorch SIMD,2,3,33,0.1778,0.000178
6,120,100111,Sequencial,2,7,56,0.0136,1.4e-05
6,120,100111,PyTorch SIMD,2,7,56,0.1771,0.000177
6,121,001101,Sequencial,2,2,27,0.0115,1.2e-05
6,121,001101,PyTorch SIMD,2,2,27,0.1719,0.000172
6,122,011000,Sequencial,1,1,11,0.005,5e-06
6,122,011000,PyTorch SIMD,1,1,11,0.0706,7.1e-05
6,123,100011,Sequencial,2,7,54,0.019,1.9e-05
6,123,100011,PyTorch SIMD,2,7,54,0.1794,0.000179
6,124,110011,Sequencial,2,8,57,0.0148,1.5e-05
6,124,110011,PyTorch SIMD,2,8,57,0.1764,0.000176
6,125,110101,Sequencial,3,23,60,0.0275,2.7e-05
6,125,110101,PyTorch SIMD,3,23,60,0.2864,0.000286
6,126,101001,Sequencial,3,24,61,0.0288,2.9e-05
6,126,101001,PyTorch SIMD,3,24,61,0.2883,0.000288
6,127,100101,Sequencial,3,23,59,0.0277,2.8e-05
6,127,100101,PyTorch SIMD,3,23,59,0.2833,0.000283
6,128,001111,Sequencial,1,1,17,0.0053,5e-06
6,128,001111,PyTorch SIMD,1,1,17,0.066,6.6e-05
6,129,000001,Sequencial,1,1,2,0.0034,3e-06
6,129,000001,PyTorch SIMD,1,1,2,0.0621,6.2e-05
6,130,010010,Sequencial,2,3,34,0.009,9e-06
6,130,010010,PyTorch SIMD,2,3,34,0.184,0.000184
6,131,001001,Sequencial,2,2,24,0.0075,8e-06
6,131,001001,PyTorch SIMD,2,2,24,0.1746,0.000175
6,132,111110,Sequencial,1,1,21,0.0068,7e-06
6,132,111110,PyTorch SIMD,1,1,21,0.0675,6.7e-05
6,133,000001,Sequencial,1,1,2,0.0033,3e-06
6,133,000001,PyTorch SIMD,1,1,2,0.0608,6.1e-05
6,134,000010,Sequencial,1,1,3,0.0035,4e-06
6,134,000010,PyTorch SIMD,1,1,3,0.0601,6e-05
6,135,101101,Sequencial,3,25,62,0.028,2.8e-05
6,135,101101,PyTorch SIMD,3,25,62,0.2794,0.000279
6,136,110000,Sequencial,1,1,12,0.005,5e-06
6,136,110000,PyTorch SIMD,1,1,12,0.0641,6.4e-05
6,137,010110,Sequencial,2,5,46,0.0115,1.1e-05
6,137,010110,PyTorch SIMD,2,5,46,0.1708,0.000171
6,138,000011,Sequencial,1,1,8,0.0045,4e-06
6,138,000011,PyTorch SIMD,1,1,8,0.0632,6.3e-05
6,139,110110,Sequencial,2,5,48,0.0113,1.1e-05
6,139,110110,PyTorch SIMD,2,5,48,0.1748,0.000175
6,140,111001,Sequencial,2,2,31,0.0111,1.1e-05
6,140,111001,PyTorch SIMD,2,2,31,0.1973,0.000197
6,141,100101,Sequencial,3,23,59,0.0272,2.7e-05
6,141,100101,PyTorch SIMD,3,23,59,0.2979,0.000298
6,142,001111,Sequencial,1,1,17,0.0054,5e-06
6,142,001111,PyTorch SIMD,1,1,17,0.0662,6.6e-05
6,143,110110,Sequencial,2,5,48,0.0113,1.1e-05
6,143,110110,PyTorch SIMD,2,5,48,0.1888,0.000189
6,144,011000,Sequencial,1,1,11,0.0048,5e-06
6,144,011000,PyTorch SIMD,1,1,11,0.0646,6.5e-05
6,145,011110,Sequencial,1,1,18,0.0053,5e-06
6,145,011110,PyTorch SIMD,1,1,18,0.0626,6.3e-05
6,146,010101,Sequencial,3,23,58,0.0274,2.7e-05
6,146,010101,PyTorch SIMD,3,23,58,0.304,0.000304
6,147,100001,Sequencial,2,2,26,0.0081,8e-06
6,147,100001,PyTorch SIMD,2,2,26,0.1761,0.000176
6,148,101011,Sequencial,3,39,64,0.0461,4.6e-05
6,148,101011,PyTorch SIMD,3,39,64,0.2927,0.000293
6,149,001000,Sequencial,1,1,5,0.0041,4e-06
6,149,001000,PyTorch SIMD,1,1,5,0.065,6.5e-05
6,150,001111,Sequencial,1,1,17,0.0051,5e-06
6,150,001111,PyTorch SIMD,1,1,17,0.0731,7.3e-05
6,151,100000,Sequencial,1,1,7,0.0046,5e-06
6,151,100000,PyTorch SIMD,1,1,7,0.0681,6.8e-05
6,152,101110,Sequencial,2,6,52,0.0128,1.3e-05
6,152,101110,PyTorch SIMD,2,6,52,0.225,0.000225
6,153,100111,Sequencial,2,7,56,0.0138,1.4e-05
6,153,100111,PyTorch SIMD,2,7,56,0.1762,0.000176
6,154,100010,Sequencial,2,3,35,0.0088,9e-06
6,154,100010,PyTorch SIMD,2,3,35,0.1701,0.00017
6,155,000010,Sequencial,1,1,3,0.0038,4e-06
6,155,000010,PyTorch SIMD,1,1,3,0.063,6.3e-05
6,156,001100,Sequencial,1,1,10,0.0045,4e-06
6,156,001100,PyTorch SIMD,1,1,10,0.0605,6e-05
6,157,010010,Sequencial,2,3,34,0.0085,8e-06
6,157,010010,PyTorch SIMD,2,3,34,0.1695,0.00017
6,158,110011,Sequencial,2,8,57,0.0145,1.4e-05
6,158,110011,PyTorch SIMD,2,8,57,0.1866,0.000187
6,159,110101,Sequencial,3,23,60,0.0276,2.8e-05
6,159,110101,PyTorch SIMD,3,23,60,0.2777,0.000278
6,160,100111,Sequencial,2,7,56,0.0139,1.4e-05
6,160,100111,PyTorch SIMD,2,7,56,0.1735,0.000173
6,161,000001,Sequencial,1,1,2,0.0035,3e-06
6,161,000001,PyTorch SIMD,1,1,2,0.0634,6.3e-05
6,162,111110,Sequencial,1,1,21,0.0064,6e-06
6,162,111110,PyTorch SIMD,1,1,21,0.0733,7.3e-05
6,163,111001,Sequencial,2,2,31,0.0079,8e-06
6,163,111001,PyTorch SIMD,2,2,31,0.1748,0.000175
6,164,000010,Sequencial,1,1,3,0.0038,4e-06
6,164,000010,PyTorch SIMD,1,1,3,0.0648,6.5e-05
6,165,011011,Sequencial,2,4,43,0.0107,1.1e-05
6,165,011011,PyTorch SIMD,2,4,43,0.1917,0.000192
6,166,000110,Sequencial,1,1,9,0.0049,5e-06
6,166,000110,PyTorch SIMD,1,1,9,0.0655,6.6e-05
6,167,111001,Sequencial,2,2,31,0.0083,8e-06
6,167,111001,PyTorch SIMD,2,2,31,0.1991,0.000199
6,168,110001,Sequencial,2,2,29,0.0081,8e-06
6,168,110001,PyTorch SIMD,2,2,29,0.1836,0.000184
6,169,111001,Sequencial,2,2,31,0.0085,8e-06
6,169,111001,PyTorch SIMD,2,2,31,0.1728,0.000173
6,170,011110,Sequencial,1,1,18,0.0056,6e-06
6,170,011110,PyTorch SIMD,1,1,18,0.0652,6.5e-05
6,171,110011,Sequencial,2,8,57,0.0147,1.5e-05
6,171,110011,PyTorch SIMD,2,8,57,0.1801,0.00018
6,172,001011,Sequencial,2,4,42,0.0109,1.1e-05
6,172,001011,PyTorch SIMD,2,4,42,0.176,0.000176
6,173,010011,Sequencial,2,6,50,0.0124,1.2e-05
6,173,010011,PyTorch SIMD,2,6,50,0.1938,0.000194
6,174,011010,Sequencial,2,3,36,0.0091,9e-06
6,174,011010,PyTorch SIMD,2,3,36,0.1774,0.000177
6,175,111010,Sequencial,2,3,38,0.0087,9e-06
6,175,111010,PyTorch SIMD,2,3,38,0.1873,0.000187
6,176,010001,Sequencial,2,2,25,0.0073,7e-06
6,176,010001,PyTorch SIMD,2,2,25,0.1688,0.000169
6,177,010011,Sequencial,2,6,50,0.0123,1.2e-05
6,177,010011,PyTorch SIMD,2,6,50,0.1692,0.000169
6,178,110000,Sequencial,1,1,12,0.0048,5e-06
6,178,110000,PyTorch SIMD,1,1,12,0.0632,6.3e-05
6,179,011001,Sequencial,2,2,28,0.0075,8e-06
6,179,011001,PyTorch SIMD,2,2,28,0.1654,0.000165
6,180,001100,Sequencial,1,1,10,0.0045,4e-06
6,180,001100,PyTorch SIMD,1,1,10,0.0627,6.3e-05
6,181,101010,Sequencial,3,33,63,0.035,3.5e-05
6,181,101010,PyTorch SIMD,3,33,63,0.2852,0.000285
6,182,011110,Sequencial,1,1,18,0.0054,5e-06
6,182,011110,PyTorch SIMD,1,1,18,0.0638,6.4e-05
6,183,100100,Sequencial,2,4,40,0.0098,1e-05
6,183,100100,PyTorch SIMD,2,4,40,0.1698,0.00017
6,184,001110,Sequencial,1,1,14,0.0049,5e-06
6,184,001110,PyTorch SIMD,1,1,14,0.0634,6.3e-05
6,185,100011,Sequencial,2,7,54,0.0129,1.3e-05
6,185,100011,PyTorch SIMD,2,7,54,0.1694,0.000169
6,186,100010,Sequencial,2,3,35,0.0087,9e-06
6,186,100010,PyTorch SIMD,2,3,35,0.189,0.000189
6,187,010011,Sequencial,2,6,50,0.012,1.2e-05
6,187,010011,PyTorch SIMD,2,6,50,0.1754,0.000175
6,188,011110,Sequencial,1,1,18,0.0053,5e-06
6,188,011110,PyTorch SIMD,1,1,18,0.0649,6.5e-05
6,189,010010,Sequencial,2,3,34,0.0081,8e-06
6,189,010010,PyTorch SIMD,2,3,34,0.1705,0.000171
6,190,111100,Sequencial,1,1,19,0.0053,5e-06
6,190,111100,PyTorch SIMD,1,1,19,0.0725,7.2e-05
6,191,011101,Sequencial,2,2,30,0.0078,8e-06
6,191,011101,PyTorch SIMD,2,2,30,0.1725,0.000172
6,192,111001,Sequencial,2,2,31,0.0081,8e-06
6,192,111001,PyTorch SIMD,2,2,31,0.1654,0.000165
6,193,011101,Sequencial,2,2,30,0.0079,8e-06
6,193,011101,PyTorch SIMD,2,2,30,0.166,0.000166
6,194,100101,Sequencial,3,23,59,0.0264,2.6e-05
6,194,100101,PyTorch SIMD,3,23,59,0.2772,0.000277
6,195,011110,Sequencial,1,1,18,0.0055,5e-06
6,195,011110,PyTorch SIMD,1,1,18,0.0646,6.5e-05
6,196,001101,Sequencial,2,2,27,0.0077,8e-06
6,196,001101,PyTorch SIMD,2,2,27,0.1775,0.000178
6,197,011100,Sequencial,1,1,15,0.005,5e-06
6,197,011100,PyTorch SIMD,1,1,15,0.0639,6.4e-05
6,198,010110,Sequencial,2,5,46,0.011,1.1e-05
6,198,010110,PyTorch SIMD,2,5,46,0.1699,0.00017
6,199,101100,Sequencial,2,6,51,0.0126,1.3e-05
6,199,101100,PyTorch SIMD,2,6,51,0.1698,0.00017
6,200,111000,Sequencial,1,1,16,0.0053,5e-06
6,200,111000,PyTorch SIMD,1,1,16,0.063,6.3e-05
6,201,000011,Sequencial,1,1,8,0.0041,4e-06
6,201,000011,PyTorch SIMD,1,1,8,0.0603,6e-05
6,202,110011,Sequencial,2,8,57,0.0141,1.4e-05
6,202,110011,PyTorch SIMD,2,8,57,0.1695,0.00017
6,203,111001,Sequencial,2,2,31,0.0109,1.1e-05
6,203,111001,PyTorch SIMD,2,2,31,0.1665,0.000167
6,204,010100,Sequencial,2,4,39,0.0096,1e-05
6,204,010100,PyTorch SIMD,2,4,39,0.1682,0.000168
6,205,101001,Sequencial,3,24,61,0.0277,2.8e-05
6,205,101001,PyTorch SIMD,3,24,61,0.2809,0.000281
6,206,111111,Sequencial,1,1,22,0.0068,7e-06
6,206,111111,PyTorch SIMD,1,1,22,0.0626,6.3e-05
6,207,001001,Sequencial,2,2,24,0.0066,7e-06
6,207,001001,PyTorch SIMD,2,2,24,0.1711,0.000171
6,208,110100,Sequencial,2,4,41,0.01,1e-05
6,208,110100,PyTorch SIMD,2,4,41,0.2122,0.000212
6,209,000011,Sequencial,1,1,8,0.0046,5e-06
6,209,000011,PyTorch SIMD,1,1,8,0.0666,6.7e-05
6,210,000111,Sequencial,1,1,13,0.0048,5e-06
6,210,000111,PyTorch SIMD,1,1,13,0.0607,6.1e-05
6,211,011111,Sequencial,1,1,20,0.0062,6e-06
6,211,011111,PyTorch SIMD,1,1,20,0.0604,6e-05
6,212,001010,Sequencial,2,3,33,0.008,8e-06
6,212,001010,PyTorch SIMD,2,3,33,0.1708,0.000171
6,213,111001,Sequencial,2,2,31,0.0082,8e-06
6,213,111001,PyTorch SIMD,2,2,31,0.1651,0.000165
6,214,101001,Sequencial,3,24,61,0.0273,2.7e-05
6,214,101001,PyTorch SIMD,3,24,61,0.279,0.000279
6,215,100010,Sequencial,2,3,35,0.0088,9e-06
6,215,100010,PyTorch SIMD,2,3,35,0.1696,0.00017
6,216,101011,Sequencial,3,39,64,0.0413,4.1e-05
6,216,101011,PyTorch SIMD,3,39,64,0.2826,0.000283
6,217,111111,Sequencial,1,1,22,0.0072,7e-06
6,217,111111,PyTorch SIMD,1,1,22,0.0637,6.4e-05
6,218,001101,Sequencial,2,2,27,0.0073,7e-06
6,218,001101,PyTorch SIMD,2,2,27,0.1705,0.00017
6,219,001011,Sequencial,2,4,42,0.0104,1e-05
6,219,001011,PyTorch SIMD,2,4,42,0.175,0.000175
6,220,000110,Sequencial,1,1,9,0.0047,5e-06
6,220,000110,PyTorch SIMD,1,1,9,0.065,6.5e-05
6,221,111000,Sequencial,1,1,16,0.0052,5e-06
6,221,111000,PyTorch SIMD,1,1,16,0.0627,6.3e-05
6,222,011010,Sequencial,2,3,36,0.009,9e-06
6,222,011010,PyTorch SIMD,2,3,36,0.1749,0.000175
6,223,100100,Sequencial,2,4,40,0.0101,1e-05
6,223,100100,PyTorch SIMD,2,4,40,0.1733,0.000173
6,224,011101,Sequencial,2,2,30,0.0079,8e-06
6,224,011101,PyTorch SIMD,2,2,30,0.1691,0.000169
6,225,001010,Sequencial,2,3,33,0.0086,9e-06
6,225,001010,PyTorch SIMD,2,3,33,0.1761,0.000176
6,226,001111,Sequencial,1,1,17,0.0051,5e-06
6,226,001111,PyTorch SIMD,1,1,17,0.0645,6.5e-05
6,227,101111,Sequencial,2,6,53,0.0126,1.3e-05
6,227,101111,PyTorch SIMD,2,6,53,0.1711,0.000171
6,228,010111,Sequencial,2,5,47,0.0119,1.2e-05
6,228,010111,PyTorch SIMD,2,5,47,0.1762,0.000176
6,229,100111,Sequencial,2,7,56,0.014,1.4e-05
6,229,100111,PyTorch SIMD,2,7,56,0.1819,0.000182
6,230,111011,Sequencial,2,4,44,0.0109,1.1e-05
6,230,111011,PyTorch SIMD,2,4,44,0.1859,0.000186
6,231,100101,Sequencial,3,23,59,0.0275,2.7e-05
6,231,100101,PyTorch SIMD,3,23,59,0.2867,0.000287
6,232,000010,Sequencial,1,1,3,0.0039,4e-06
6,232,000010,PyTorch SIMD,1,1,3,0.0649,6.5e-05
6,233,011011,Sequencial,2,4,43,0.0106,1.1e-05
6,233,011011,PyTorch SIMD,2,4,43,0.1687,0.000169
6,234,000010,Sequencial,1,1,3,0.0038,4e-06
6,234,000010,PyTorch SIMD,1,1,3,0.0636,6.4e-05
6,235,000010,Sequencial,1,1,3,0.0065,7e-06
6,235,000010,PyTorch SIMD,1,1,3,0.0622,6.2e-05
6,236,001110,Sequencial,1,1,14,0.0048,5e-06
6,236,001110,PyTorch SIMD,1,1,14,0.0605,6e-05
6,237,111110,Sequencial,1,1,21,0.0063,6e-06
6,237,111110,PyTorch SIMD,1,1,21,0.0603,6e-05
6,238,010111,Sequencial,2,5,47,0.0112,1.1e-05
6,238,010111,PyTorch SIMD,2,5,47,0.1721,0.000172
6,239,011010,Sequencial,2,3,36,0.009,9e-06
6,239,011010,PyTorch SIMD,2,3,36,0.1701,0.00017
6,240,101010,Sequencial,3,33,63,0.0353,3.5e-05
6,240,101010,PyTorch SIMD,3,33,63,0.2838,0.000284
6,241,010011,Sequencial,2,6,50,0.0122,1.2e-05
6,241,010011,PyTorch SIMD,2,6,50,0.1704,0.00017
6,242,000011,Sequencial,1,1,8,0.0044,4e-06
6,242,000011,PyTorch SIMD,1,1,8,0.064,6.4e-05
6,243,010001,Sequencial,2,2,25,0.007,7e-06
6,243,010001,PyTorch SIMD,2,2,25,0.164,0.000164
6,244,101101,Sequencial,3,25,62,0.0289,2.9e-05
6,244,101101,PyTorch SIMD,3,25,62,0.2796,0.00028
6,245,111000,Sequencial,1,1,16,0.0051,5e-06
6,245,111000,PyTorch SIMD,1,1,16,0.0644,6.4e-05
6,246,110111,Sequencial,2,5,49,0.0115,1.2e-05
6,246,110111,PyTorch SIMD,2,5,49,0.1709,0.000171
6,247,100110,Sequencial,2,7,55,0.0133,1.3e-05
6,247,100110,PyTorch SIMD,2,7,55,0.1721,0.000172
6,248,110001,Sequencial,2,2,29,0.0077,8e-06
6,248,110001,PyTorch SIMD,2,2,29,0.1647,0.000165
6,249,011011,Sequencial,2,4,43,0.0102,1e-05
6,249,011011,PyTorch SIMD,2,4,43,0.1687,0.000169
6,250,010000,Sequencial,1,1,6,0.0043,4e-06
6,250,010000,PyTorch SIMD,1,1,6,0.0634,6.3e-05
7,1,0011011,Sequencial,2,4,62,0.0137,1.4e-05
7,1,0011011,PyTorch SIMD,2,4,62,0.1945,0.000194
7,2,1001010,Sequencial,3,45,116,0.0628,6.3e-05
7,2,1001010,PyTorch SIMD,3,45,116,0.337,0.000337
7,3,1001000,Sequencial,2,5,66,0.014,1.4e-05
7,3,1001000,PyTorch SIMD,2,5,66,0.1837,0.000184
7,4,0010100,Sequencial,2,4,55,0.0119,1.2e-05
7,4,0010100,PyTorch SIMD,2,4,55,0.1752,0.000175
7,5,0000101,Sequencial,2,2,30,0.0082,8e-06
7,5,0000101,PyTorch SIMD,2,2,30,0.1694,0.000169
7,6,0000100,Sequencial,1,1,4,0.0043,4e-06
7,6,0000100,PyTorch SIMD,1,1,4,0.0663,6.6e-05
7,7,0111100,Sequencial,1,1,22,0.0068,7e-06
7,7,0111100,PyTorch SIMD,1,1,22,0.0652,6.5e-05
7,8,1000100,Sequencial,2,4,57,0.0118,1.2e-05
7,8,1000100,PyTorch SIMD,2,4,57,0.1773,0.000177
7,9,1010101,Sequencial,4,100,128,0.1226,0.000123
7,9,1010101,PyTorch SIMD,4,100,128,0.449,0.000449
7,10,0000100,Sequencial,1,1,4,0.006,6e-06
7,10,0000100,PyTorch SIMD,1,1,4,0.0972,9.7e-05
7,11,1000001,Sequencial,2,2,34,0.0088,9e-06
7,11,1000001,PyTorch SIMD,2,2,34,0.2079,0.000208
7,12,1100011,Sequencial,2,9,96,0.0224,2.2e-05
7,12,1100011,PyTorch SIMD,2,9,96,0.1839,0.000184
7,13,1000010,Sequencial,2,3,48,0.0109,1.1e-05
7,13,1000010,PyTorch SIMD,2,3,48,0.1756,0.000176
7,14,1110000,Sequencial,1,1,19,0.0061,6e-06
7,14,1110000,PyTorch SIMD,1,1,19,0.0657,6.6e-05
7,15,0101010,Sequencial,3,45,115,0.0599,6e-05
7,15,0101010,PyTorch SIMD,3,45,115,0.3125,0.000312
7,16,0001100,Sequencial,1,1,11,0.0059,6e-06
7,16,0001100,PyTorch SIMD,1,1,11,0.0703,7e-05
7,17,0011011,Sequencial,2,4,62,0.0135,1.4e-05
7,17,0011011,PyTorch SIMD,2,4,62,0.1803,0.00018
7,18,1100000,Sequencial,1,1,14,0.0059,6e-06
7,18,1100000,PyTorch SIMD,1,1,14,0.0669,6.7e-05
7,19,0100011,Sequencial,2,7,82,0.0169,1.7e-05
7,19,0100011,PyTorch SIMD,2,7,82,0.1776,0.000178
7,20,1010010,Sequencial,3,46,118,0.064,6.4e-05
7,20,1010010,PyTorch SIMD,3,46,118,0.3149,0.000315
7,21,0010100,Sequencial,2,4,55,0.0122,1.2e-05
7,21,0010100,PyTorch SIMD,2,4,55,0.1767,0.000177
7,22,1101001,Sequencial,3,31,108,0.0457,4.6e-05
7,22,1101001,PyTorch SIMD,3,31,108,0.3191,0.000319
7,23,0110101,Sequencial,3,30,103,0.0438,4.4e-05
7,23,0110101,PyTorch SIMD,3,30,103,0.299,0.000299
7,24,1010001,Sequencial,3,32,109,0.0462,4.6e-05
7,24,1010001,PyTorch SIMD,3,32,109,0.3049,0.000305
7,25,0011101,Sequencial,2,2,39,0.0098,1e-05
7,25,0011101,PyTorch SIMD,2,2,39,0.1764,0.000176
7,26,0100001,Sequencial,2,2,33,0.0088,9e-06
7,26,0100001,PyTorch SIMD,2,2,33,0.1717,0.000172
7,27,1011101,Sequencial,3,33,113,0.0489,4.9e-05
7,27,1011101,PyTorch SIMD,3,33,113,0.3322,0.000332
7,28,0011000,Sequencial,1,1,12,0.0055,6e-06
7,28,0011000,PyTorch SIMD,1,1,12,0.0728,7.3e-05
7,29,1001011,Sequencial,3,57,124,0.0742,7.4e-05
7,29,1001011,PyTorch SIMD,3,57,124,0.3144,0.000314
7,30,1011000,Sequencial,2,7,85,0.0175,1.7e-05
7,30,1011000,PyTorch SIMD,2,7,85,0.177,0.000177
7,31,1001100,Sequencial,2,8,91,0.0189,1.9e-05
7,31,1001100,PyTorch SIMD,2,8,91,0.1745,0.000175
7,32,0110101,Sequencial,3,30,103,0.0437,4.4e-05
7,32,0110101,PyTorch SIMD,3,30,103,0.3101,0.00031
7,33,1010110,Sequencial,3,65,125,0.0902,9e-05
7,33,1010110,PyTorch SIMD,3,65,125,0.3163,0.000316
7,34,0110111,Sequencial,2,5,71,0.0149,1.5e-05
7,34,0110111,PyTorch SIMD,2,5,71,0.176,0.000176
7,35,0010100,Sequencial,2,4,55,0.0119,1.2e-05
7,35,0010100,PyTorch SIMD,2,4,55,0.1744,0.000174
7,36,1110110,Sequencial,2,5,72,0.0147,1.5e-05
7,36,1110110,PyTorch SIMD,2,5,72,0.1765,0.000176
7,37,0001001,Sequencial,2,2,31,0.0084,8e-06
7,37,0001001,PyTorch SIMD,2,2,31,0.1692,0.000169
7,38,0011111,Sequencial,1,1,24,0.0073,7e-06
7,38,0011111,PyTorch SIMD,1,1,24,0.065,6.5e-05
7,39,0011110,Sequencial,1,1,21,0.0067,7e-06
7,39,0011110,PyTorch SIMD,1,1,21,0.0623,6.2e-05
7,40,1111001,Sequencial,2,2,43,0.0088,9e-06
7,40,1111001,PyTorch SIMD,2,2,43,0.1692,0.000169
7,41,0010100,Sequencial,2,4,55,0.0118,1.2e-05
7,41,0010100,PyTorch SIMD,2,4,55,0.1741,0.000174
7,42,0100100,Sequencial,2,4,56,0.0119,1.2e-05
7,42,0100100,PyTorch SIMD,2,4,56,0.1732,0.000173
7,43,0110111,Sequencial,2,5,71,0.014,1.4e-05
7,43,0110111,PyTorch SIMD,2,5,71,0.173,0.000173
7,44,1010000,Sequencial,2,6,74,0.0154,1.5e-05
7,44,1010000,PyTorch SIMD,2,6,74,0.1738,0.000174
7,45,1111111,Sequencial,1,1,29,0.0076,8e-06
7,45,1111111,PyTorch SIMD,1,1,29,0.0639,6.4e-05
7,46,1010101,Sequencial,4,100,128,0.1206,0.000121
7,46,1010101,PyTorch SIMD,4,100,128,0.4384,0.000438
7,47,1100111,Sequencial,2,12,99,0.0256,2.6e-05
7,47,1100111,PyTorch SIMD,2,12,99,0.1836,0.000184
7,48,0010000,Sequencial,1,1,6,0.0048,5e-06
7,48,0010000,PyTorch SIMD,1,1,6,0.0683,6.8e-05
7,49,0001011,Sequencial,2,4,61,0.0128,1.3e-05
7,49,0001011,PyTorch SIMD,2,4,61,0.1841,0.000184
7,50,1000110,Sequencial,2,8,90,0.0195,2e-05
7,50,1000110,PyTorch SIMD,2,8,90,0.1797,0.00018
7,51,1101001,Sequencial,3,31,108,0.049,4.9e-05
7,51,1101001,PyTorch SIMD,3,31,108,0.3309,0.000331
7,52,1011001,Sequencial,3,33,112,0.0525,5.2e-05
7,52,1011001,PyTorch SIMD,3,33,112,0.3291,0.000329
7,53,1110110,Sequencial,2,5,72,0.0153,1.5e-05
7,53,1110110,PyTorch SIMD,2,5,72,0.1941,0.000194
7,54,1000101,Sequencial,3,30,102,0.0447,4.5e-05
7,54,1000101,PyTorch SIMD,3,30,102,0.3235,0.000324
7,55,0110100,Sequencial,2,4,58,0.0124,1.2e-05
7,55,0110100,PyTorch SIMD,2,4,58,0.2252,0.000225
7,56,0100010,Sequencial,2,3,47,0.0109,1.1e-05
7,56,0100010,PyTorch SIMD,2,3,47,0.2132,0.000213
7,57,1011011,Sequencial,3,56,123,0.0755,7.6e-05
7,57,1011011,PyTorch SIMD,3,56,123,0.3214,0.000321
7,58,0111101,Sequencial,2,2,42,0.0092,9e-06
7,58,0111101,PyTorch SIMD,2,2,42,0.1747,0.000175
7,59,1111001,Sequencial,2,2,43,0.0095,1e-05
7,59,1111001,PyTorch SIMD,2,2,43,0.1714,0.000171
7,60,1110110,Sequencial,2,5,72,0.0147,1.5e-05
7,60,1110110,PyTorch SIMD,2,5,72,0.1753,0.000175
7,61,0001110,Sequencial,1,1,16,0.0055,6e-06
7,61,0001110,PyTorch SIMD,1,1,16,0.0661,6.6e-05
7,62,1001110,Sequencial,2,8,93,0.0186,1.9e-05
7,62,1001110,PyTorch SIMD,2,8,93,0.1829,0.000183
7,63,1000111,Sequencial,2,8,92,0.0192,1.9e-05
7,63,1000111,PyTorch SIMD,2,8,92,0.1751,0.000175
7,64,0111100,Sequencial,1,1,22,0.0072,7e-06
7,64,0111100,PyTorch SIMD,1,1,22,0.0654,6.5e-05
7,65,0011101,Sequencial,2,2,39,0.0086,9e-06
7,65,0011101,PyTorch SIMD,2,2,39,0.1915,0.000192
7,66,1010001,Sequencial,3,32,109,0.0463,4.6e-05
7,66,1010001,PyTorch SIMD,3,32,109,0.3305,0.000331
7,67,1011111,Sequencial,2,7,88,0.0178,1.8e-05
7,67,1011111,PyTorch SIMD,2,7,88,0.1764,0.000176
7,68,0101000,Sequencial,2,5,65,0.0135,1.4e-05
7,68,0101000,PyTorch SIMD,2,5,65,0.1916,0.000192
7,69,1101001,Sequencial,3,31,108,0.0458,4.6e-05
7,69,1101001,PyTorch SIMD,3,31,108,0.3267,0.000327
7,70,1110110,Sequencial,2,5,72,0.0143,1.4e-05
7,70,1110110,PyTorch SIMD,2,5,72,0.1777,0.000178
7,71,0000111,Sequencial,1,1,15,0.0055,5e-06
7,71,0000111,PyTorch SIMD,1,1,15,0.067,6.7e-05
7,72,1101000,Sequencial,2,5,67,0.0133,1.3e-05
7,72,1101000,PyTorch SIMD,2,5,67,0.1733,0.000173
7,73,1111100,Sequencial,1,1,26,0.0075,8e-06
7,73,1111100,PyTorch SIMD,1,1,26,0.0675,6.7e-05
7,74,0000011,Sequencial,1,1,9,0.0063,6e-06
7,74,0000011,PyTorch SIMD,1,1,9,0.1112,0.000111
7,75,0000111,Sequencial,1,1,15,0.0059,6e-06
7,75,0000111,PyTorch SIMD,1,1,15,0.0775,7.7e-05
7,76,1011010,Sequencial,3,47,119,0.0635,6.3e-05
7,76,1011010,PyTorch SIMD,3,47,119,0.3231,0.000323
7,77,0000010,Sequencial,1,1,3,0.0042,4e-06
7,77,0000010,PyTorch SIMD,1,1,3,0.0676,6.8e-05
7,78,0001000,Sequencial,1,1,5,0.0042,4e-06
7,78,0001000,PyTorch SIMD,1,1,5,0.063,6.3e-05
7,79,1100000,Sequencial,1,1,14,0.0052,5e-06
7,79,1100000,PyTorch SIMD,1,1,14,0.0631,6.3e-05
7,80,1010010,Sequencial,3,46,118,0.0617,6.2e-05
7,80,1010010,PyTorch SIMD,3,46,118,0.3659,0.000366
7,81,0000010,Sequencial,1,1,3,0.0043,4e-06
7,81,0000010,PyTorch SIMD,1,1,3,0.0692,6.9e-05
7,82,0011100,Sequencial,1,1,17,0.0054,5e-06
7,82,0011100,PyTorch SIMD,1,1,17,0.0672,6.7e-05
7,83,0000010,Sequencial,1,1,3,0.0039,4e-06
7,83,0000010,PyTorch SIMD,1,1,3,0.0638,6.4e-05
7,84,0001101,Sequencial,2,2,35,0.0083,8e-06
7,84,0001101,PyTorch SIMD,2,2,35,0.175,0.000175
7,85,0011100,Sequencial,1,1,17,0.0058,6e-06
7,85,0011100,PyTorch SIMD,1,1,17,0.068,6.8e-05
7,86,1010100,Sequencial,3,55,120,0.0728,7.3e-05
7,86,1010100,PyTorch SIMD,3,55,120,0.3321,0.000332
7,87,1110011,Sequencial,2,9,97,0.0206,2.1e-05
7,87,1110011,PyTorch SIMD,2,9,97,0.186,0.000186
7,88,0111110,Sequencial,1,1,25,0.0077,8e-06
7,88,0111110,PyTorch SIMD,1,1,25,0.0666,6.7e-05
7,89,1110011,Sequencial,2,9,97,0.0205,2.1e-05
7,89,1110011,PyTorch SIMD,2,9,97,0.1783,0.000178
7,90,0010110,Sequencial,2,5,68,0.0143,1.4e-05
7,90,0010110,PyTorch SIMD,2,5,68,0.1817,0.000182
7,91,0011000,Sequencial,1,1,12,0.0053,5e-06
7,91,0011000,PyTorch SIMD,1,1,12,0.0671,6.7e-05
7,92,1010100,Sequencial,3,55,120,0.077,7.7e-05
7,92,1010100,PyTorch SIMD,3,55,120,0.3143,0.000314
7,93,1111111,Sequencial,1,1,29,0.0082,8e-06
7,93,1111111,PyTorch SIMD,1,1,29,0.0693,6.9e-05
7,94,1110100,Sequencial,2,4,60,0.0134,1.3e-05
7,94,1110100,PyTorch SIMD,2,4,60,0.1904,0.00019
7,95,1110000,Sequencial,1,1,19,0.0069,7e-06
7,95,1110000,PyTorch SIMD,1,1,19,0.0737,7.4e-05
7,96,0010011,Sequencial,2,6,75,0.0158,1.6e-05
7,96,0010011,PyTorch SIMD,2,6,75,0.1961,0.000196
7,97,0100110,Sequencial,2,7,83,0.0176,1.8e-05
7,97,0100110,PyTorch SIMD,2,7,83,0.1781,0.000178
7,98,1111100,Sequencial,1,1,26,0.0075,8e-06
7,98,1111100,PyTorch SIMD,1,1,26,0.0657,6.6e-05
7,99,1011111,Sequencial,2,7,88,0.018,1.8e-05
7,99,1011111,PyTorch SIMD,2,7,88,0.174,0.000174
7,100,1000101,Sequencial,3,30,102,0.0434,4.3e-05
7,100,1000101,PyTorch SIMD,3,30,102,0.3143,0.000314
7,101,1011101,Sequencial,3,33,113,0.049,4.9e-05
7,101,1011101,PyTorch SIMD,3,33,113,0.3118,0.000312
7,102,1100111,Sequencial,2,12,99,0.0246,2.5e-05
7,102,1100111,PyTorch SIMD,2,12,99,0.1796,0.00018
7,103,1111000,Sequencial,1,1,23,0.0072,7e-06
7,103,1111000,PyTorch SIMD,1,1,23,0.082,8.2e-05
7,104,0110110,Sequencial,2,5,70,0.0147,1.5e-05
7,104,0110110,PyTorch SIMD,2,5,70,0.2087,0.000209
7,105,1111100,Sequencial,1,1,26,0.0081,8e-06
7,105,1111100,PyTorch SIMD,1,1,26,0.0743,7.4e-05
7,106,0010010,Sequencial,2,3,46,0.0101,1e-05
7,106,0010010,PyTorch SIMD,2,3,46,0.1896,0.00019
7,107,1001011,Sequencial,3,57,124,0.0761,7.6e-05
7,107,1001011,PyTorch SIMD,3,57,124,0.3251,0.000325
7,108,1101011,Sequencial,3,55,122,0.0755,7.6e-05
7,108,1101011,PyTorch SIMD,3,55,122,0.3193,0.000319
7,109,1101001,Sequencial,3,31,108,0.0461,4.6e-05
7,109,1101001,PyTorch SIMD,3,31,108,0.3093,0.000309
7,110,1101110,Sequencial,2,6,80,0.0171,1.7e-05
7,110,1101110,PyTorch SIMD,2,6,80,0.1848,0.000185
7,111,1001101,Sequencial,3,34,114,0.0516,5.2e-05
7,111,1001101,PyTorch SIMD,3,34,114,0.3016,0.000302
7,112,1000110,Sequencial,2,8,90,0.0184,1.8e-05
7,112,1000110,PyTorch SIMD,2,8,90,0.1802,0.00018
7,113,1101011,Sequencial,3,55,122,0.072,7.2e-05
7,113,1101011,PyTorch SIMD,3,55,122,0.3137,0.000314
7,114,1101111,Sequencial,2,6,81,0.0165,1.7e-05
7,114,1101111,PyTorch SIMD,2,6,81,0.18,0.00018
7,115,0001011,Sequencial,2,4,61,0.0128,1.3e-05
7,115,0001011,PyTorch SIMD,2,4,61,0.177,0.000177
7,116,1001100,Sequencial,2,8,91,0.0194,1.9e-05
7,116,1001100,PyTorch SIMD,2,8,91,0.1766,0.000177
7,117,0111100,Sequencial,1,1,22,0.0072,7e-06
7,117,0111100,PyTorch SIMD,1,1,22,0.0664,6.6e-05
7,118,1110101,Sequencial,3,30,105,0.0456,4.6e-05
7,118,1110101,PyTorch SIMD,3,30,105,0.3096,0.00031
7,119,0000001,Sequencial,1,1,2,0.0043,4e-06
7,119,0000001,PyTorch SIMD,1,1,2,0.0801,8e-05
7,120,1111000,Sequencial,1,1,23,0.0076,8e-06
7,120,1111000,PyTorch SIMD,1,1,23,0.0657,6.6e-05
7,121,1001100,Sequencial,2,8,91,0.0194,1.9e-05
7,121,1001100,PyTorch SIMD,2,8,91,0.1847,0.000185
7,122,1000110,Sequencial,2,8,90,0.0198,2e-05
7,122,1000110,PyTorch SIMD,2,8,90,0.1925,0.000193
7,123,1101000,Sequencial,2,5,67,0.0148,1.5e-05
7,123,1101000,PyTorch SIMD,2,5,67,0.1798,0.00018
7,124,0110001,Sequencial,2,2,37,0.0091,9e-06
7,124,0110001,PyTorch SIMD,2,2,37,0.1762,0.000176
7,125,1101000,Sequencial,2,5,67,0.0141,1.4e-05
7,125,1101000,PyTorch SIMD,2,5,67,0.177,0.000177
7,126,0011110,Sequencial,1,1,21,0.0074,7e-06
7,126,0011110,PyTorch SIMD,1,1,21,0.066,6.6e-05
7,127,1101110,Sequencial,2,6,80,0.0162,1.6e-05
7,127,1101110,PyTorch SIMD,2,6,80,0.1772,0.000177
7,128,1011110,Sequencial,2,7,87,0.0183,1.8e-05
7,128,1011110,PyTorch SIMD,2,7,87,0.1787,0.000179
7,129,0001111,Sequencial,1,1,20,0.0072,7e-06
7,129,0001111,PyTorch SIMD,1,1,20,0.0694,6.9e-05
7,130,0011011,Sequencial,2,4,62,0.0125,1.3e-05
7,130,0011011,PyTorch SIMD,2,4,62,0.1745,0.000175
7,131,1001001,Sequencial,3,31,107,0.0457,4.6e-05
7,131,1001001,PyTorch SIMD,3,31,107,0.3104,0.00031
7,132,1101011,Sequencial,3,55,122,0.0734,7.3e-05
7,132,1101011,PyTorch SIMD,3,55,122,0.3112,0.000311
7,133,1110010,Sequencial,2,3,53,0.0109,1.1e-05
7,133,1110010,PyTorch SIMD,2,3,53,0.1762,0.000176
7,134,1111000,Sequencial,1,1,23,0.0075,7e-06
7,134,1111000,PyTorch SIMD,1,1,23,0.0668,6.7e-05
7,135,1001011,Sequencial,3,57,124,0.0757,7.6e-05
7,135,1001011,PyTorch SIMD,3,57,124,0.3056,0.000306
7,136,0000011,Sequencial,1,1,9,0.005,5e-06
7,136,0000011,PyTorch SIMD,1,1,9,0.0663,6.6e-05
7,137,1101011,Sequencial,3,55,122,0.0716,7.2e-05
7,137,1101011,PyTorch SIMD,3,55,122,0.3173,0.000317
7,138,0011011,Sequencial,2,4,62,0.0124,1.2e-05
7,138,0011011,PyTorch SIMD,2,4,62,0.1748,0.000175
7,139,0000010,Sequencial,1,1,3,0.0041,4e-06
7,139,0000010,PyTorch SIMD,1,1,3,0.0653,6.5e-05
7,140,1001110,Sequencial,2,8,93,0.0182,1.8e-05
7,140,1001110,PyTorch SIMD,2,8,93,0.1816,0.000182
7,141,0100011,Sequencial,2,7,82,0.0171,1.7e-05
7,141,0100011,PyTorch SIMD,2,7,82,0.1789,0.000179
7,142,1000011,Sequencial,2,8,89,0.0207,2.1e-05
7,142,1000011,PyTorch SIMD,2,8,89,0.1791,0.000179
7,143,1101001,Sequencial,3,31,108,0.0474,4.7e-05
7,143,1101001,PyTorch SIMD,3,31,108,0.3111,0.000311
7,144,0101001,Sequencial,3,31,106,0.0453,4.5e-05
7,144,0101001,PyTorch SIMD,3,31,106,0.3176,0.000318
7,145,1010110,Sequencial,3,65,125,0.0872,8.7e-05
7,145,1010110,PyTorch SIMD,3,65,125,0.3617,0.000362
7,146,0101101,Sequencial,3,32,110,0.0485,4.8e-05
7,146,0101101,PyTorch SIMD,3,32,110,0.3208,0.000321
7,147,1100001,Sequencial,2,2,38,0.0094,9e-06
7,147,1100001,PyTorch SIMD,2,2,38,0.1773,0.000177
7,148,0110011,Sequencial,2,9,95,0.021,2.1e-05
7,148,0110011,PyTorch SIMD,2,9,95,0.1793,0.000179
7,149,1110001,Sequencial,2,2,41,0.0096,1e-05
7,149,1110001,PyTorch SIMD,2,2,41,0.1721,0.000172
7,150,0111001,Sequencial,2,2,40,0.0096,1e-05
7,150,0111001,PyTorch SIMD,2,2,40,0.1787,0.000179
7,151,1010100,Sequencial,3,55,120,0.0721,7.2e-05
7,151,1010100,PyTorch SIMD,3,55,120,0.3219,0.000322
7,152,1111111,Sequencial,1,1,29,0.0079,8e-06
7,152,1111111,PyTorch SIMD,1,1,29,0.0673,6.7e-05
7,153,1101101,Sequencial,3,32,111,0.0459,4.6e-05
7,153,1101101,PyTorch SIMD,3,32,111,0.3029,0.000303
7,154,0001000,Sequencial,1,1,5,0.0044,4e-06
7,154,0001000,PyTorch SIMD,1,1,5,0.0667,6.7e-05
7,155,1011010,Sequencial,3,47,119,0.0636,6.4e-05
7,155,1011010,PyTorch SIMD,3,47,119,0.3016,0.000302
7,156,1111100,Sequencial,1,1,26,0.0073,7e-06
7,156,1111100,PyTorch SIMD,1,1,26,0.0659,6.6e-05
7,157,0100100,Sequencial,2,4,56,0.011,1.1e-05
7,157,0100100,PyTorch SIMD,2,4,56,0.1729,0.000173
7,158,1000100,Sequencial,2,4,57,0.0118,1.2e-05
7,158,1000100,PyTorch SIMD,2,4,57,0.173,0.000173
7,159,1010101,Sequencial,4,100,128,0.1223,0.000122
7,159,1010101,PyTorch SIMD,4,100,128,0.4364,0.000436
7,160,1010001,Sequencial,3,32,109,0.0478,4.8e-05
7,160,1010001,PyTorch SIMD,3,32,109,0.3144,0.000314
7,161,1110101,Sequencial,3,30,105,0.0445,4.5e-05
7,161,1110101,PyTorch SIMD,3,30,105,0.3169,0.000317
7,162,1000110,Sequencial,2,8,90,0.0196,2e-05
7,162,1000110,PyTorch SIMD,2,8,90,0.1829,0.000183
7,163,0101100,Sequencial,2,6,76,0.0168,1.7e-05
7,163,0101100,PyTorch SIMD,2,6,76,0.181,0.000181
7,164,1000011,Sequencial,2,8,89,0.0195,2e-05
7,164,1000011,PyTorch SIMD,2,8,89,0.1791,0.000179
7,165,1001111,Sequencial,2,8,94,0.0196,2e-05
7,165,1001111,PyTorch SIMD,2,8,94,0.1784,0.000178
7,166,0101011,Sequencial,3,55,121,0.0747,7.5e-05
7,166,0101011,PyTorch SIMD,3,55,121,0.3629,0.000363
7,167,1111011,Sequencial,2,4,64,0.0134,1.3e-05
7,167,1111011,PyTorch SIMD,2,4,64,0.1796,0.00018
7,168,0110011,Sequencial,2,9,95,0.0204,2e-05
7,168,0110011,PyTorch SIMD,2,9,95,0.182,0.000182
7,169,0010111,Sequencial,2,5,69,0.0149,1.5e-05
7,169,0010111,PyTorch SIMD,2,5,69,0.1811,0.000181
7,170,0110010,Sequencial,2,3,50,0.011,1.1e-05
7,170,0110010,PyTorch SIMD,2,3,50,0.1783,0.000178
7,171,1100001,Sequencial,2,2,38,0.0087,9e-06
7,171,1100001,PyTorch SIMD,2,2,38,0.1726,0.000173
7,172,1011110,Sequencial,2,7,87,0.0186,1.9e-05
7,172,1011110,PyTorch SIMD,2,7,87,0.1774,0.000177
7,173,0010010,Sequencial,2,3,46,0.0105,1e-05
7,173,0010010,PyTorch SIMD,2,3,46,0.1878,0.000188
7,174,0111111,Sequencial,1,1,27,0.008,8e-06
7,174,0111111,PyTorch SIMD,1,1,27,0.068,6.8e-05
7,175,1000010,Sequencial,2,3,48,0.0099,1e-05
7,175,1000010,PyTorch SIMD,2,3,48,0.1803,0.00018
7,176,1001000,Sequencial,2,5,66,0.014,1.4e-05
7,176,1001000,PyTorch SIMD,2,5,66,0.1854,0.000185
7,177,1111111,Sequencial,1,1,29,0.0077,8e-06
7,177,1111111,PyTorch SIMD,1,1,29,0.0636,6.4e-05
7,178,1000000,Sequencial,1,1,8,0.0045,5e-06
7,178,1000000,PyTorch SIMD,1,1,8,0.0623,6.2e-05
7,179,0000100,Sequencial,1,1,4,0.004,4e-06
7,179,0000100,PyTorch SIMD,1,1,4,0.0616,6.2e-05
7,180,1001101,Sequencial,3,34,114,0.049,4.9e-05
7,180,1001101,PyTorch SIMD,3,34,114,0.3199,0.00032
7,181,1000011,Sequencial,2,8,89,0.0188,1.9e-05
7,181,1000011,PyTorch SIMD,2,8,89,0.18,0.00018
7,182,1010011,Sequencial,3,74,127,0.0925,9.3e-05
7,182,1010011,PyTorch SIMD,3,74,127,0.33,0.00033
7,183,0100111,Sequencial,2,7,84,0.0174,1.7e-05
7,183,0100111,PyTorch SIMD,2,7,84,0.184,0.000184
7,184,1011110,Sequencial,2,7,87,0.018,1.8e-05
7,184,1011110,PyTorch SIMD,2,7,87,0.1911,0.000191
7,185,0011011,Sequencial,2,4,62,0.0133,1.3e-05
7,185,0011011,PyTorch SIMD,2,4,62,0.1771,0.000177
7,186,1011110,Sequencial,2,7,87,0.0182,1.8e-05
7,186,1011110,PyTorch SIMD,2,7,87,0.1765,0.000177
7,187,0101110,Sequencial,2,6,77,0.016,1.6e-05
7,187,0101110,PyTorch SIMD,2,6,77,0.1769,0.000177
7,188,0110111,Sequencial,2,5,71,0.0146,1.5e-05
7,188,0110111,PyTorch SIMD,2,5,71,0.1764,0.000176
7,189,1100101,Sequencial,3,30,104,0.0447,4.5e-05
7,189,1100101,PyTorch SIMD,3,30,104,0.3137,0.000314
7,190,0000101,Sequencial,2,2,30,0.0082,8e-06
7,190,0000101,PyTorch SIMD,2,2,30,0.192,0.000192
7,191,1100001,Sequencial,2,2,38,0.0099,1e-05
7,191,1100001,PyTorch SIMD,2,2,38,0.1966,0.000197
7,192,1100001,Sequencial,2,2,38,0.0094,9e-06
7,192,1100001,PyTorch SIMD,2,2,38,0.174,0.000174
7,193,1000011,Sequencial,2,8,89,0.0189,1.9e-05
7,193,1000011,PyTorch SIMD,2,8,89,0.182,0.000182
7,194,1101000,Sequencial,2,5,67,0.0139,1.4e-05
7,194,1101000,PyTorch SIMD,2,5,67,0.1739,0.000174
7,195,1100000,Sequencial,1,1,14,0.0054,5e-06
7,195,1100000,PyTorch SIMD,1,1,14,0.0656,6.6e-05
7,196,0001011,Sequencial,2,4,61,0.012,1.2e-05
7,196,0001011,PyTorch SIMD,2,4,61,0.1749,0.000175
7,197,1001100,Sequencial,2,8,91,0.0193,1.9e-05
7,197,1001100,PyTorch SIMD,2,8,91,0.1732,0.000173
7,198,0110011,Sequencial,2,9,95,0.0199,2e-05
7,198,0110011,PyTorch SIMD,2,9,95,0.1727,0.000173
7,199,1001111,Sequencial,2,8,94,0.0192,1.9e-05
7,199,1001111,PyTorch SIMD,2,8,94,0.1736,0.000174
7,200,0010011,Sequencial,2,6,75,0.0149,1.5e-05
7,200,0010011,PyTorch SIMD,2,6,75,0.1769,0.000177
7,201,1110100,Sequencial,2,4,60,0.0128,1.3e-05
7,201,1110100,PyTorch SIMD,2,4,60,0.1725,0.000172
7,202,0011101,Sequencial,2,2,39,0.009,9e-06
7,202,0011101,PyTorch SIMD,2,2,39,0.1787,0.000179
7,203,0100011,Sequencial,2,7,82,0.0169,1.7e-05
7,203,0100011,PyTorch SIMD,2,7,82,0.1731,0.000173
7,204,1111010,Sequencial,2,3,54,0.011,1.1e-05
7,204,1111010,PyTorch SIMD,2,3,54,0.174,0.000174
7,205,1101110,Sequencial,2,6,80,0.0163,1.6e-05
7,205,1101110,PyTorch SIMD,2,6,80,0.1731,0.000173
7,206,1001101,Sequencial,3,34,114,0.0498,5e-05
7,206,1001101,PyTorch SIMD,3,34,114,0.3054,0.000305
7,207,0011000,Sequencial,1,1,12,0.0053,5e-06
7,207,0011000,PyTorch SIMD,1,1,12,0.0662,6.6e-05
7,208,1011001,Sequencial,3,33,112,0.0499,5e-05
7,208,1011001,PyTorch SIMD,3,33,112,0.3042,0.000304
7,209,1100011,Sequencial,2,9,96,0.0204,2e-05
7,209,1100011,PyTorch SIMD,2,9,96,0.1779,0.000178
7,210,0110011,Sequencial,2,9,95,0.0197,2e-05
7,210,0110011,PyTorch SIMD,2,9,95,0.1737,0.000174
7,211,1010010,Sequencial,3,46,118,0.0623,6.2e-05
7,211,1010010,PyTorch SIMD,3,46,118,0.3077,0.000308
7,212,1100110,Sequencial,2,10,98,0.0225,2.3e-05
7,212,1100110,PyTorch SIMD,2,10,98,0.1845,0.000184
7,213,0010101,Sequencial,3,30,100,0.0465,4.6e-05
7,213,0010101,PyTorch SIMD,3,30,100,0.3027,0.000303
7,214,0111111,Sequencial,1,1,27,0.0077,8e-06
7,214,0111111,PyTorch SIMD,1,1,27,0.069,6.9e-05
7,215,1110001,Sequencial,2,2,41,0.0091,9e-06
7,215,1110001,PyTorch SIMD,2,2,41,0.1708,0.000171
7,216,1000110,Sequencial,2,8,90,0.0187,1.9e-05
7,216,1000110,PyTorch SIMD,2,8,90,0.1749,0.000175
7,217,0101001,Sequencial,3,31,106,0.0448,4.5e-05
7,217,0101001,PyTorch SIMD,3,31,106,0.3249,0.000325
7,218,1000111,Sequencial,2,8,92,0.0194,1.9e-05
7,218,1000111,PyTorch SIMD,2,8,92,0.1789,0.000179
7,219,1110001,Sequencial,2,2,41,0.0093,9e-06
7,219,1110001,PyTorch SIMD,2,2,41,0.1687,0.000169
7,220,0110010,Sequencial,2,3,50,0.0105,1e-05
7,220,0110010,PyTorch SIMD,2,3,50,0.1813,0.000181
7,221,0100111,Sequencial,2,7,84,0.0172,1.7e-05
7,221,0100111,PyTorch SIMD,2,7,84,0.1746,0.000175
7,222,1111001,Sequencial,2,2,43,0.0095,1e-05
7,222,1111001,PyTorch SIMD,2,2,43,0.1676,0.000168
7,223,1101011,Sequencial,3,55,122,0.0734,7.3e-05
7,223,1101011,PyTorch SIMD,3,55,122,0.303,0.000303
7,224,0110110,Sequencial,2,5,70,0.0144,1.4e-05
7,224,0110110,PyTorch SIMD,2,5,70,0.188,0.000188
7,225,0010000,Sequencial,1,1,6,0.0048,5e-06
7,225,0010000,PyTorch SIMD,1,1,6,0.0698,7e-05
7,226,0100001,Sequencial,2,2,33,0.0082,8e-06
7,226,0100001,PyTorch SIMD,2,2,33,0.1693,0.000169
7,227,0010110,Sequencial,2,5,68,0.0144,1.4e-05
7,227,0010110,PyTorch SIMD,2,5,68,0.1727,0.000173
7,228,1011010,Sequencial,3,47,119,0.0637,6.4e-05
7,228,1011010,PyTorch SIMD,3,47,119,0.3032,0.000303
7,229,1110000,Sequencial,1,1,19,0.0061,6e-06
7,229,1110000,PyTorch SIMD,1,1,19,0.0661,6.6e-05
7,230,1001001,Sequencial,3,31,107,0.0458,4.6e-05
7,230,1001001,PyTorch SIMD,3,31,107,0.3017,0.000302
7,231,1001000,Sequencial,2,5,66,0.0132,1.3e-05
7,231,1001000,PyTorch SIMD,2,5,66,0.18,0.00018
7,232,1101011,Sequencial,3,55,122,0.0723,7.2e-05
7,232,1101011,PyTorch SIMD,3,55,122,0.3019,0.000302
7,233,1100000,Sequencial,1,1,14,0.0057,6e-06
7,233,1100000,PyTorch SIMD,1,1,14,0.0668,6.7e-05
7,234,1101011,Sequencial,3,55,122,0.0793,7.9e-05
7,234,1101011,PyTorch SIMD,3,55,122,0.3534,0.000353
7,235,1010100,Sequencial,3,55,120,0.0726,7.3e-05
7,235,1010100,PyTorch SIMD,3,55,120,0.3136,0.000314
7,236,1000111,Sequencial,2,8,92,0.0195,1.9e-05
7,236,1000111,PyTorch SIMD,2,8,92,0.1849,0.000185
7,237,0001001,Sequencial,2,2,31,0.0087,9e-06
7,237,0001001,PyTorch SIMD,2,2,31,0.174,0.000174
7,238,1001100,Sequencial,2,8,91,0.0197,2e-05
7,238,1001100,PyTorch SIMD,2,8,91,0.1791,0.000179
7,239,0111110,Sequencial,1,1,25,0.0077,8e-06
7,239,0111110,PyTorch SIMD,1,1,25,0.0675,6.8e-05
7,240,1000101,Sequencial,3,30,102,0.0463,4.6e-05
7,240,1000101,PyTorch SIMD,3,30,102,0.3053,0.000305
7,241,0011011,Sequencial,2,4,62,0.013,1.3e-05
7,241,0011011,PyTorch SIMD,2,4,62,0.1823,0.000182
7,242,1110110,Sequencial,2,5,72,0.0148,1.5e-05
7,242,1110110,PyTorch SIMD,2,5,72,0.1782,0.000178
7,243,1100010,Sequencial,2,3,51,0.011,1.1e-05
7,243,1100010,PyTorch SIMD,2,3,51,0.1764,0.000176
7,244,0011100,Sequencial,1,1,17,0.0059,6e-06
7,244,0011100,PyTorch SIMD,1,1,17,0.0675,6.7e-05
7,245,0101111,Sequencial,2,6,79,0.016,1.6e-05
7,245,0101111,PyTorch SIMD,2,6,79,0.1776,0.000178
7,246,0001101,Sequencial,2,2,35,0.0091,9e-06
7,246,0001101,PyTorch SIMD,2,2,35,0.1758,0.000176
7,247,0001100,Sequencial,1,1,11,0.0053,5e-06
7,247,0001100,PyTorch SIMD,1,1,11,0.0671,6.7e-05
7,248,1001101,Sequencial,3,34,114,0.0502,5e-05
7,248,1001101,PyTorch SIMD,3,34,114,0.3125,0.000312
7,249,1000101,Sequencial,3,30,102,0.0448,4.5e-05
7,249,1000101,PyTorch SIMD,3,30,102,0.3066,0.000307
7,250,1000000,Sequencial,1,1,8,0.0051,5e-06
7,250,1000000,PyTorch SIMD,1,1,8,0.068,6.8e-05
8,1,01010011,Sequencial,3,103,238,0.172,0.000172
8,1,01010011,PyTorch SIMD,3,103,238,0.3849,0.000385
8,2,01011110,Sequencial,2,7,123,0.0248,2.5e-05
8,2,01011110,PyTorch SIMD,2,7,123,0.1879,0.000188
8,3,11100011,Sequencial,2,10,153,0.0292,2.9e-05
8,3,11100011,PyTorch SIMD,2,10,153,0.1844,0.000184
8,4,11010100,Sequencial,3,74,216,0.1229,0.000123
8,4,11010100,PyTorch SIMD,3,74,216,0.3613,0.000361
8,5,01000011,Sequencial,2,8,128,0.0258,2.6e-05
8,5,01000011,PyTorch SIMD,2,8,128,0.2059,0.000206
8,6,00011011,Sequencial,2,4,85,0.0185,1.9e-05
8,6,00011011,PyTorch SIMD,2,4,85,0.1898,0.00019
8,7,00101010,Sequencial,3,59,199,0.1025,0.000103
8,7,00101010,PyTorch SIMD,3,59,199,0.3566,0.000357
8,8,01010000,Sequencial,2,6,103,0.0213,2.1e-05
8,8,01010000,PyTorch SIMD,2,6,103,0.1866,0.000187
8,9,11000101,Sequencial,3,38,170,0.0746,7.5e-05
8,9,11000101,PyTorch SIMD,3,38,170,0.3418,0.000342
8,10,10000111,Sequencial,2,9,143,0.0273,2.7e-05
8,10,10000111,PyTorch SIMD,2,9,143,0.1837,0.000184
8,11,01001111,Sequencial,2,8,133,0.0293,2.9e-05
8,11,01001111,PyTorch SIMD,2,8,133,0.1978,0.000198
8,12,01011000,Sequencial,2,7,120,0.0229,2.3e-05
8,12,01011000,PyTorch SIMD,2,7,120,0.182,0.000182
8,13,00001111,Sequencial,1,1,23,0.0078,8e-06
8,13,00001111,PyTorch SIMD,1,1,23,0.0797,8e-05
8,14,10000001,Sequencial,2,2,43,0.0094,9e-06
8,14,10000001,PyTorch SIMD,2,2,43,0.1823,0.000182
8,15,11100111,Sequencial,2,13,160,0.0353,3.5e-05
8,15,11100111,PyTorch SIMD,2,13,160,0.1837,0.000184
8,16,11000001,Sequencial,2,2,48,0.0112,1.1e-05
8,16,11000001,PyTorch SIMD,2,2,48,0.1992,0.000199
8,17,10000101,Sequencial,3,38,167,0.0703,7e-05
8,17,10000101,PyTorch SIMD,3,38,167,0.347,0.000347
8,18,11111100,Sequencial,1,1,34,0.0091,9e-06
8,18,11111100,PyTorch SIMD,1,1,34,0.071,7.1e-05
8,19,10100001,Sequencial,3,41,186,0.0765,7.6e-05
8,19,10100001,PyTorch SIMD,3,41,186,0.346,0.000346
8,20,00111010,Sequencial,2,3,68,0.0135,1.3e-05
8,20,00111010,PyTorch SIMD,2,3,68,0.1875,0.000187
8,21,01001000,Sequencial,2,5,90,0.0179,1.8e-05
8,21,01001000,PyTorch SIMD,2,5,90,0.2109,0.000211
8,22,11010000,Sequencial,2,6,106,0.042,4.2e-05
8,22,11010000,PyTorch SIMD,2,6,106,0.2179,0.000218
8,23,10010100,Sequencial,3,74,215,0.1222,0.000122
8,23,10010100,PyTorch SIMD,3,74,215,0.355,0.000355
8,24,00010001,Sequencial,2,2,40,0.0099,1e-05
8,24,00010001,PyTorch SIMD,2,2,40,0.1803,0.00018
8,25,01011011,Sequencial,3,75,221,0.1246,0.000125
8,25,01011011,PyTorch SIMD,3,75,221,0.3491,0.000349
8,26,01000000,Sequencial,1,1,8,0.013,1.3e-05
8,26,01000000,PyTorch SIMD,1,1,8,0.0752,7.5e-05
8,27,11110001,Sequencial,2,2,55,0.0114,1.1e-05
8,27,11110001,PyTorch SIMD,2,2,55,0.1865,0.000186
8,28,01001010,Sequencial,3,59,200,0.1,0.0001
8,28,01001010,PyTorch SIMD,3,59,200,0.3408,0.000341
8,29,01001111,Sequencial,2,8,133,0.0241,2.4e-05
8,29,01001111,PyTorch SIMD,2,8,133,0.1935,0.000193
8,30,01111111,Sequencial,1,1,35,0.009,9e-06
8,30,01111111,PyTorch SIMD,1,1,35,0.069,6.9e-05
8,31,00001010,Sequencial,2,3,59,0.0116,1.2e-05
8,31,00001010,PyTorch SIMD,2,3,59,0.1782,0.000178
8,32,11101100,Sequencial,2,6,112,0.0212,2.1e-05
8,32,11101100,PyTorch SIMD,2,6,112,0.1841,0.000184
8,33,01110011,Sequencial,2,10,152,0.029,2.9e-05
8,33,01110011,PyTorch SIMD,2,10,152,0.2043,0.000204
8,34,11111111,Sequencial,1,1,37,0.0092,9e-06
8,34,11111111,PyTorch SIMD,1,1,37,0.0714,7.1e-05
8,35,11001010,Sequencial,3,59,203,0.1012,0.000101
8,35,11001010,PyTorch SIMD,3,59,203,0.3507,0.000351
8,36,10101000,Sequencial,3,89,229,0.147,0.000147
8,36,10101000,PyTorch SIMD,3,89,229,0.3563,0.000356
8,37,01001011,Sequencial,3,76,223,0.1282,0.000128
8,37,01001011,PyTorch SIMD,3,76,223,0.3596,0.00036
8,38,11001011,Sequencial,3,78,228,0.1266,0.000127
8,38,11001011,PyTorch SIMD,3,78,228,0.3568,0.000357
8,39,11101010,Sequencial,3,59,204,0.1061,0.000106
8,39,11101010,PyTorch SIMD,3,59,204,0.3499,0.00035
8,40,00101110,Sequencial,2,6,108,0.0209,2.1e-05
8,40,00101110,PyTorch SIMD,2,6,108,0.1876,0.000188
8,41,10110110,Sequencial,3,90,234,0.1463,0.000146
8,41,10110110,PyTorch SIMD,3,90,234,0.3546,0.000355
8,42,10010111,Sequencial,3,91,237,0.1501,0.00015
8,42,10010111,PyTorch SIMD,3,91,237,0.3537,0.000354
8,43,01111100,Sequencial,1,1,30,0.0084,8e-06
8,43,01111100,PyTorch SIMD,1,1,30,0.071,7.1e-05
8,44,00111010,Sequencial,2,3,68,0.0133,1.3e-05
8,44,00111010,PyTorch SIMD,2,3,68,0.183,0.000183
8,45,10101110,Sequencial,3,103,240,0.1673,0.000167
8,45,10101110,PyTorch SIMD,3,103,240,0.3527,0.000353
8,46,00001000,Sequencial,1,1,5,0.0051,5e-06
8,46,00001000,PyTorch SIMD,1,1,5,0.0721,7.2e-05
8,47,01100101,Sequencial,3,38,169,0.0699,7e-05
8,47,01100101,PyTorch SIMD,3,38,169,0.3531,0.000353
8,48,01001110,Sequencial,2,8,132,0.0253,2.5e-05
8,48,01001110,PyTorch SIMD,2,8,132,0.1873,0.000187
8,49,00110100,Sequencial,2,4,78,0.0163,1.6e-05
8,49,00110100,PyTorch SIMD,2,4,78,0.1867,0.000187
8,50,01110101,Sequencial,3,38,171,0.0732,7.3e-05
8,50,01110101,PyTorch SIMD,3,38,171,0.3513,0.000351
8,51,10001010,Sequencial,3,59,201,0.0991,9.9e-05
8,51,10001010,PyTorch SIMD,3,59,201,0.345,0.000345
8,52,11110011,Sequencial,2,10,154,0.0288,2.9e-05
8,52,11110011,PyTorch SIMD,2,10,154,0.1998,0.0002
8,53,11101001,Sequencial,3,39,179,0.0717,7.2e-05
8,53,11101001,PyTorch SIMD,3,39,179,0.3438,0.000344
8,54,11001000,Sequencial,2,5,93,0.0185,1.9e-05
8,54,11001000,PyTorch SIMD,2,5,93,0.1857,0.000186
8,55,11001101,Sequencial,3,44,198,0.0793,7.9e-05
8,55,11001101,PyTorch SIMD,3,44,198,0.3798,0.00038
8,56,00111010,Sequencial,2,3,68,0.0134,1.3e-05
8,56,00111010,PyTorch SIMD,2,3,68,0.1891,0.000189
8,57,01001111,Sequencial,2,8,133,0.0251,2.5e-05
8,57,01001111,PyTorch SIMD,2,8,133,0.1837,0.000184
8,58,01001001,Sequencial,3,39,175,0.071,7.1e-05
8,58,01001001,PyTorch SIMD,3,39,175,0.3527,0.000353
8,59,11100010,Sequencial,2,3,70,0.0139,1.4e-05
8,59,11100010,PyTorch SIMD,2,3,70,0.1853,0.000185
8,60,11000001,Sequencial,2,2,48,0.0107,1.1e-05
8,60,11000001,PyTorch SIMD,2,2,48,0.1767,0.000177
8,61,01000101,Sequencial,3,38,166,0.0684,6.8e-05
8,61,01000101,PyTorch SIMD,3,38,166,0.3425,0.000343
8,62,10000100,Sequencial,2,4,77,0.0158,1.6e-05
8,62,10000100,PyTorch SIMD,2,4,77,0.1919,0.000192
8,63,11100010,Sequencial,2,3,70,0.0144,1.4e-05
8,63,11100010,PyTorch SIMD,2,3,70,0.1897,0.00019
8,64,01000010,Sequencial,2,3,62,0.013,1.3e-05
8,64,01000010,PyTorch SIMD,2,3,62,0.1806,0.000181
8,65,01000000,Sequencial,1,1,8,0.0053,5e-06
8,65,01000000,PyTorch SIMD,1,1,8,0.0688,6.9e-05
8,66,01011001,Sequencial,3,41,187,0.0747,7.5e-05
8,66,01011001,PyTorch SIMD,3,41,187,0.349,0.000349
8,67,10000110,Sequencial,2,9,140,0.0255,2.6e-05
8,67,10000110,PyTorch SIMD,2,9,140,0.1815,0.000181
8,68,01101010,Sequencial,3,59,202,0.1013,0.000101
8,68,01101010,PyTorch SIMD,3,59,202,0.3401,0.00034
8,69,01100011,Sequencial,2,10,150,0.0309,3.1e-05
8,69,01100011,PyTorch SIMD,2,10,150,0.1819,0.000182
8,70,10010110,Sequencial,3,91,236,0.1448,0.000145
8,70,10010110,PyTorch SIMD,3,91,236,0.3424,0.000342
8,71,10110101,Sequencial,4,166,252,0.2527,0.000253
8,71,10110101,PyTorch SIMD,4,166,252,0.8415,0.000841
8,72,10000010,Sequencial,2,3,63,0.0142,1.4e-05
8,72,10000010,PyTorch SIMD,2,3,63,0.2018,0.000202
8,73,10000111,Sequencial,2,9,143,0.0283,2.8e-05
8,73,10000111,PyTorch SIMD,2,9,143,0.1976,0.000198
8,74,00100011,Sequencial,2,7,117,0.0229,2.3e-05
8,74,00100011,PyTorch SIMD,2,7,117,0.1867,0.000187
8,75,01101100,Sequencial,2,6,109,0.0221,2.2e-05
8,75,01101100,PyTorch SIMD,2,6,109,0.2017,0.000202
8,76,11000001,Sequencial,2,2,48,0.0114,1.1e-05
8,76,11000001,PyTorch SIMD,2,2,48,0.1849,0.000185
8,77,10100100,Sequencial,3,75,220,0.1241,0.000124
8,77,10100100,PyTorch SIMD,3,75,220,0.3662,0.000366
8,78,01000000,Sequencial,1,1,8,0.0064,6e-06
8,78,01000000,PyTorch SIMD,1,1,8,0.0876,8.8e-05
8,79,11100010,Sequencial,2,3,70,0.0145,1.4e-05
8,79,11100010,PyTorch SIMD,2,3,70,0.2002,0.0002
8,80,01110110,Sequencial,2,5,99,0.02,2e-05
8,80,01110110,PyTorch SIMD,2,5,99,0.188,0.000188
8,81,11101111,Sequencial,2,6,115,0.0226,2.3e-05
8,81,11101111,PyTorch SIMD,2,6,115,0.1868,0.000187
8,82,01011010,Sequencial,3,61,209,0.1034,0.000103
8,82,01011010,PyTorch SIMD,3,61,209,0.3543,0.000354
8,83,01111111,Sequencial,1,1,35,0.0092,9e-06
8,83,01111111,PyTorch SIMD,1,1,35,0.0758,7.6e-05
8,84,10101000,Sequencial,3,89,229,0.1463,0.000146
8,84,10101000,PyTorch SIMD,3,89,229,0.3549,0.000355
8,85,00111111,Sequencial,1,1,32,0.0091,9e-06
8,85,00111111,PyTorch SIMD,1,1,32,0.0772,7.7e-05
8,86,11101001,Sequencial,3,39,179,0.0713,7.1e-05
8,86,11101001,PyTorch SIMD,3,39,179,0.3463,0.000346
8,87,00111110,Sequencial,1,1,29,0.0088,9e-06
8,87,00111110,PyTorch SIMD,1,1,29,0.0718,7.2e-05
8,88,11001010,Sequencial,3,59,203,0.1184,0.000118
8,88,11001010,PyTorch SIMD,3,59,203,0.3812,0.000381
8,89,01101000,Sequencial,2,5,92,0.0231,2.3e-05
8,89,01101000,PyTorch SIMD,2,5,92,0.2012,0.000201
8,90,00110010,Sequencial,2,3,65,0.0138,1.4e-05
8,90,00110010,PyTorch SIMD,2,3,65,0.1883,0.000188
8,91,11111100,Sequencial,1,1,34,0.009,9e-06
8,91,11111100,PyTorch SIMD,1,1,34,0.068,6.8e-05
8,92,10101100,Sequencial,3,103,239,0.164,0.000164
8,92,10101100,PyTorch SIMD,3,103,239,0.346,0.000346
8,93,10001111,Sequencial,2,9,146,0.0279,2.8e-05
8,93,10001111,PyTorch SIMD,2,9,146,0.1845,0.000184
8,94,00100010,Sequencial,2,3,61,0.0124,1.2e-05
8,94,00100010,PyTorch SIMD,2,3,61,0.183,0.000183
8,95,01000000,Sequencial,1,1,8,0.0056,6e-06
8,95,01000000,PyTorch SIMD,1,1,8,0.0759,7.6e-05
8,96,11100010,Sequencial,2,3,70,0.0134,1.3e-05
8,96,11100010,PyTorch SIMD,2,3,70,0.1849,0.000185
8,97,10101001,Sequencial,4,174,253,0.2653,0.000265
8,97,10101001,PyTorch SIMD,4,174,253,0.562,0.000562
8,98,10001000,Sequencial,2,5,91,0.02,2e-05
8,98,10001000,PyTorch SIMD,2,5,91,0.1992,0.000199
8,99,00111111,Sequencial,1,1,32,0.0093,9e-06
8,99,00111111,PyTorch SIMD,1,1,32,0.0713,7.1e-05
8,100,11110111,Sequencial,2,5,102,0.0197,2e-05
8,100,11110111,PyTorch SIMD,2,5,102,0.1865,0.000186
8,101,01100110,Sequencial,2,11,155,0.0308,3.1e-05
8,101,01100110,PyTorch SIMD,2,11,155,0.1975,0.000197
8,102,00101111,Sequencial,2,6,110,0.0218,2.2e-05
8,102,00101111,PyTorch SIMD,2,6,110,0.1865,0.000187
8,103,00101011,Sequencial,3,74,217,0.129,0.000129
8,103,00101011,PyTorch SIMD,3,74,217,0.3543,0.000354
8,104,01101110,Sequencial,2,6,111,0.0216,2.2e-05
8,104,01101110,PyTorch SIMD,2,6,111,0.1864,0.000186
8,105,11000010,Sequencial,2,3,67,0.0138,1.4e-05
8,105,11000010,PyTorch SIMD,2,3,67,0.1825,0.000183
8,106,11010100,Sequencial,3,74,216,0.1257,0.000126
8,106,11010100,PyTorch SIMD,3,74,216,0.3525,0.000352
8,107,00001001,Sequencial,2,2,39,0.0101,1e-05
8,107,00001001,PyTorch SIMD,2,2,39,0.1808,0.000181
8,108,11011001,Sequencial,3,41,189,0.0758,7.6e-05
8,108,11011001,PyTorch SIMD,3,41,189,0.3559,0.000356
8,109,01001111,Sequencial,2,8,133,0.0266,2.7e-05
8,109,01001111,PyTorch SIMD,2,8,133,0.195,0.000195
8,110,00101000,Sequencial,2,5,89,0.019,1.9e-05
8,110,00101000,PyTorch SIMD,2,5,89,0.1855,0.000186
8,111,10010110,Sequencial,3,91,236,0.1516,0.000152
8,111,10010110,PyTorch SIMD,3,91,236,0.3587,0.000359
8,112,10011110,Sequencial,2,9,147,0.0281,2.8e-05
8,112,10011110,PyTorch SIMD,2,9,147,0.1895,0.00019
8,113,00101101,Sequencial,3,40,183,0.0747,7.5e-05
8,113,00101101,PyTorch SIMD,3,40,183,0.3688,0.000369
8,114,01101001,Sequencial,3,39,177,0.073,7.3e-05
8,114,01101001,PyTorch SIMD,3,39,177,0.3518,0.000352
8,115,10110111,Sequencial,3,90,235,0.1472,0.000147
8,115,10110111,PyTorch SIMD,3,90,235,0.361,0.000361
8,116,01000001,Sequencial,2,2,42,0.0115,1.1e-05
8,116,01000001,PyTorch SIMD,2,2,42,0.1913,0.000191
8,117,11001111,Sequencial,2,14,162,0.0363,3.6e-05
8,117,11001111,PyTorch SIMD,2,14,162,0.2017,0.000202
8,118,11101101,Sequencial,3,40,185,0.0744,7.4e-05
8,118,11101101,PyTorch SIMD,3,40,185,0.3836,0.000384
8,119,00101100,Sequencial,2,6,107,0.023,2.3e-05
8,119,00101100,PyTorch SIMD,2,6,107,0.2032,0.000203
8,120,11100000,Sequencial,1,1,22,0.0086,9e-06
8,120,11100000,PyTorch SIMD,1,1,22,0.073,7.3e-05
8,121,10011000,Sequencial,2,9,142,0.0274,2.7e-05
8,121,10011000,PyTorch SIMD,2,9,142,0.2,0.0002
8,122,11000110,Sequencial,2,11,156,0.0311,3.1e-05
8,122,11000110,PyTorch SIMD,2,11,156,0.1973,0.000197
8,123,10000111,Sequencial,2,9,143,0.0281,2.8e-05
8,123,10000111,PyTorch SIMD,2,9,143,0.1891,0.000189
8,124,01011111,Sequencial,2,7,125,0.025,2.5e-05
8,124,01011111,PyTorch SIMD,2,7,125,0.1924,0.000192
8,125,00000100,Sequencial,1,1,4,0.0051,5e-06
8,125,00000100,PyTorch SIMD,1,1,4,0.0721,7.2e-05
8,126,11001111,Sequencial,2,14,162,0.0365,3.7e-05
8,126,11001111,PyTorch SIMD,2,14,162,0.2051,0.000205
8,127,00100101,Sequencial,3,38,165,0.0723,7.2e-05
8,127,00100101,PyTorch SIMD,3,38,165,0.3667,0.000367
8,128,10000000,Sequencial,1,1,9,0.01,1e-05
8,128,10000000,PyTorch SIMD,1,1,9,0.0835,8.3e-05
8,129,11000000,Sequencial,1,1,16,0.0063,6e-06
8,129,11000000,PyTorch SIMD,1,1,16,0.073,7.3e-05
8,130,10001101,Sequencial,3,43,195,0.0792,7.9e-05
8,130,10001101,PyTorch SIMD,3,43,195,0.3691,0.000369
8,131,00101101,Sequencial,3,40,183,0.0812,8.1e-05
8,131,00101101,PyTorch SIMD,3,40,183,0.3606,0.000361
8,132,11000000,Sequencial,1,1,16,0.0064,6e-06
8,132,11000000,PyTorch SIMD,1,1,16,0.0704,7e-05
8,133,01000110,Sequencial,2,8,129,0.0282,2.8e-05
8,133,01000110,PyTorch SIMD,2,8,129,0.192,0.000192
8,134,10111011,Sequencial,3,76,225,0.131,0.000131
8,134,10111011,PyTorch SIMD,3,76,225,0.3508,0.000351
8,135,01100010,Sequencial,2,3,66,0.0134,1.3e-05
8,135,01100010,PyTorch SIMD,2,3,66,0.1838,0.000184
8,136,10101110,Sequencial,3,103,240,0.1761,0.000176
8,136,10101110,PyTorch SIMD,3,103,240,0.348,0.000348
8,137,00100101,Sequencial,3,38,165,0.0698,7e-05
8,137,00100101,PyTorch SIMD,3,38,165,0.3549,0.000355
8,138,01110010,Sequencial,2,3,69,0.0143,1.4e-05
8,138,01110010,PyTorch SIMD,2,3,69,0.1965,0.000197
8,139,01010001,Sequencial,3,40,180,0.0728,7.3e-05
8,139,01010001,PyTorch SIMD,3,40,180,0.3605,0.00036
8,140,10111000,Sequencial,2,8,135,0.0269,2.7e-05
8,140,10111000,PyTorch SIMD,2,8,135,0.1896,0.00019
8,141,11011101,Sequencial,3,41,190,0.078,7.8e-05
8,141,11011101,PyTorch SIMD,3,41,190,0.3539,0.000354
8,142,00001101,Sequencial,2,2,44,0.0108,1.1e-05
8,142,00001101,PyTorch SIMD,2,2,44,0.1817,0.000182
8,143,01101111,Sequencial,2,6,113,0.0224,2.2e-05
8,143,01101111,PyTorch SIMD,2,6,113,0.1942,0.000194
8,144,11010111,Sequencial,3,89,233,0.1545,0.000154
8,144,11010111,PyTorch SIMD,3,89,233,0.3515,0.000352
8,145,00001000,Sequencial,1,1,5,0.005,5e-06
8,145,00001000,PyTorch SIMD,1,1,5,0.0699,7e-05
8,146,10101101,Sequencial,4,180,254,0.2791,0.000279
8,146,10101101,PyTorch SIMD,4,180,254,0.6673,0.000667
8,147,00011001,Sequencial,2,2,45,0.012,1.2e-05
8,147,00011001,PyTorch SIMD,2,2,45,0.194,0.000194
8,148,00001010,Sequencial,2,3,59,0.0134,1.3e-05
8,148,00001010,PyTorch SIMD,2,3,59,0.1868,0.000187
8,149,11101010,Sequencial,3,59,204,0.1067,0.000107
8,149,11101010,PyTorch SIMD,3,59,204,0.3732,0.000373
8,150,01111100,Sequencial,1,1,30,0.0091,9e-06
8,150,01111100,PyTorch SIMD,1,1,30,0.0732,7.3e-05
8,151,10101101,Sequencial,4,180,254,0.2823,0.000282
8,151,10101101,PyTorch SIMD,4,180,254,0.5761,0.000576
8,152,01111001,Sequencial,2,2,54,0.0165,1.7e-05
8,152,01111001,PyTorch SIMD,2,2,54,0.2068,0.000207
8,153,01100110,Sequencial,2,11,155,0.0331,3.3e-05
8,153,01100110,PyTorch SIMD,2,11,155,0.2005,0.000201
8,154,00101001,Sequencial,3,39,174,0.073,7.3e-05
8,154,00101001,PyTorch SIMD,3,39,174,0.3647,0.000365
8,155,01111110,Sequencial,1,1,33,0.0093,9e-06
8,155,01111110,PyTorch SIMD,1,1,33,0.0725,7.2e-05
8,156,10110011,Sequencial,3,128,247,0.1999,0.0002
8,156,10110011,PyTorch SIMD,3,128,247,0.3864,0.000386
8,157,01000100,Sequencial,2,4,76,0.0161,1.6e-05
8,157,01000100,PyTorch SIMD,2,4,76,0.1959,0.000196
8,158,11100011,Sequencial,2,10,153,0.0298,3e-05
8,158,11100011,PyTorch SIMD,2,10,153,0.1901,0.00019
8,159,01110111,Sequencial,2,5,100,0.0201,2e-05
8,159,01110111,PyTorch SIMD,2,5,100,0.186,0.000186
8,160,00000010,Sequencial,1,1,3,0.0048,5e-06
8,160,00000010,PyTorch SIMD,1,1,3,0.0709,7.1e-05
8,161,00110111,Sequencial,2,5,98,0.0194,1.9e-05
8,161,00110111,PyTorch SIMD,2,5,98,0.1918,0.000192
8,162,11010000,Sequencial,2,6,106,0.0215,2.1e-05
8,162,11010000,PyTorch SIMD,2,6,106,0.1878,0.000188
8,163,10101010,Sequencial,4,199,255,0.3133,0.000313
8,163,10101010,PyTorch SIMD,4,199,255,0.5857,0.000586
8,164,00000010,Sequencial,1,1,3,0.0056,6e-06
8,164,00000010,PyTorch SIMD,1,1,3,0.0769,7.7e-05
8,165,10010000,Sequencial,2,6,104,0.022,2.2e-05
8,165,10010000,PyTorch SIMD,2,6,104,0.1968,0.000197
8,166,11100111,Sequencial,2,13,160,0.0366,3.7e-05
8,166,11100111,PyTorch SIMD,2,13,160,0.1972,0.000197
8,167,01010111,Sequencial,3,89,231,0.1526,0.000153
8,167,01010111,PyTorch SIMD,3,89,231,0.3688,0.000369
8,168,11010000,Sequencial,2,6,106,0.0215,2.1e-05
8,168,11010000,PyTorch SIMD,2,6,106,0.1942,0.000194
8,169,01011101,Sequencial,3,41,188,0.078,7.8e-05
8,169,01011101,PyTorch SIMD,3,41,188,0.3599,0.00036
8,170,01111100,Sequencial,1,1,30,0.0091,9e-06
8,170,01111100,PyTorch SIMD,1,1,30,0.0722,7.2e-05
8,171,00111101,Sequencial,2,2,53,0.011,1.1e-05
8,171,00111101,PyTorch SIMD,2,2,53,0.1883,0.000188
8,172,01000000,Sequencial,1,1,8,0.0057,6e-06
8,172,01000000,PyTorch SIMD,1,1,8,0.074,7.4e-05
8,173,01001110,Sequencial,2,8,132,0.0249,2.5e-05
8,173,01001110,PyTorch SIMD,2,8,132,0.1885,0.000188
8,174,00001111,Sequencial,1,1,23,0.0081,8e-06
8,174,00001111,PyTorch SIMD,1,1,23,0.0691,6.9e-05
8,175,10101100,Sequencial,3,103,239,0.1758,0.000176
8,175,10101100,PyTorch SIMD,3,103,239,0.3731,0.000373
8,176,10100011,Sequencial,3,116,244,0.1881,0.000188
8,176,10100011,PyTorch SIMD,3,116,244,0.3659,0.000366
8,177,00111110,Sequencial,1,1,29,0.0092,9e-06
8,177,00111110,PyTorch SIMD,1,1,29,0.071,7.1e-05
8,178,00000111,Sequencial,1,1,17,0.0062,6e-06
8,178,00000111,PyTorch SIMD,1,1,17,0.0671,6.7e-05
8,179,01100000,Sequencial,1,1,15,0.0059,6e-06
8,179,01100000,PyTorch SIMD,1,1,15,0.0652,6.5e-05
8,180,10010100,Sequencial,3,74,215,0.1247,0.000125
8,180,10010100,PyTorch SIMD,3,74,215,0.3497,0.00035
8,181,00011101,Sequencial,2,2,49,0.0112,1.1e-05
8,181,00011101,PyTorch SIMD,2,2,49,0.1822,0.000182
8,182,01110010,Sequencial,2,3,69,0.0141,1.4e-05
8,182,01110010,PyTorch SIMD,2,3,69,0.1837,0.000184
8,183,10100110,Sequencial,3,116,245,0.1835,0.000184
8,183,10100110,PyTorch SIMD,3,116,245,0.3605,0.000361
8,184,10110101,Sequencial,4,166,252,0.2592,0.000259
8,184,10110101,PyTorch SIMD,4,166,252,0.6014,0.000601
8,185,01101010,Sequencial,3,59,202,0.1106,0.000111
8,185,01101010,PyTorch SIMD,3,59,202,0.3879,0.000388
8,186,10001010,Sequencial,3,59,201,0.1073,0.000107
8,186,10001010,PyTorch SIMD,3,59,201,0.3727,0.000373
8,187,10010000,Sequencial,2,6,104,0.0222,2.2e-05
8,187,10010000,PyTorch SIMD,2,6,104,0.1969,0.000197
8,188,10110000,Sequencial,2,8,134,0.0262,2.6e-05
8,188,10110000,PyTorch SIMD,2,8,134,0.1923,0.000192
8,189,11000000,Sequencial,1,1,16,0.0132,1.3e-05
8,189,11000000,PyTorch SIMD,1,1,16,0.0746,7.5e-05
8,190,01000010,Sequencial,2,3,62,0.0137,1.4e-05
8,190,01000010,PyTorch SIMD,2,3,62,0.1946,0.000195
8,191,00110111,Sequencial,2,5,98,0.0206,2.1e-05
8,191,00110111,PyTorch SIMD,2,5,98,0.1912,0.000191
8,192,00010000,Sequencial,1,1,6,0.0056,6e-06
8,192,00010000,PyTorch SIMD,1,1,6,0.0719,7.2e-05
8,193,10100000,Sequencial,2,7,116,0.0224,2.2e-05
8,193,10100000,PyTorch SIMD,2,7,116,0.1957,0.000196
8,194,11011010,Sequencial,3,61,210,0.1087,0.000109
8,194,11011010,PyTorch SIMD,3,61,210,0.3697,0.00037
8,195,10000110,Sequencial,2,9,140,0.0279,2.8e-05
8,195,10000110,PyTorch SIMD,2,9,140,0.1947,0.000195
8,196,10100001,Sequencial,3,41,186,0.0769,7.7e-05
8,196,10100001,PyTorch SIMD,3,41,186,0.3604,0.00036
8,197,10101110,Sequencial,3,103,240,0.1749,0.000175
8,197,10101110,PyTorch SIMD,3,103,240,0.3744,0.000374
8,198,11110000,Sequencial,1,1,27,0.0089,9e-06
8,198,11110000,PyTorch SIMD,1,1,27,0.0739,7.4e-05
8,199,10111001,Sequencial,3,42,193,0.079,7.9e-05
8,199,10111001,PyTorch SIMD,3,42,193,0.3661,0.000366
8,200,10010011,Sequencial,3,104,242,0.1701,0.00017
8,200,10010011,PyTorch SIMD,3,104,242,0.3828,0.000383
8,201,11111100,Sequencial,1,1,34,0.0095,1e-05
8,201,11111100,PyTorch SIMD,1,1,34,0.0738,7.4e-05
8,202,11110101,Sequencial,3,38,173,0.0774,7.7e-05
8,202,11110101,PyTorch SIMD,3,38,173,0.3558,0.000356
8,203,00010001,Sequencial,2,2,40,0.0106,1.1e-05
8,203,00010001,PyTorch SIMD,2,2,40,0.1887,0.000189
8,204,10001101,Sequencial,3,43,195,0.0808,8.1e-05
8,204,10001101,PyTorch SIMD,3,43,195,0.3594,0.000359
8,205,10100000,Sequencial,2,7,116,0.0233,2.3e-05
8,205,10100000,PyTorch SIMD,2,7,116,0.1972,0.000197
8,206,00101100,Sequencial,2,6,107,0.0255,2.6e-05
8,206,00101100,PyTorch SIMD,2,6,107,0.198,0.000198
8,207,01000100,Sequencial,2,4,76,0.0163,1.6e-05
8,207,01000100,PyTorch SIMD,2,4,76,0.1974,0.000197
8,208,00010010,Sequencial,2,3,60,0.0131,1.3e-05
8,208,00010010,PyTorch SIMD,2,3,60,0.1889,0.000189
8,209,11111010,Sequencial,2,3,73,0.0149,1.5e-05
8,209,11111010,PyTorch SIMD,2,3,73,0.1929,0.000193
8,210,00000011,Sequencial,1,1,10,0.0058,6e-06
8,210,00000011,PyTorch SIMD,1,1,10,0.078,7.8e-05
8,211,11101010,Sequencial,3,59,204,0.1036,0.000104
8,211,11101010,PyTorch SIMD,3,59,204,0.3798,0.00038
8,212,10010010,Sequencial,3,60,206,0.1064,0.000106
8,212,10010010,PyTorch SIMD,3,60,206,0.3742,0.000374
8,213,01111100,Sequencial,1,1,30,0.0099,1e-05
8,213,01111100,PyTorch SIMD,1,1,30,0.0846,8.5e-05
8,214,11010001,Sequencial,3,40,182,0.0773,7.7e-05
8,214,11010001,PyTorch SIMD,3,40,182,0.3746,0.000375
8,215,10010000,Sequencial,2,6,104,0.022,2.2e-05
8,215,10010000,PyTorch SIMD,2,6,104,0.2022,0.000202
8,216,01000010,Sequencial,2,3,62,0.0136,1.4e-05
8,216,01000010,PyTorch SIMD,2,3,62,0.191,0.000191
8,217,01001010,Sequencial,3,59,200,0.1101,0.00011
8,217,01001010,PyTorch SIMD,3,59,200,0.3656,0.000366
8,218,11101110,Sequencial,2,6,114,0.0291,2.9e-05
8,218,11101110,PyTorch SIMD,2,6,114,0.2159,0.000216
8,219,01100011,Sequencial,2,10,150,0.0298,3e-05
8,219,01100011,PyTorch SIMD,2,10,150,0.1904,0.00019
8,220,01001000,Sequencial,2,5,90,0.0223,2.2e-05
8,220,01001000,PyTorch SIMD,2,5,90,0.1809,0.000181
8,221,00011011,Sequencial,2,4,85,0.0172,1.7e-05
8,221,00011011,PyTorch SIMD,2,4,85,0.1829,0.000183
8,222,11010000,Sequencial,2,6,106,0.0206,2.1e-05
8,222,11010000,PyTorch SIMD,2,6,106,0.1807,0.000181
8,223,10001010,Sequencial,3,59,201,0.1023,0.000102
8,223,10001010,PyTorch SIMD,3,59,201,0.3571,0.000357
8,224,11010011,Sequencial,3,105,243,0.1698,0.00017
8,224,11010011,PyTorch SIMD,3,105,243,0.3571,0.000357
8,225,10001111,Sequencial,2,9,146,0.0275,2.8e-05
8,225,10001111,PyTorch SIMD,2,9,146,0.1866,0.000187
8,226,10010111,Sequencial,3,91,237,0.1496,0.00015
8,226,10010111,PyTorch SIMD,3,91,237,0.3499,0.00035
8,227,10111101,Sequencial,3,42,194,0.0827,8.3e-05
8,227,10111101,PyTorch SIMD,3,42,194,0.352,0.000352
8,228,11000000,Sequencial,1,1,16,0.0065,6e-06
8,228,11000000,PyTorch SIMD,1,1,16,0.0718,7.2e-05
8,229,11010011,Sequencial,3,105,243,0.1707,0.000171
8,229,11010011,PyTorch SIMD,3,105,243,0.3552,0.000355
8,230,01111000,Sequencial,1,1,26,0.008,8e-06
8,230,01111000,PyTorch SIMD,1,1,26,0.0705,7e-05
8,231,01101101,Sequencial,3,40,184,0.0747,7.5e-05
8,231,01101101,PyTorch SIMD,3,40,184,0.3495,0.00035
8,232,11010110,Sequencial,3,89,232,0.1504,0.00015
8,232,11010110,PyTorch SIMD,3,89,232,0.3646,0.000365
8,233,01001010,Sequencial,3,59,200,0.1056,0.000106
8,233,01001010,PyTorch SIMD,3,59,200,0.3787,0.000379
8,234,11100001,Sequencial,2,2,52,0.0123,1.2e-05
8,234,11100001,PyTorch SIMD,2,2,52,0.1881,0.000188
8,235,11000011,Sequencial,2,10,151,0.0303,3e-05
8,235,11000011,PyTorch SIMD,2,10,151,0.2043,0.000204
8,236,01110100,Sequencial,2,4,81,0.0173,1.7e-05
8,236,01110100,PyTorch SIMD,2,4,81,0.1881,0.000188
8,237,01110011,Sequencial,2,10,152,0.0337,3.4e-05
8,237,01110011,PyTorch SIMD,2,10,152,0.1829,0.000183
8,238,11011100,Sequencial,2,7,124,0.0241,2.4e-05
8,238,11011100,PyTorch SIMD,2,7,124,0.1816,0.000182
8,239,00110010,Sequencial,2,3,65,0.0134,1.3e-05
8,239,00110010,PyTorch SIMD,2,3,65,0.1799,0.00018
8,240,11011010,Sequencial,3,61,210,0.1079,0.000108
8,240,11011010,PyTorch SIMD,3,61,210,0.3594,0.000359
8,241,10000101,Sequencial,3,38,167,0.0701,7e-05
8,241,10000101,PyTorch SIMD,3,38,167,0.3535,0.000353
8,242,01000110,Sequencial,2,8,129,0.0267,2.7e-05
8,242,01000110,PyTorch SIMD,2,8,129,0.1968,0.000197
8,243,11011111,Sequencial,2,7,127,0.0253,2.5e-05
8,243,11011111,PyTorch SIMD,2,7,127,0.1891,0.000189
8,244,11100111,Sequencial,2,13,160,0.0361,3.6e-05
8,244,11100111,PyTorch SIMD,2,13,160,0.1876,0.000188
8,245,00111110,Sequencial,1,1,29,0.0138,1.4e-05
8,245,00111110,PyTorch SIMD,1,1,29,0.0717,7.2e-05
8,246,00001010,Sequencial,2,3,59,0.0126,1.3e-05
8,246,00001010,PyTorch SIMD,2,3,59,0.196,0.000196
8,247,10110011,Sequencial,3,128,247,0.2097,0.00021
8,247,10110011,PyTorch SIMD,3,128,247,0.4823,0.000482
8,248,00101111,Sequencial,2,6,110,0.0226,2.3e-05
8,248,00101111,PyTorch SIMD,2,6,110,0.1901,0.00019
8,249,01011111,Sequencial,2,7,125,0.0246,2.5e-05
8,249,01011111,PyTorch SIMD,2,7,125,0.2142,0.000214
8,250,00100001,Sequencial,2,2,41,0.0099,1e-05
8,250,00100001,PyTorch SIMD,2,2,41,0.1841,0.000184
9,1,110101010,Sequencial,4,327,497,0.7722,0.000772
9,1,110101010,PyTorch SIMD,4,327,497,1.0084,0.001008
9,2,101011010,Sequencial,4,343,501,0.8025,0.000803
9,2,101011010,PyTorch SIMD,4,343,501,0.8864,0.000886
9,3,000110100,Sequencial,2,4,101,0.0298,3e-05
9,3,000110100,PyTorch SIMD,2,4,101,0.2242,0.000224
9,4,001000010,Sequencial,2,3,78,0.022,2.2e-05
9,4,001000010,PyTorch SIMD,2,3,78,0.2079,0.000208
9,5,011000100,Sequencial,2,4,103,0.0256,2.6e-05
9,5,011000100,PyTorch SIMD,2,4,103,0.2121,0.000212
9,6,110100000,Sequencial,2,7,160,0.0387,3.9e-05
9,6,110100000,PyTorch SIMD,2,7,160,0.2014,0.000201
9,7,100011000,Sequencial,2,10,210,0.0442,4.4e-05
9,7,100011000,PyTorch SIMD,2,10,210,0.1986,0.000199
9,8,110101010,Sequencial,4,327,497,0.7636,0.000764
9,8,110101010,PyTorch SIMD,4,327,497,0.8219,0.000822
9,9,100111100,Sequencial,2,10,218,0.051,5.1e-05
9,9,100111100,PyTorch SIMD,2,10,218,0.2301,0.00023
9,10,100001110,Sequencial,2,10,213,0.0454,4.5e-05
9,10,100001110,PyTorch SIMD,2,10,213,0.2079,0.000208
9,11,010000001,Sequencial,2,2,52,0.0144,1.4e-05
9,11,010000001,PyTorch SIMD,2,2,52,0.1945,0.000194
9,12,000100001,Sequencial,2,2,50,0.0134,1.3e-05
9,12,000100001,PyTorch SIMD,2,2,50,0.1922,0.000192
9,13,110011111,Sequencial,2,16,251,0.0628,6.3e-05
9,13,110011111,PyTorch SIMD,2,16,251,0.2057,0.000206
9,14,101001101,Sequencial,4,301,494,0.6901,0.00069
9,14,101001101,PyTorch SIMD,4,301,494,0.8154,0.000815
9,15,001111110,Sequencial,1,1,38,0.0127,1.3e-05
9,15,001111110,PyTorch SIMD,1,1,38,0.084,8.4e-05
9,16,110110100,Sequencial,3,98,381,0.2713,0.000271
9,16,110110100,PyTorch SIMD,3,98,381,0.4586,0.000459
9,17,111110001,Sequencial,2,2,71,0.0171,1.7e-05
9,17,111110001,PyTorch SIMD,2,2,71,0.2168,0.000217
9,18,101000110,Sequencial,3,174,455,0.466,0.000466
9,18,101000110,PyTorch SIMD,3,174,455,0.5324,0.000532
9,19,100101011,Sequencial,4,364,506,0.9,0.0009
9,19,100101011,PyTorch SIMD,4,364,506,0.861,0.000861
9,20,001100010,Sequencial,2,3,83,0.0259,2.6e-05
9,20,001100010,PyTorch SIMD,2,3,83,0.2215,0.000222
9,21,111100011,Sequencial,2,11,230,0.0513,5.1e-05
9,21,111100011,PyTorch SIMD,2,11,230,0.2087,0.000209
9,22,011001011,Sequencial,3,101,393,0.2613,0.000261
9,22,011001011,PyTorch SIMD,3,101,393,0.4464,0.000446
9,23,001001101,Sequencial,3,51,302,0.1401,0.00014
9,23,001001101,PyTorch SIMD,3,51,302,0.4277,0.000428
9,24,001001011,Sequencial,3,98,379,0.2537,0.000254
9,24,001001011,PyTorch SIMD,3,98,379,0.4445,0.000444
9,25,111101101,Sequencial,3,49,291,0.1427,0.000143
9,25,111101101,PyTorch SIMD,3,49,291,0.4494,0.000449
9,26,111010000,Sequencial,2,6,143,0.0318,3.2e-05
9,26,111010000,PyTorch SIMD,2,6,143,0.2149,0.000215
9,27,000110000,Sequencial,1,1,15,0.0082,8e-06
9,27,000110000,PyTorch SIMD,1,1,15,0.0795,8e-05
9,28,100100010,Sequencial,3,77,344,0.2117,0.000212
9,28,100100010,PyTorch SIMD,3,77,344,0.4323,0.000432
9,29,111100100,Sequencial,2,4,110,0.0242,2.4e-05
9,29,111100100,PyTorch SIMD,2,4,110,0.2074,0.000207
9,30,101100111,Sequencial,3,194,465,0.4947,0.000495
9,30,101100111,PyTorch SIMD,3,194,465,0.4984,0.000498
9,31,110011010,Sequencial,3,81,361,0.2247,0.000225
9,31,110011010,PyTorch SIMD,3,81,361,0.4453,0.000445
9,32,000100001,Sequencial,2,2,50,0.0142,1.4e-05
9,32,000100001,PyTorch SIMD,2,2,50,0.2091,0.000209
9,33,101010111,Sequencial,4,397,510,0.9677,0.000968
9,33,101010111,PyTorch SIMD,4,397,510,0.8868,0.000887
9,34,000011101,Sequencial,2,2,60,0.0373,3.7e-05
9,34,000011101,PyTorch SIMD,2,2,60,0.233,0.000233
9,35,001101001,Sequencial,3,48,276,0.1399,0.00014
9,35,001101001,PyTorch SIMD,3,48,276,0.4727,0.000473
9,36,000010101,Sequencial,3,47,257,0.1336,0.000134
9,36,000010101,PyTorch SIMD,3,47,257,0.4343,0.000434
9,37,111001100,Sequencial,2,13,240,0.0547,5.5e-05
9,37,111001100,PyTorch SIMD,2,13,240,0.2181,0.000218
9,38,111011100,Sequencial,2,7,170,0.0365,3.6e-05
9,38,111011100,PyTorch SIMD,2,7,170,0.206,0.000206
9,39,110101011,Sequencial,4,362,504,0.8545,0.000855
9,39,110101011,PyTorch SIMD,4,362,504,0.8448,0.000845
9,40,100000000,Sequencial,1,1,10,0.0086,9e-06
9,40,100000000,PyTorch SIMD,1,1,10,0.0864,8.6e-05
9,41,100010111,Sequencial,3,120,417,0.3268,0.000327
9,41,100010111,PyTorch SIMD,3,120,417,0.4804,0.00048
9,42,001100011,Sequencial,2,11,223,0.0482,4.8e-05
9,42,001100011,PyTorch SIMD,2,11,223,0.2223,0.000222
9,43,100011001,Sequencial,3,53,317,0.1643,0.000164
9,43,100011001,PyTorch SIMD,3,53,317,0.4587,0.000459
9,44,000110011,Sequencial,2,11,222,0.0461,4.6e-05
9,44,000110011,PyTorch SIMD,2,11,222,0.2074,0.000207
9,45,100100011,Sequencial,3,157,448,0.4012,0.000401
9,45,100100011,PyTorch SIMD,3,157,448,0.4547,0.000455
9,46,010100010,Sequencial,3,77,343,0.2019,0.000202
9,46,010100010,PyTorch SIMD,3,77,343,0.4459,0.000446
9,47,000011111,Sequencial,1,1,32,0.0112,1.1e-05
9,47,000011111,PyTorch SIMD,1,1,32,0.0798,8e-05
9,48,111110111,Sequencial,2,5,136,0.0301,3e-05
9,48,111110111,PyTorch SIMD,2,5,136,0.2071,0.000207
9,49,101001001,Sequencial,4,273,485,0.6785,0.000678
9,49,101001001,PyTorch SIMD,4,273,485,0.8241,0.000824
9,50,100110001,Sequencial,3,53,318,0.1621,0.000162
9,50,100110001,PyTorch SIMD,3,53,318,0.4784,0.000478
9,51,011011111,Sequencial,2,7,171,0.036,3.6e-05
9,51,011011111,PyTorch SIMD,2,7,171,0.2185,0.000218
9,52,110010111,Sequencial,3,121,421,0.3177,0.000318
9,52,110010111,PyTorch SIMD,3,121,421,0.455,0.000455
9,53,100101010,Sequencial,4,327,496,0.78,0.00078
9,53,100101010,PyTorch SIMD,4,327,496,0.858,0.000858
9,54,111010100,Sequencial,3,96,367,0.2595,0.00026
9,54,111010100,PyTorch SIMD,3,96,367,0.4722,0.000472
9,55,100110110,Sequencial,3,120,418,0.3157,0.000316
9,55,100110110,PyTorch SIMD,3,120,418,0.4814,0.000481
9,56,010110010,Sequencial,3,78,350,0.2083,0.000208
9,56,010110010,PyTorch SIMD,3,78,350,0.4488,0.000449
9,57,010100110,Sequencial,3,156,442,0.3887,0.000389
9,57,010100110,PyTorch SIMD,3,156,442,0.4829,0.000483
9,58,111011101,Sequencial,3,50,300,0.1523,0.000152
9,58,111011101,PyTorch SIMD,3,50,300,0.4713,0.000471
9,59,100101011,Sequencial,4,364,506,0.8988,0.000899
9,59,100101011,PyTorch SIMD,4,364,506,0.8691,0.000869
9,60,011011001,Sequencial,3,50,297,0.1407,0.000141
9,60,011011001,PyTorch SIMD,3,50,297,0.47,0.00047
9,61,111111111,Sequencial,1,1,46,0.014,1.4e-05
9,61,111111111,PyTorch SIMD,1,1,46,0.082,8.2e-05
9,62,001001010,Sequencial,3,75,328,0.2005,0.0002
9,62,001001010,PyTorch SIMD,3,75,328,0.4555,0.000456
9,63,101010110,Sequencial,4,397,509,0.9818,0.000982
9,63,101010110,PyTorch SIMD,4,397,509,0.8804,0.00088
9,64,001010111,Sequencial,3,117,401,0.3037,0.000304
9,64,001010111,PyTorch SIMD,3,117,401,0.4833,0.000483
9,65,000001000,Sequencial,1,1,5,0.0065,7e-06
9,65,000001000,PyTorch SIMD,1,1,5,0.0837,8.4e-05
9,66,110100000,Sequencial,2,7,160,0.0364,3.6e-05
9,66,110100000,PyTorch SIMD,2,7,160,0.2143,0.000214
9,67,000001011,Sequencial,2,4,108,0.0258,2.6e-05
9,67,000001011,PyTorch SIMD,2,4,108,0.2106,0.000211
9,68,001110011,Sequencial,2,11,226,0.0461,4.6e-05
9,68,001110011,PyTorch SIMD,2,11,226,0.2074,0.000207
9,69,010000000,Sequencial,1,1,9,0.0067,7e-06
9,69,010000000,PyTorch SIMD,1,1,9,0.0768,7.7e-05
9,70,111101111,Sequencial,2,6,155,0.0337,3.4e-05
9,70,111101111,PyTorch SIMD,2,6,155,0.2052,0.000205
9,71,101110011,Sequencial,3,191,463,0.4881,0.000488
9,71,101110011,PyTorch SIMD,3,191,463,0.4789,0.000479
9,72,010101010,Sequencial,4,327,495,0.7767,0.000777
9,72,010101010,PyTorch SIMD,4,327,495,0.8397,0.00084
9,73,111001011,Sequencial,3,101,394,0.2864,0.000286
9,73,111001011,PyTorch SIMD,3,101,394,0.4588,0.000459
9,74,000111011,Sequencial,2,4,113,0.0265,2.7e-05
9,74,000111011,PyTorch SIMD,2,4,113,0.2149,0.000215
9,75,101110101,Sequencial,4,260,480,0.6474,0.000647
9,75,101110101,PyTorch SIMD,4,260,480,0.8161,0.000816
9,76,110000000,Sequencial,1,1,18,0.0096,1e-05
9,76,110000000,PyTorch SIMD,1,1,18,0.0836,8.4e-05
9,77,111000011,Sequencial,2,11,228,0.0484,4.8e-05
9,77,111000011,PyTorch SIMD,2,11,228,0.2134,0.000213
9,78,001000110,Sequencial,2,8,176,0.0364,3.6e-05
9,78,001000110,PyTorch SIMD,2,8,176,0.205,0.000205
9,79,010110001,Sequencial,3,51,303,0.1404,0.00014
9,79,010110001,PyTorch SIMD,3,51,303,0.4431,0.000443
9,80,111000100,Sequencial,2,4,107,0.025,2.5e-05
9,80,111000100,PyTorch SIMD,2,4,107,0.2399,0.00024
9,81,000000110,Sequencial,1,1,12,0.0077,8e-06
9,81,000000110,PyTorch SIMD,1,1,12,0.0781,7.8e-05
9,82,101001110,Sequencial,3,174,458,0.4421,0.000442
9,82,101001110,PyTorch SIMD,3,174,458,0.4748,0.000475
9,83,011100010,Sequencial,2,3,88,0.0212,2.1e-05
9,83,011100010,PyTorch SIMD,2,3,88,0.2063,0.000206
9,84,010010011,Sequencial,3,138,430,0.3476,0.000348
9,84,010010011,PyTorch SIMD,3,138,430,0.4748,0.000475
9,85,110010011,Sequencial,3,140,439,0.3568,0.000357
9,85,110010011,PyTorch SIMD,3,140,439,0.4811,0.000481
9,86,001100111,Sequencial,2,14,242,0.0559,5.6e-05
9,86,001100111,PyTorch SIMD,2,14,242,0.2141,0.000214
9,87,010001001,Sequencial,3,48,274,0.1291,0.000129
9,87,010001001,PyTorch SIMD,3,48,274,0.4238,0.000424
9,88,001010101,Sequencial,4,257,467,0.5947,0.000595
9,88,001010101,PyTorch SIMD,4,257,467,0.8353,0.000835
9,89,000101111,Sequencial,2,6,147,0.0337,3.4e-05
9,89,000101111,PyTorch SIMD,2,6,147,0.2341,0.000234
9,90,000001010,Sequencial,2,3,75,0.0187,1.9e-05
9,90,000001010,PyTorch SIMD,2,3,75,0.2136,0.000214
9,91,110110010,Sequencial,3,78,352,0.2186,0.000219
9,91,110110010,PyTorch SIMD,3,78,352,0.454,0.000454
9,92,110110000,Sequencial,2,8,183,0.0385,3.8e-05
9,92,110110000,PyTorch SIMD,2,8,183,0.214,0.000214
9,93,001000000,Sequencial,1,1,8,0.0067,7e-06
9,93,001000000,PyTorch SIMD,1,1,8,0.0835,8.4e-05
9,94,010101101,Sequencial,4,282,488,0.6758,0.000676
9,94,010101101,PyTorch SIMD,4,282,488,0.8343,0.000834
9,95,011000101,Sequencial,3,47,264,0.1323,0.000132
9,95,011000101,PyTorch SIMD,3,47,264,0.4564,0.000456
9,96,101111011,Sequencial,3,99,388,0.272,0.000272
9,96,101111011,PyTorch SIMD,3,99,388,0.4587,0.000459
9,97,001111000,Sequencial,1,1,29,0.0121,1.2e-05
9,97,001111000,PyTorch SIMD,1,1,29,0.0847,8.5e-05
9,98,010010001,Sequencial,3,49,283,0.1425,0.000142
9,98,010010001,PyTorch SIMD,3,49,283,0.4331,0.000433
9,99,100101111,Sequencial,3,139,437,0.3891,0.000389
9,99,100101111,PyTorch SIMD,3,139,437,0.483,0.000483
9,100,001110111,Sequencial,2,5,132,0.0348,3.5e-05
9,100,001110111,PyTorch SIMD,2,5,132,0.2158,0.000216
9,101,000101010,Sequencial,3,75,327,0.1952,0.000195
9,101,000101010,PyTorch SIMD,3,75,327,0.4569,0.000457
9,102,101100111,Sequencial,3,194,465,0.5117,0.000512
9,102,101100111,PyTorch SIMD,3,194,465,0.5308,0.000531
9,103,001111101,Sequencial,2,2,69,0.0178,1.8e-05
9,103,001111101,PyTorch SIMD,2,2,69,0.2108,0.000211
9,104,100011001,Sequencial,3,53,317,0.1651,0.000165
9,104,100011001,PyTorch SIMD,3,53,317,0.4497,0.00045
9,105,110111100,Sequencial,2,8,187,0.0408,4.1e-05
9,105,110111100,PyTorch SIMD,2,8,187,0.2218,0.000222
9,106,111011010,Sequencial,3,77,348,0.2174,0.000217
9,106,111011010,PyTorch SIMD,3,77,348,0.443,0.000443
9,107,101101001,Sequencial,4,274,486,0.6666,0.000667
9,107,101101001,PyTorch SIMD,4,274,486,0.8372,0.000837
9,108,101011110,Sequencial,3,156,446,0.4144,0.000414
9,108,101011110,PyTorch SIMD,3,156,446,0.4979,0.000498
9,109,000000001,Sequencial,1,1,2,0.0064,6e-06
9,109,000000001,PyTorch SIMD,1,1,2,0.0862,8.6e-05
9,110,100011010,Sequencial,3,80,358,0.2244,0.000224
9,110,100011010,PyTorch SIMD,3,80,358,0.4582,0.000458
9,111,010010000,Sequencial,2,6,138,0.0313,3.1e-05
9,111,010010000,PyTorch SIMD,2,6,138,0.2166,0.000217
9,112,111011001,Sequencial,3,50,299,0.1511,0.000151
9,112,111011001,PyTorch SIMD,3,50,299,0.4453,0.000445
9,113,111111001,Sequencial,2,2,73,0.0173,1.7e-05
9,113,111111001,PyTorch SIMD,2,2,73,0.2027,0.000203
9,114,010000110,Sequencial,2,9,192,0.0398,4e-05
9,114,010000110,PyTorch SIMD,2,9,192,0.2093,0.000209
9,115,100100010,Sequencial,3,77,344,0.2203,0.00022
9,115,100100010,PyTorch SIMD,3,77,344,0.4795,0.000479
9,116,011110101,Sequencial,3,47,269,0.1427,0.000143
9,116,011110101,PyTorch SIMD,3,47,269,0.4581,0.000458
9,117,010110011,Sequencial,3,175,460,0.4321,0.000432
9,117,010110011,PyTorch SIMD,3,175,460,0.4799,0.00048
9,118,101011011,Sequencial,4,372,507,0.8833,0.000883
9,118,101011011,PyTorch SIMD,4,372,507,0.8634,0.000863
9,119,000101111,Sequencial,2,6,147,0.0329,3.3e-05
9,119,000101111,PyTorch SIMD,2,6,147,0.2274,0.000227
9,120,001101001,Sequencial,3,48,276,0.1409,0.000141
9,120,001101001,PyTorch SIMD,3,48,276,0.4589,0.000459
9,121,000111000,Sequencial,1,1,22,0.0112,1.1e-05
9,121,000111000,PyTorch SIMD,1,1,22,0.0913,9.1e-05
9,122,100001110,Sequencial,2,10,213,0.0465,4.6e-05
9,122,100001110,PyTorch SIMD,2,10,213,0.2178,0.000218
9,123,101011000,Sequencial,3,156,444,0.3966,0.000397
9,123,101011000,PyTorch SIMD,3,156,444,0.4788,0.000479
9,124,111111100,Sequencial,1,1,43,0.0125,1.3e-05
9,124,111111100,PyTorch SIMD,1,1,43,0.0794,7.9e-05
9,125,000111110,Sequencial,1,1,33,0.0105,1.1e-05
9,125,000111110,PyTorch SIMD,1,1,33,0.0741,7.4e-05
9,126,100111011,Sequencial,3,100,392,0.2678,0.000268
9,126,100111011,PyTorch SIMD,3,100,392,0.4679,0.000468
9,127,111000011,Sequencial,2,11,228,0.049,4.9e-05
9,127,111000011,PyTorch SIMD,2,11,228,0.2174,0.000217
9,128,101100111,Sequencial,3,194,465,0.4932,0.000493
9,128,101100111,PyTorch SIMD,3,194,465,0.4876,0.000488
9,129,100110010,Sequencial,3,80,359,0.2282,0.000228
9,129,100110010,PyTorch SIMD,3,80,359,0.4621,0.000462
9,130,000000010,Sequencial,1,1,3,0.0067,7e-06
9,130,000000010,PyTorch SIMD,1,1,3,0.0837,8.4e-05
9,131,101110110,Sequencial,3,119,414,0.3161,0.000316
9,131,101110110,PyTorch SIMD,3,119,414,0.4665,0.000467
9,132,011110010,Sequencial,2,3,91,0.0225,2.2e-05
9,132,011110010,PyTorch SIMD,2,3,91,0.2108,0.000211
9,133,100010111,Sequencial,3,120,417,0.3092,0.000309
9,133,100010111,PyTorch SIMD,3,120,417,0.4684,0.000468
9,134,010101000,Sequencial,3,117,397,0.3043,0.000304
9,134,010101000,PyTorch SIMD,3,117,397,0.4831,0.000483
9,135,001001101,Sequencial,3,51,302,0.1365,0.000137
9,135,001001101,PyTorch SIMD,3,51,302,0.4577,0.000458
9,136,011000001,Sequencial,2,2,58,0.0152,1.5e-05
9,136,011000001,PyTorch SIMD,2,2,58,0.2033,0.000203
9,137,010001110,Sequencial,2,9,196,0.04,4e-05
9,137,010001110,PyTorch SIMD,2,9,196,0.209,0.000209
9,138,110101111,Sequencial,3,137,429,0.3522,0.000352
9,138,110101111,PyTorch SIMD,3,137,429,0.456,0.000456
9,139,111000111,Sequencial,2,19,256,0.0684,6.8e-05
9,139,111000111,PyTorch SIMD,2,19,256,0.2126,0.000213
9,140,101001101,Sequencial,4,301,494,0.7281,0.000728
9,140,101001101,PyTorch SIMD,4,301,494,0.8076,0.000808
9,141,101110011,Sequencial,3,191,463,0.4818,0.000482
9,141,101110011,PyTorch SIMD,3,191,463,0.4937,0.000494
9,142,010111111,Sequencial,2,8,188,0.0398,4e-05
9,142,010111111,PyTorch SIMD,2,8,188,0.2177,0.000218
9,143,111011010,Sequencial,3,77,348,0.2079,0.000208
9,143,111011010,PyTorch SIMD,3,77,348,0.4411,0.000441
9,144,111000010,Sequencial,2,3,89,0.0219,2.2e-05
9,144,111000010,PyTorch SIMD,2,3,89,0.21,0.00021
9,145,001011000,Sequencial,2,7,162,0.0341,3.4e-05
9,145,001011000,PyTorch SIMD,2,7,162,0.2103,0.00021
9,146,100101011,Sequencial,4,364,506,0.8544,0.000854
9,146,100101011,PyTorch SIMD,4,364,506,0.8624,0.000862
9,147,100000011,Sequencial,2,10,207,0.0467,4.7e-05
9,147,100000011,PyTorch SIMD,2,10,207,0.232,0.000232
9,148,001100001,Sequencial,2,2,57,0.0161,1.6e-05
9,148,001100001,PyTorch SIMD,2,2,57,0.208,0.000208
9,149,011010001,Sequencial,3,49,285,0.1403,0.00014
9,149,011010001,PyTorch SIMD,3,49,285,0.4613,0.000461
9,150,000010111,Sequencial,2,5,128,0.0292,2.9e-05
9,150,000010111,PyTorch SIMD,2,5,128,0.2266,0.000227
9,151,011100111,Sequencial,2,14,243,0.0594,5.9e-05
9,151,011100111,PyTorch SIMD,2,14,243,0.2165,0.000216
9,152,110011110,Sequencial,2,16,250,0.0635,6.3e-05
9,152,110011110,PyTorch SIMD,2,16,250,0.2084,0.000208
9,153,101110100,Sequencial,3,99,387,0.2683,0.000268
9,153,101110100,PyTorch SIMD,3,99,387,0.4473,0.000447
9,154,101110110,Sequencial,3,119,414,0.3134,0.000313
9,154,101110110,PyTorch SIMD,3,119,414,0.4662,0.000466
9,155,000010001,Sequencial,2,2,49,0.0154,1.5e-05
9,155,000010001,PyTorch SIMD,2,2,49,0.2185,0.000218
9,156,100111110,Sequencial,2,10,220,0.0476,4.8e-05
9,156,100111110,PyTorch SIMD,2,10,220,0.2143,0.000214
9,157,011010111,Sequencial,3,117,403,0.3063,0.000306
9,157,011010111,PyTorch SIMD,3,117,403,0.4807,0.000481
9,158,011100101,Sequencial,3,47,267,0.124,0.000124
9,158,011100101,PyTorch SIMD,3,47,267,0.4342,0.000434
9,159,000000100,Sequencial,1,1,4,0.0062,6e-06
9,159,000000100,PyTorch SIMD,1,1,4,0.0861,8.6e-05
9,160,110101101,Sequencial,4,282,489,0.6802,0.00068
9,160,110101101,PyTorch SIMD,4,282,489,0.8415,0.000841
9,161,011111001,Sequencial,2,2,70,0.0179,1.8e-05
9,161,011111001,PyTorch SIMD,2,2,70,0.2236,0.000224
9,162,011110100,Sequencial,2,4,109,0.0248,2.5e-05
9,162,011110100,PyTorch SIMD,2,4,109,0.2251,0.000225
9,163,101100100,Sequencial,3,99,385,0.2674,0.000267
9,163,101100100,PyTorch SIMD,3,99,385,0.4646,0.000465
9,164,100011001,Sequencial,3,53,317,0.1572,0.000157
9,164,100011001,PyTorch SIMD,3,53,317,0.4505,0.000451
9,165,001010011,Sequencial,3,137,423,0.3489,0.000349
9,165,001010011,PyTorch SIMD,3,137,423,0.4918,0.000492
9,166,111110000,Sequencial,1,1,36,0.0123,1.2e-05
9,166,111110000,PyTorch SIMD,1,1,36,0.0804,8e-05
9,167,010100111,Sequencial,3,156,443,0.3783,0.000378
9,167,010100111,PyTorch SIMD,3,156,443,0.4809,0.000481
9,168,100000000,Sequencial,1,1,10,0.0078,8e-06
9,168,100000000,PyTorch SIMD,1,1,10,0.0812,8.1e-05
9,169,010100011,Sequencial,3,156,441,0.3765,0.000377
9,169,010100011,PyTorch SIMD,3,156,441,0.5135,0.000514
9,170,111001111,Sequencial,2,15,248,0.0661,6.6e-05
9,170,111001111,PyTorch SIMD,2,15,248,0.2228,0.000223
9,171,111000101,Sequencial,3,47,268,0.1399,0.00014
9,171,111000101,PyTorch SIMD,3,47,268,0.4351,0.000435
9,172,111011001,Sequencial,3,50,299,0.1521,0.000152
9,172,111011001,PyTorch SIMD,3,50,299,0.4443,0.000444
9,173,111001100,Sequencial,2,13,240,0.0577,5.8e-05
9,173,111001100,PyTorch SIMD,2,13,240,0.219,0.000219
9,174,011001101,Sequencial,3,54,322,0.1457,0.000146
9,174,011001101,PyTorch SIMD,3,54,322,0.4369,0.000437
9,175,101011101,Sequencial,4,292,493,0.7136,0.000714
9,175,101011101,PyTorch SIMD,4,292,493,0.849,0.000849
9,176,100111010,Sequencial,3,80,360,0.2215,0.000222
9,176,100111010,PyTorch SIMD,3,80,360,0.4642,0.000464
9,177,010000010,Sequencial,2,3,79,0.0214,2.1e-05
9,177,010000010,PyTorch SIMD,2,3,79,0.2168,0.000217
9,178,010101001,Sequencial,4,272,482,0.6294,0.000629
9,178,010101001,PyTorch SIMD,4,272,482,0.8309,0.000831
9,179,101011000,Sequencial,3,156,444,0.4015,0.000402
9,179,101011000,PyTorch SIMD,3,156,444,0.4944,0.000494
9,180,010010101,Sequencial,4,257,468,0.6258,0.000626
9,180,010010101,PyTorch SIMD,4,257,468,0.8393,0.000839
9,181,001110110,Sequencial,2,5,131,0.0302,3e-05
9,181,001110110,PyTorch SIMD,2,5,131,0.2326,0.000233
9,182,100000010,Sequencial,2,3,80,0.0216,2.2e-05
9,182,100000010,PyTorch SIMD,2,3,80,0.2171,0.000217
9,183,000110010,Sequencial,2,3,82,0.0206,2.1e-05
9,183,000110010,PyTorch SIMD,2,3,82,0.2099,0.00021
9,184,010110101,Sequencial,4,259,477,0.6281,0.000628
9,184,010110101,PyTorch SIMD,4,259,477,0.8408,0.000841
9,185,100100111,Sequencial,3,157,450,0.41,0.00041
9,185,100100111,PyTorch SIMD,3,157,450,0.5132,0.000513
9,186,101111100,Sequencial,2,9,204,0.0439,4.4e-05
9,186,101111100,PyTorch SIMD,2,9,204,0.2292,0.000229
9,187,100111011,Sequencial,3,100,392,0.2667,0.000267
9,187,100111011,PyTorch SIMD,3,100,392,0.4756,0.000476
9,188,001011000,Sequencial,2,7,162,0.0358,3.6e-05
9,188,001011000,PyTorch SIMD,2,7,162,0.2188,0.000219
9,189,101111010,Sequencial,3,79,357,0.2182,0.000218
9,189,101111010,PyTorch SIMD,3,79,357,0.4375,0.000437
9,190,100111100,Sequencial,2,10,218,0.0482,4.8e-05
9,190,100111100,PyTorch SIMD,2,10,218,0.2171,0.000217
9,191,110100111,Sequencial,3,160,453,0.4048,0.000405
9,191,110100111,PyTorch SIMD,3,160,453,0.4953,0.000495
9,192,110111111,Sequencial,2,8,190,0.0391,3.9e-05
9,192,110111111,PyTorch SIMD,2,8,190,0.2222,0.000222
9,193,000111100,Sequencial,1,1,28,0.0105,1e-05
9,193,000111100,PyTorch SIMD,1,1,28,0.0778,7.8e-05
9,194,010001001,Sequencial,3,48,274,0.1293,0.000129
9,194,010001001,PyTorch SIMD,3,48,274,0.428,0.000428
9,195,011101000,Sequencial,2,5,124,0.0327,3.3e-05
9,195,011101000,PyTorch SIMD,2,5,124,0.2068,0.000207
9,196,011000010,Sequencial,2,3,84,0.0198,2e-05
9,196,011000010,PyTorch SIMD,2,3,84,0.2074,0.000207
9,197,001010101,Sequencial,4,257,467,0.6112,0.000611
9,197,001010101,PyTorch SIMD,4,257,467,0.8106,0.000811
9,198,101110010,Sequencial,3,79,356,0.2225,0.000223
9,198,101110010,PyTorch SIMD,3,79,356,0.4607,0.000461
9,199,101111101,Sequencial,3,52,315,0.1554,0.000155
9,199,101111101,PyTorch SIMD,3,52,315,0.4688,0.000469
9,200,100001110,Sequencial,2,10,213,0.0454,4.5e-05
9,200,100001110,PyTorch SIMD,2,10,213,0.2207,0.000221
9,201,100010001,Sequencial,3,49,284,0.1406,0.000141
9,201,100010001,PyTorch SIMD,3,49,284,0.431,0.000431
9,202,101101011,Sequencial,4,363,505,0.901,0.000901
9,202,101101011,PyTorch SIMD,4,363,505,0.8737,0.000874
9,203,110110010,Sequencial,3,78,352,0.2198,0.00022
9,203,110110010,PyTorch SIMD,3,78,352,0.4688,0.000469
9,204,101010010,Sequencial,4,337,500,0.7969,0.000797
9,204,101010010,PyTorch SIMD,4,337,500,0.8571,0.000857
9,205,110111011,Sequencial,3,98,383,0.2708,0.000271
9,205,110111011,PyTorch SIMD,3,98,383,0.4641,0.000464
9,206,101111100,Sequencial,2,9,204,0.0445,4.4e-05
9,206,101111100,PyTorch SIMD,2,9,204,0.2248,0.000225
9,207,110001101,Sequencial,3,54,323,0.1635,0.000163
9,207,110001101,PyTorch SIMD,3,54,323,0.4523,0.000452
9,208,101100111,Sequencial,3,194,465,0.4764,0.000476
9,208,101100111,PyTorch SIMD,3,194,465,0.5086,0.000509
9,209,011111010,Sequencial,2,3,93,0.0225,2.2e-05
9,209,011111010,PyTorch SIMD,2,3,93,0.2211,0.000221
9,210,111011100,Sequencial,2,7,170,0.0367,3.7e-05
9,210,111011100,PyTorch SIMD,2,7,170,0.2143,0.000214
9,211,101000000,Sequencial,2,8,174,0.0433,4.3e-05
9,211,101000000,PyTorch SIMD,2,8,174,0.2075,0.000208
9,212,111110100,Sequencial,2,4,112,0.0253,2.5e-05
9,212,111110100,PyTorch SIMD,2,4,112,0.2102,0.00021
9,213,110001011,Sequencial,3,104,396,0.2826,0.000283
9,213,110001011,PyTorch SIMD,3,104,396,0.4665,0.000466
9,214,110010100,Sequencial,3,96,366,0.2553,0.000255
9,214,110010100,PyTorch SIMD,3,96,366,0.4332,0.000433
9,215,110011011,Sequencial,3,102,395,0.2704,0.00027
9,215,110011011,PyTorch SIMD,3,102,395,0.4333,0.000433
9,216,010101101,Sequencial,4,282,488,0.6506,0.000651
9,216,010101101,PyTorch SIMD,4,282,488,0.8422,0.000842
9,217,001011110,Sequencial,2,7,165,0.0345,3.5e-05
9,217,001011110,PyTorch SIMD,2,7,165,0.2143,0.000214
9,218,000100111,Sequencial,2,7,161,0.034,3.4e-05
9,218,000100111,PyTorch SIMD,2,7,161,0.205,0.000205
9,219,111011111,Sequencial,2,7,173,0.0381,3.8e-05
9,219,111011111,PyTorch SIMD,2,7,173,0.2076,0.000208
9,220,011001110,Sequencial,2,15,245,0.0573,5.7e-05
9,220,011001110,PyTorch SIMD,2,15,245,0.2034,0.000203
9,221,011001111,Sequencial,2,15,246,0.0558,5.6e-05
9,221,011001111,PyTorch SIMD,2,15,246,0.1994,0.000199
9,222,110001110,Sequencial,2,18,254,0.0662,6.6e-05
9,222,110001110,PyTorch SIMD,2,18,254,0.209,0.000209
9,223,110101001,Sequencial,4,272,484,0.6665,0.000667
9,223,110101001,PyTorch SIMD,4,272,484,0.8229,0.000823
9,224,000100111,Sequencial,2,7,161,0.0349,3.5e-05
9,224,000100111,PyTorch SIMD,2,7,161,0.2199,0.00022
9,225,011110110,Sequencial,2,5,133,0.0306,3.1e-05
9,225,011110110,PyTorch SIMD,2,5,133,0.214,0.000214
9,226,111110011,Sequencial,2,11,231,0.0513,5.1e-05
9,226,111110011,PyTorch SIMD,2,11,231,0.2245,0.000224
9,227,011001111,Sequencial,2,15,246,0.0573,5.7e-05
9,227,011001111,PyTorch SIMD,2,15,246,0.2113,0.000211
9,228,000001010,Sequencial,2,3,75,0.0188,1.9e-05
9,228,000001010,PyTorch SIMD,2,3,75,0.2176,0.000218
9,229,010101001,Sequencial,4,272,482,0.6483,0.000648
9,229,010101001,PyTorch SIMD,4,272,482,0.8177,0.000818
9,230,100101010,Sequencial,4,327,496,0.8043,0.000804
9,230,100101010,PyTorch SIMD,4,327,496,0.8715,0.000871
9,231,001101001,Sequencial,3,48,276,0.143,0.000143
9,231,001101001,PyTorch SIMD,3,48,276,0.4871,0.000487
9,232,010010001,Sequencial,3,49,283,0.1412,0.000141
9,232,010010001,PyTorch SIMD,3,49,283,0.4472,0.000447
9,233,110110011,Sequencial,3,175,461,0.4729,0.000473
9,233,110110011,PyTorch SIMD,3,175,461,0.5127,0.000513
9,234,011011110,Sequencial,2,7,169,0.0362,3.6e-05
9,234,011011110,PyTorch SIMD,2,7,169,0.2166,0.000217
9,235,001001110,Sequencial,2,8,179,0.036,3.6e-05
9,235,001001110,PyTorch SIMD,2,8,179,0.2169,0.000217
9,236,010101011,Sequencial,4,362,503,0.8877,0.000888
9,236,010101011,PyTorch SIMD,4,362,503,0.8722,0.000872
9,237,011111111,Sequencial,1,1,44,0.0139,1.4e-05
9,237,011111111,PyTorch SIMD,1,1,44,0.0868,8.7e-05
9,238,000100111,Sequencial,2,7,161,0.0342,3.4e-05
9,238,000100111,PyTorch SIMD,2,7,161,0.224,0.000224
9,239,101111000,Sequencial,2,9,203,0.0435,4.4e-05
9,239,101111000,PyTorch SIMD,2,9,203,0.2142,0.000214
9,240,111000100,Sequencial,2,4,107,0.0246,2.5e-05
9,240,111000100,PyTorch SIMD,2,4,107,0.2013,0.000201
9,241,111101011,Sequencial,3,96,371,0.2601,0.00026
9,241,111101011,PyTorch SIMD,3,96,371,0.4391,0.000439
9,242,110101100,Sequencial,3,137,426,0.3562,0.000356
9,242,110101100,PyTorch SIMD,3,137,426,0.4626,0.000463
9,243,101000100,Sequencial,3,98,378,0.2669,0.000267
9,243,101000100,PyTorch SIMD,3,98,378,0.4625,0.000462
9,244,111000101,Sequencial,3,47,268,0.1365,0.000136
9,244,111000101,PyTorch SIMD,3,47,268,0.4436,0.000444
9,245,010100100,Sequencial,3,97,372,0.2507,0.000251
9,245,010100100,PyTorch SIMD,3,97,372,0.4427,0.000443
9,246,100010011,Sequencial,3,139,434,0.3575,0.000358
9,246,100010011,PyTorch SIMD,3,139,434,0.4649,0.000465
9,247,000010000,Sequencial,1,1,6,0.007,7e-06
9,247,000010000,PyTorch SIMD,1,1,6,0.0805,8e-05
9,248,110010010,Sequencial,3,76,341,0.2061,0.000206
9,248,110010010,PyTorch SIMD,3,76,341,0.4391,0.000439
9,249,101000110,Sequencial,3,174,455,0.4322,0.000432
9,249,101000110,PyTorch SIMD,3,174,455,0.4699,0.00047
9,250,101010111,Sequencial,4,397,510,0.9587,0.000959
9,250,101010111,PyTorch SIMD,4,397,510,0.8728,0.000873
10,1,1011111011,Sequencial,3,125,634,0.4506,0.000451
10,1,1011111011,PyTorch SIMD,3,125,634,0.6122,0.000612
10,2,1100101110,Sequencial,3,181,751,0.6154,0.000615
10,2,1100101110,PyTorch SIMD,3,181,751,0.6209,0.000621
10,3,0011011000,Sequencial,2,7,213,0.0457,4.6e-05
10,3,0011011000,PyTorch SIMD,2,7,213,0.2288,0.000229
10,4,0011110100,Sequencial,2,4,137,0.0306,3.1e-05
10,4,0011110100,PyTorch SIMD,2,4,137,0.2212,0.000221
10,5,1001000111,Sequencial,3,228,802,0.7524,0.000752
10,5,1001000111,PyTorch SIMD,3,228,802,0.5962,0.000596
10,6,1011110111,Sequencial,3,152,692,0.5215,0.000522
10,6,1011110111,PyTorch SIMD,3,152,692,0.5845,0.000584
10,7,1111110101,Sequencial,3,57,407,0.2119,0.000212
10,7,1111110101,PyTorch SIMD,3,57,407,0.537,0.000537
10,8,1011000111,Sequencial,3,279,842,0.9447,0.000945
10,8,1011000111,PyTorch SIMD,3,279,842,0.5889,0.000589
10,9,0111100110,Sequencial,2,13,339,0.0767,7.7e-05
10,9,0111100110,PyTorch SIMD,2,13,339,0.2267,0.000227
10,10,0001110110,Sequencial,2,5,168,0.0351,3.5e-05
10,10,0001110110,PyTorch SIMD,2,5,168,0.2159,0.000216
10,11,1100011111,Sequencial,2,20,381,0.1172,0.000117
10,11,1100011111,PyTorch SIMD,2,20,381,0.2469,0.000247
10,12,0100110010,Sequencial,3,98,566,0.3509,0.000351
10,12,0100110010,PyTorch SIMD,3,98,566,0.5559,0.000556
10,13,0101110001,Sequencial,3,62,470,0.2359,0.000236
10,13,0101110001,PyTorch SIMD,3,62,470,0.5437,0.000544
10,14,1100110111,Sequencial,3,155,705,0.5286,0.000529
10,14,1100110111,PyTorch SIMD,3,155,705,0.572,0.000572
10,15,0110001111,Sequencial,2,19,375,0.0968,9.7e-05
10,15,0110001111,PyTorch SIMD,2,19,375,0.2376,0.000238
10,16,0010101111,Sequencial,3,176,715,0.5714,0.000571
10,16,0010101111,PyTorch SIMD,3,176,715,0.6122,0.000612
10,17,0000001001,Sequencial,2,2,58,0.0179,1.8e-05
10,17,0000001001,PyTorch SIMD,2,2,58,0.2361,0.000236
10,18,1110100111,Sequencial,3,209,787,0.7146,0.000715
10,18,1110100111,PyTorch SIMD,3,209,787,0.6154,0.000615
10,19,0110100011,Sequencial,3,205,779,0.6881,0.000688
10,19,0110100011,PyTorch SIMD,3,205,779,0.6244,0.000624
10,20,0101101000,Sequencial,3,151,678,0.5284,0.000528
10,20,0101101000,PyTorch SIMD,3,151,678,0.5932,0.000593
10,21,0100000101,Sequencial,3,57,391,0.2201,0.00022
10,21,0100000101,PyTorch SIMD,3,57,391,0.5479,0.000548
10,22,1000101100,Sequencial,3,179,738,0.6075,0.000607
10,22,1000101100,PyTorch SIMD,3,179,738,0.5803,0.00058
10,23,1001010101,Sequencial,5,849,1015,2.5971,0.002597
10,23,1001010101,PyTorch SIMD,5,849,1015,2.0227,0.002023
10,24,0111001000,Sequencial,2,5,159,0.0379,3.8e-05
10,24,0111001000,PyTorch SIMD,2,5,159,0.2383,0.000238
10,25,0000111100,Sequencial,1,1,31,0.0133,1.3e-05
10,25,0000111100,PyTorch SIMD,1,1,31,0.0843,8.4e-05
10,26,0111010011,Sequencial,3,180,747,0.6207,0.000621
10,26,0111010011,PyTorch SIMD,3,180,747,0.5926,0.000593
10,27,1011101100,Sequencial,3,178,734,0.6044,0.000604
10,27,1011101100,PyTorch SIMD,3,178,734,0.5671,0.000567
10,28,1101100000,Sequencial,2,9,264,0.0554,5.5e-05
10,28,1101100000,PyTorch SIMD,2,9,264,0.2243,0.000224
10,29,0001000111,Sequencial,2,8,233,0.0477,4.8e-05
10,29,0001000111,PyTorch SIMD,2,8,233,0.227,0.000227
10,30,0100001000,Sequencial,2,5,152,0.0351,3.5e-05
10,30,0100001000,PyTorch SIMD,2,5,152,0.2188,0.000219
10,31,1011111001,Sequencial,3,63,486,0.2378,0.000238
10,31,1011111001,PyTorch SIMD,3,63,486,0.5332,0.000533
10,32,0100101000,Sequencial,3,149,654,0.4885,0.000488
10,32,0100101000,PyTorch SIMD,3,149,654,0.5973,0.000597
10,33,0100100111,Sequencial,3,203,767,0.6655,0.000666
10,33,0100100111,PyTorch SIMD,3,203,767,0.6063,0.000606
10,34,1001111011,Sequencial,3,126,641,0.4358,0.000436
10,34,1001111011,PyTorch SIMD,3,126,641,0.581,0.000581
10,35,0110000000,Sequencial,1,1,19,0.0096,1e-05
10,35,0110000000,PyTorch SIMD,1,1,19,0.0886,8.9e-05
10,36,0110001011,Sequencial,3,130,649,0.463,0.000463
10,36,0110001011,PyTorch SIMD,3,130,649,0.5829,0.000583
10,37,1101110010,Sequencial,3,97,563,0.3532,0.000353
10,37,1101110010,PyTorch SIMD,3,97,563,0.5488,0.000549
10,38,0000000110,Sequencial,1,1,13,0.0094,9e-06
10,38,0000000110,PyTorch SIMD,1,1,13,0.093,9.3e-05
10,39,1110110111,Sequencial,3,150,675,0.5055,0.000505
10,39,1110110111,PyTorch SIMD,3,150,675,0.5744,0.000574
10,40,0111011110,Sequencial,2,7,222,0.0498,5e-05
10,40,0111011110,PyTorch SIMD,2,7,222,0.2437,0.000244
10,41,1101100001,Sequencial,3,62,471,0.238,0.000238
10,41,1101100001,PyTorch SIMD,3,62,471,0.5675,0.000567
10,42,0010111100,Sequencial,2,8,239,0.0511,5.1e-05
10,42,0010111100,PyTorch SIMD,2,8,239,0.2313,0.000231
10,43,1000001001,Sequencial,3,58,412,0.2165,0.000216
10,43,1000001001,PyTorch SIMD,3,58,412,0.5399,0.00054
10,44,0010000010,Sequencial,2,3,97,0.0255,2.6e-05
10,44,0010000010,PyTorch SIMD,2,3,97,0.2301,0.00023
10,45,1011111110,Sequencial,2,10,294,0.0632,6.3e-05
10,45,1011111110,PyTorch SIMD,2,10,294,0.2287,0.000229
10,46,1001100010,Sequencial,3,99,574,0.3526,0.000353
10,46,1001100010,PyTorch SIMD,3,99,574,0.5577,0.000558
10,47,0100101100,Sequencial,3,178,730,0.5903,0.00059
10,47,0100101100,PyTorch SIMD,3,178,730,0.5904,0.00059
10,48,1001010001,Sequencial,4,423,900,1.327,0.001327
10,48,1001010001,PyTorch SIMD,4,423,900,1.2409,0.001241
10,49,0110010101,Sequencial,4,387,854,1.176,0.001176
10,49,0110010101,PyTorch SIMD,4,387,854,1.2733,0.001273
10,50,1010011011,Sequencial,4,618,987,1.946,0.001946
10,50,1010011011,PyTorch SIMD,4,618,987,1.3646,0.001365
10,51,0110110001,Sequencial,3,61,458,0.2364,0.000236
10,51,0110110001,PyTorch SIMD,3,61,458,0.5638,0.000564
10,52,0111001111,Sequencial,2,16,359,0.0962,9.6e-05
10,52,0111001111,PyTorch SIMD,2,16,359,0.2452,0.000245
10,53,1110001010,Sequencial,3,93,524,0.3509,0.000351
10,53,1110001010,PyTorch SIMD,3,93,524,0.5676,0.000568
10,54,1101110000,Sequencial,2,9,266,0.0612,6.1e-05
10,54,1101110000,PyTorch SIMD,2,9,266,0.2353,0.000235
10,55,0011101110,Sequencial,2,6,194,0.0421,4.2e-05
10,55,0011101110,PyTorch SIMD,2,6,194,0.2178,0.000218
10,56,1100001011,Sequencial,3,131,650,0.4489,0.000449
10,56,1100001011,PyTorch SIMD,3,131,650,0.5797,0.00058
10,57,0111110110,Sequencial,2,5,172,0.0422,4.2e-05
10,57,0111110110,PyTorch SIMD,2,5,172,0.2337,0.000234
10,58,1110011101,Sequencial,3,68,509,0.2531,0.000253
10,58,1110011101,PyTorch SIMD,3,68,509,0.5159,0.000516
10,59,0110110011,Sequencial,3,229,807,0.72,0.00072
10,59,0110110011,PyTorch SIMD,3,229,807,0.5823,0.000582
10,60,1010111111,Sequencial,3,227,798,0.764,0.000764
10,60,1010111111,PyTorch SIMD,3,227,798,0.6054,0.000605
10,61,0010001101,Sequencial,3,62,466,0.2198,0.00022
10,61,0010001101,PyTorch SIMD,3,62,466,0.54,0.00054
10,62,0000110111,Sequencial,2,5,167,0.0364,3.6e-05
10,62,0000110111,PyTorch SIMD,2,5,167,0.2275,0.000228
10,63,0101010100,Sequencial,4,583,961,1.7504,0.00175
10,63,0101010100,PyTorch SIMD,4,583,961,1.3327,0.001333
10,64,0101000010,Sequencial,3,96,548,0.3386,0.000339
10,64,0101000010,PyTorch SIMD,3,96,548,0.6182,0.000618
10,65,0010011101,Sequencial,3,62,468,0.2657,0.000266
10,65,0010011101,PyTorch SIMD,3,62,468,0.5732,0.000573
10,66,0111111110,Sequencial,1,1,52,0.0156,1.6e-05
10,66,0111111110,PyTorch SIMD,1,1,52,0.0932,9.3e-05
10,67,1100100011,Sequencial,3,205,780,0.6706,0.000671
10,67,1100100011,PyTorch SIMD,3,205,780,0.6111,0.000611
10,68,0010110111,Sequencial,3,150,671,0.4773,0.000477
10,68,0010110111,PyTorch SIMD,3,150,671,0.5897,0.00059
10,69,1000101100,Sequencial,3,179,738,0.6031,0.000603
10,69,1000101100,PyTorch SIMD,3,179,738,0.6152,0.000615
10,70,1011011010,Sequencial,4,539,956,1.717,0.001717
10,70,1011011010,PyTorch SIMD,4,539,956,1.3281,0.001328
10,71,1111010100,Sequencial,3,121,592,0.4238,0.000424
10,71,1111010100,PyTorch SIMD,3,121,592,0.6013,0.000601
10,72,1000100000,Sequencial,2,7,204,0.0448,4.5e-05
10,72,1000100000,PyTorch SIMD,2,7,204,0.2328,0.000233
10,73,0101001111,Sequencial,3,227,793,0.7419,0.000742
10,73,0101001111,PyTorch SIMD,3,227,793,0.6277,0.000628
10,74,1010011011,Sequencial,4,618,987,1.9575,0.001958
10,74,1010011011,PyTorch SIMD,4,618,987,1.4041,0.001404
10,75,1001100101,Sequencial,4,392,881,1.2675,0.001267
10,75,1001100101,PyTorch SIMD,4,392,881,1.2962,0.001296
10,76,1010001000,Sequencial,3,151,676,0.5308,0.000531
10,76,1010001000,PyTorch SIMD,3,151,676,0.6447,0.000645
10,77,0011101000,Sequencial,2,5,158,0.0373,3.7e-05
10,77,0011101000,PyTorch SIMD,2,5,158,0.2459,0.000246
10,78,1001001010,Sequencial,4,514,940,1.6276,0.001628
10,78,1001001010,PyTorch SIMD,4,514,940,1.3573,0.001357
10,79,0100011010,Sequencial,3,98,565,0.3657,0.000366
10,79,0100011010,PyTorch SIMD,3,98,565,0.5906,0.000591
10,80,0010011110,Sequencial,2,9,260,0.0561,5.6e-05
10,80,0010011110,PyTorch SIMD,2,9,260,0.2406,0.000241
10,81,0101001010,Sequencial,4,514,939,1.6364,0.001636
10,81,0101001010,PyTorch SIMD,4,514,939,1.2863,0.001286
10,82,1010011011,Sequencial,4,618,987,1.9735,0.001973
10,82,1010011011,PyTorch SIMD,4,618,987,1.3712,0.001371
10,83,0101111101,Sequencial,3,62,474,0.2439,0.000244
10,83,0101111101,PyTorch SIMD,3,62,474,0.5639,0.000564
10,84,0101111110,Sequencial,2,9,269,0.0656,6.6e-05
10,84,0101111110,PyTorch SIMD,2,9,269,0.248,0.000248
10,85,0001010001,Sequencial,3,59,423,0.2186,0.000219
10,85,0001010001,PyTorch SIMD,3,59,423,0.5533,0.000553
10,86,1010101000,Sequencial,4,653,989,2.1135,0.002113
10,86,1010101000,PyTorch SIMD,4,653,989,1.3408,0.001341
10,87,1001001000,Sequencial,3,150,668,0.5202,0.00052
10,87,1001001000,PyTorch SIMD,3,150,668,0.5838,0.000584
10,88,1001001010,Sequencial,4,514,940,1.6058,0.001606
10,88,1001001010,PyTorch SIMD,4,514,940,1.3187,0.001319
10,89,1100001110,Sequencial,2,20,377,0.1066,0.000107
10,89,1100001110,PyTorch SIMD,2,20,377,0.2445,0.000244
10,90,1101111011,Sequencial,3,124,626,0.4349,0.000435
10,90,1101111011,PyTorch SIMD,3,124,626,0.584,0.000584
10,91,0101000000,Sequencial,2,8,227,0.0497,5e-05
10,91,0101000000,PyTorch SIMD,2,8,227,0.2239,0.000224
10,92,1001011111,Sequencial,3,204,778,0.6848,0.000685
10,92,1001011111,PyTorch SIMD,3,204,778,0.6002,0.0006
10,93,1001001000,Sequencial,3,150,668,0.5362,0.000536
10,93,1001001000,PyTorch SIMD,3,150,668,0.5794,0.000579
10,94,1100001000,Sequencial,2,5,157,0.036,3.6e-05
10,94,1100001000,PyTorch SIMD,2,5,157,0.2262,0.000226
10,95,0111010001,Sequencial,3,59,430,0.2182,0.000218
10,95,0111010001,PyTorch SIMD,3,59,430,0.5218,0.000522
10,96,0001101100,Sequencial,2,6,189,0.045,4.5e-05
10,96,0001101100,PyTorch SIMD,2,6,189,0.2308,0.000231
10,97,1101000011,Sequencial,3,229,805,0.7579,0.000758
10,97,1101000011,PyTorch SIMD,3,229,805,0.5987,0.000599
10,98,0100100100,Sequencial,3,122,599,0.4188,0.000419
10,98,0100100100,PyTorch SIMD,3,122,599,0.5775,0.000578
10,99,0100110000,Sequencial,2,10,278,0.0612,6.1e-05
10,99,0100110000,PyTorch SIMD,2,10,278,0.2361,0.000236
10,100,0100100000,Sequencial,2,7,203,0.0443,4.4e-05
10,100,0100100000,PyTorch SIMD,2,7,203,0.2213,0.000221
10,101,1111101111,Sequencial,2,6,201,0.0431,4.3e-05
10,101,1111101111,PyTorch SIMD,2,6,201,0.2162,0.000216
10,102,1011001011,Sequencial,4,627,988,1.9749,0.001975
10,102,1011001011,PyTorch SIMD,4,627,988,1.3832,0.001383
10,103,0101100110,Sequencial,3,253,828,0.8227,0.000823
10,103,0101100110,PyTorch SIMD,3,253,828,0.6444,0.000644
10,104,1010111111,Sequencial,3,227,798,0.7867,0.000787
10,104,1010111111,PyTorch SIMD,3,227,798,0.6424,0.000642
10,105,1111110000,Sequencial,1,1,46,0.0153,1.5e-05
10,105,1111110000,PyTorch SIMD,1,1,46,0.1016,0.000102
10,106,0011111010,Sequencial,2,3,115,0.0267,2.7e-05
10,106,0011111010,PyTorch SIMD,2,3,115,0.224,0.000224
10,107,1011100010,Sequencial,3,98,569,0.359,0.000359
10,107,1011100010,PyTorch SIMD,3,98,569,0.5634,0.000563
10,108,1101001010,Sequencial,4,514,941,1.6023,0.001602
10,108,1101001010,PyTorch SIMD,4,514,941,1.356,0.001356
10,109,1001110011,Sequencial,3,296,845,1.0207,0.001021
10,109,1001110011,PyTorch SIMD,3,296,845,0.6747,0.000675
10,110,0000000101,Sequencial,2,2,57,0.0179,1.8e-05
10,110,0000000101,PyTorch SIMD,2,2,57,0.2297,0.00023
10,111,1000101111,Sequencial,3,179,741,0.6097,0.00061
10,111,1000101111,PyTorch SIMD,3,179,741,0.5966,0.000597
10,112,1011000010,Sequencial,3,98,568,0.3667,0.000367
10,112,1011000010,PyTorch SIMD,3,98,568,0.5505,0.00055
10,113,1011000100,Sequencial,3,125,629,0.4556,0.000456
10,113,1011000100,PyTorch SIMD,3,125,629,0.5855,0.000585
10,114,0111100110,Sequencial,2,13,339,0.0755,7.5e-05
10,114,0111100110,PyTorch SIMD,2,13,339,0.2299,0.00023
10,115,1011101000,Sequencial,3,152,689,0.5214,0.000521
10,115,1011101000,PyTorch SIMD,3,152,689,0.5638,0.000564
10,116,1100011011,Sequencial,3,131,651,0.4542,0.000454
10,116,1100011011,PyTorch SIMD,3,131,651,0.592,0.000592
10,117,0101101011,Sequencial,4,584,968,1.8113,0.001811
10,117,0101101011,PyTorch SIMD,4,584,968,1.3506,0.001351
10,118,0001111101,Sequencial,2,2,83,0.0224,2.2e-05
10,118,0001111101,PyTorch SIMD,2,2,83,0.2301,0.00023
10,119,1010000110,Sequencial,3,251,815,0.8383,0.000838
10,119,1010000110,PyTorch SIMD,3,251,815,0.6337,0.000634
10,120,1110111111,Sequencial,2,8,250,0.053,5.3e-05
10,120,1110111111,PyTorch SIMD,2,8,250,0.2381,0.000238
10,121,1011011101,Sequencial,4,439,920,1.3967,0.001397
10,121,1011011101,PyTorch SIMD,4,439,920,1.3252,0.001325
10,122,0100000001,Sequencial,2,2,63,0.0198,2e-05
10,122,0100000001,PyTorch SIMD,2,2,63,0.245,0.000245
10,123,0000000100,Sequencial,1,1,4,0.0077,8e-06
10,123,0000000100,PyTorch SIMD,1,1,4,0.087,8.7e-05
10,124,1100000000,Sequencial,1,1,20,0.0104,1e-05
10,124,1100000000,PyTorch SIMD,1,1,20,0.0791,7.9e-05
10,125,0010000110,Sequencial,2,9,253,0.0577,5.8e-05
10,125,0010000110,PyTorch SIMD,2,9,253,0.2263,0.000226
10,126,1010110100,Sequencial,4,608,982,1.9474,0.001947
10,126,1010110100,PyTorch SIMD,4,608,982,1.3628,0.001363
10,127,0001000000,Sequencial,1,1,8,0.0087,9e-06
10,127,0001000000,PyTorch SIMD,1,1,8,0.0985,9.8e-05
10,128,1001111011,Sequencial,3,126,641,0.4435,0.000444
10,128,1001111011,PyTorch SIMD,3,126,641,0.5905,0.000591
10,129,1001100001,Sequencial,3,64,491,0.2474,0.000247
10,129,1001100001,PyTorch SIMD,3,64,491,0.5412,0.000541
10,130,1010100110,Sequencial,4,753,1011,2.3721,0.002372
10,130,1010100110,PyTorch SIMD,4,753,1011,1.4379,0.001438
10,131,1111111111,Sequencial,1,1,56,0.0172,1.7e-05
10,131,1111111111,PyTorch SIMD,1,1,56,0.0944,9.4e-05
10,132,0000111111,Sequencial,1,1,42,0.0137,1.4e-05
10,132,0000111111,PyTorch SIMD,1,1,42,0.0843,8.4e-05
10,133,1110011001,Sequencial,3,66,506,0.2576,0.000258
10,133,1110011001,PyTorch SIMD,3,66,506,0.5487,0.000549
10,134,1011010000,Sequencial,3,178,731,0.6002,0.0006
10,134,1011010000,PyTorch SIMD,3,178,731,0.5892,0.000589
10,135,0011011001,Sequencial,3,60,446,0.2254,0.000225
10,135,0011011001,PyTorch SIMD,3,60,446,0.5569,0.000557
10,136,1011001111,Sequencial,3,278,841,0.9308,0.000931
10,136,1011001111,PyTorch SIMD,3,278,841,0.6188,0.000619
10,137,0101001110,Sequencial,3,227,792,0.7636,0.000764
10,137,0101001110,PyTorch SIMD,3,227,792,0.6033,0.000603
10,138,0101101011,Sequencial,4,584,968,1.8318,0.001832
10,138,0101101011,PyTorch SIMD,4,584,968,1.3773,0.001377
10,139,1001110110,Sequencial,3,153,698,0.5369,0.000537
10,139,1001110110,PyTorch SIMD,3,153,698,0.6215,0.000621
10,140,0111001011,Sequencial,3,127,644,0.448,0.000448
10,140,0111001011,PyTorch SIMD,3,127,644,0.5669,0.000567
10,141,1110010001,Sequencial,3,59,431,0.2201,0.00022
10,141,1110010001,PyTorch SIMD,3,59,431,0.5365,0.000536
10,142,1010101011,Sequencial,5,961,1024,2.9682,0.002968
10,142,1010101011,PyTorch SIMD,5,961,1024,1.8976,0.001898
10,143,1011010101,Sequencial,5,851,1018,2.6846,0.002685
10,143,1011010101,PyTorch SIMD,5,851,1018,1.8875,0.001887
10,144,0001110111,Sequencial,2,5,169,0.0399,4e-05
10,144,0001110111,PyTorch SIMD,2,5,169,0.2422,0.000242
10,145,1000100101,Sequencial,4,388,861,1.2407,0.001241
10,145,1000100101,PyTorch SIMD,4,388,861,1.3033,0.001303
10,146,1011001001,Sequencial,4,411,896,1.3522,0.001352
10,146,1011001001,PyTorch SIMD,4,411,896,1.2627,0.001263
10,147,0110110110,Sequencial,3,150,672,0.5145,0.000515
10,147,0110110110,PyTorch SIMD,3,150,672,0.5807,0.000581
10,148,1110110010,Sequencial,3,96,555,0.3372,0.000337
10,148,1110110010,PyTorch SIMD,3,96,555,0.5558,0.000556
10,149,0011101101,Sequencial,3,59,435,0.2129,0.000213
10,149,0011101101,PyTorch SIMD,3,59,435,0.5377,0.000538
10,150,1101011000,Sequencial,3,202,759,0.6561,0.000656
10,150,1101011000,PyTorch SIMD,3,202,759,0.6157,0.000616
10,151,1000000001,Sequencial,2,2,64,0.0184,1.8e-05
10,151,1000000001,PyTorch SIMD,2,2,64,0.2289,0.000229
10,152,1101101101,Sequencial,4,424,907,1.3733,0.001373
10,152,1101101101,PyTorch SIMD,4,424,907,1.3165,0.001317
10,153,1000100100,Sequencial,3,122,600,0.4342,0.000434
10,153,1000100100,PyTorch SIMD,3,122,600,0.6075,0.000607
10,154,0000100000,Sequencial,1,1,7,0.0087,9e-06
10,154,0000100000,PyTorch SIMD,1,1,7,0.0983,9.8e-05
10,155,0111101101,Sequencial,3,59,436,0.2163,0.000216
10,155,0111101101,PyTorch SIMD,3,59,436,0.5521,0.000552
10,156,0000001010,Sequencial,2,3,93,0.0243,2.4e-05
10,156,0000001010,PyTorch SIMD,2,3,93,0.2304,0.00023
10,157,1010001111,Sequencial,3,251,821,0.8366,0.000837
10,157,1010001111,PyTorch SIMD,3,251,821,0.628,0.000628
10,158,0011011101,Sequencial,3,60,447,0.2217,0.000222
10,158,0011011101,PyTorch SIMD,3,60,447,0.552,0.000552
10,159,1011000010,Sequencial,3,98,568,0.3494,0.000349
10,159,1011000010,PyTorch SIMD,3,98,568,0.5556,0.000556
10,160,0010111001,Sequencial,3,61,457,0.2309,0.000231
10,160,0010111001,PyTorch SIMD,3,61,457,0.5725,0.000572
10,161,0010001011,Sequencial,3,124,619,0.4235,0.000423
10,161,0010001011,PyTorch SIMD,3,124,619,0.5812,0.000581
10,162,1110111000,Sequencial,2,8,244,0.0545,5.5e-05
10,162,1110111000,PyTorch SIMD,2,8,244,0.2418,0.000242
10,163,0000101110,Sequencial,2,6,188,0.042,4.2e-05
10,163,0000101110,PyTorch SIMD,2,6,188,0.2455,0.000245
10,164,0010011011,Sequencial,3,124,621,0.4047,0.000405
10,164,0010011011,PyTorch SIMD,3,124,621,0.5646,0.000565
10,165,0100101100,Sequencial,3,178,730,0.5999,0.0006
10,165,0100101100,PyTorch SIMD,3,178,730,0.6136,0.000614
10,166,0100000111,Sequencial,2,10,279,0.0651,6.5e-05
10,166,0100000111,PyTorch SIMD,2,10,279,0.2321,0.000232
10,167,0100001100,Sequencial,2,10,276,0.0633,6.3e-05
10,167,0100001100,PyTorch SIMD,2,10,276,0.227,0.000227
10,168,1111000011,Sequencial,2,12,328,0.0731,7.3e-05
10,168,1111000011,PyTorch SIMD,2,12,328,0.2264,0.000226
10,169,1010100100,Sequencial,4,598,976,1.8883,0.001888
10,169,1010100100,PyTorch SIMD,4,598,976,1.2849,0.001285
10,170,1100110111,Sequencial,3,155,705,0.5236,0.000524
10,170,1100110111,PyTorch SIMD,3,155,705,0.5773,0.000577
10,171,0110111011,Sequencial,3,123,616,0.4279,0.000428
10,171,0110111011,PyTorch SIMD,3,123,616,0.5581,0.000558
10,172,1110111101,Sequencial,3,61,464,0.2331,0.000233
10,172,1110111101,PyTorch SIMD,3,61,464,0.5276,0.000528
10,173,0111100101,Sequencial,3,57,403,0.2225,0.000223
10,173,0111100101,PyTorch SIMD,3,57,403,0.561,0.000561
10,174,0001010000,Sequencial,2,6,176,0.0443,4.4e-05
10,174,0001010000,PyTorch SIMD,2,6,176,0.233,0.000233
10,175,1001101111,Sequencial,3,179,743,0.6038,0.000604
10,175,1001101111,PyTorch SIMD,3,179,743,0.5506,0.000551
10,176,0110010000,Sequencial,2,6,182,0.0386,3.9e-05
10,176,0110010000,PyTorch SIMD,2,6,182,0.2169,0.000217
10,177,1001011000,Sequencial,3,204,775,0.6603,0.00066
10,177,1001011000,PyTorch SIMD,3,204,775,0.5683,0.000568
10,178,0001000001,Sequencial,2,2,61,0.0174,1.7e-05
10,178,0001000001,PyTorch SIMD,2,2,61,0.2205,0.000221
10,179,1011101111,Sequencial,3,178,736,0.6133,0.000613
10,179,1011101111,PyTorch SIMD,3,178,736,0.5745,0.000574
10,180,0111010111,Sequencial,3,149,664,0.5027,0.000503
10,180,0111010111,PyTorch SIMD,3,149,664,0.5618,0.000562
10,181,0111011101,Sequencial,3,60,449,0.2188,0.000219
10,181,0111011101,PyTorch SIMD,3,60,449,0.5427,0.000543
10,182,0101100001,Sequencial,3,62,469,0.2316,0.000232
10,182,0101100001,PyTorch SIMD,3,62,469,0.527,0.000527
10,183,1101011101,Sequencial,4,438,918,1.3869,0.001387
10,183,1101011101,PyTorch SIMD,4,438,918,1.2853,0.001285
10,184,0000100111,Sequencial,2,7,209,0.0456,4.6e-05
10,184,0000100111,PyTorch SIMD,2,7,209,0.2403,0.00024
10,185,0101011001,Sequencial,4,438,915,1.3942,0.001394
10,185,0101011001,PyTorch SIMD,4,438,915,1.3211,0.001321
10,186,1100001100,Sequencial,2,14,344,0.0816,8.2e-05
10,186,1100001100,PyTorch SIMD,2,14,344,0.2494,0.000249
10,187,1010100110,Sequencial,4,753,1011,2.4106,0.002411
10,187,1010100110,PyTorch SIMD,4,753,1011,1.4206,0.001421
10,188,1000000111,Sequencial,2,11,302,0.0736,7.4e-05
10,188,1000000111,PyTorch SIMD,2,11,302,0.2465,0.000247
10,189,1010110111,Sequencial,4,667,999,2.0757,0.002076
10,189,1010110111,PyTorch SIMD,4,667,999,1.4079,0.001408
10,190,0001111000,Sequencial,1,1,32,0.014,1.4e-05
10,190,0001111000,PyTorch SIMD,1,1,32,0.094,9.4e-05
10,191,0000011110,Sequencial,1,1,30,0.0118,1.2e-05
10,191,0000011110,PyTorch SIMD,1,1,30,0.0832,8.3e-05
10,192,0100000101,Sequencial,3,57,391,0.2172,0.000217
10,192,0100000101,PyTorch SIMD,3,57,391,0.5663,0.000566
10,193,0100010101,Sequencial,4,387,851,1.2083,0.001208
10,193,0100010101,PyTorch SIMD,4,387,851,1.2981,0.001298
10,194,0100111000,Sequencial,2,10,282,0.0641,6.4e-05
10,194,0100111000,PyTorch SIMD,2,10,282,0.2435,0.000244
10,195,1000001000,Sequencial,2,5,153,0.0419,4.2e-05
10,195,1000001000,PyTorch SIMD,2,5,153,0.2302,0.00023
10,196,1101101011,Sequencial,4,584,969,1.8361,0.001836
10,196,1101101011,PyTorch SIMD,4,584,969,1.4078,0.001408
10,197,0011100110,Sequencial,2,13,336,0.0791,7.9e-05
10,197,0011100110,PyTorch SIMD,2,13,336,0.2541,0.000254
10,198,0110101000,Sequencial,3,149,656,0.5265,0.000527
10,198,0110101000,PyTorch SIMD,3,149,656,0.5996,0.0006
10,199,0111111111,Sequencial,1,1,54,0.0164,1.6e-05
10,199,0111111111,PyTorch SIMD,1,1,54,0.0874,8.7e-05
10,200,1110110110,Sequencial,3,150,674,0.5077,0.000508
10,200,1110110110,PyTorch SIMD,3,150,674,0.589,0.000589
10,201,1111011001,Sequencial,3,60,450,0.2343,0.000234
10,201,1111011001,PyTorch SIMD,3,60,450,0.5616,0.000562
10,202,1011111001,Sequencial,3,63,486,0.2466,0.000247
10,202,1011111001,PyTorch SIMD,3,63,486,0.5414,0.000541
10,203,0110100100,Sequencial,3,122,601,0.4259,0.000426
10,203,0110100100,PyTorch SIMD,3,122,601,0.5499,0.00055
10,204,1011011111,Sequencial,3,203,771,0.6822,0.000682
10,204,1011011111,PyTorch SIMD,3,203,771,0.5885,0.000589
10,205,0101011000,Sequencial,3,202,757,0.6509,0.000651
10,205,0101011000,PyTorch SIMD,3,202,757,0.6055,0.000605
10,206,1111101011,Sequencial,3,121,597,0.4248,0.000425
10,206,1111101011,PyTorch SIMD,3,121,597,0.5887,0.000589
10,207,0111100001,Sequencial,2,2,81,0.0213,2.1e-05
10,207,0111100001,PyTorch SIMD,2,2,81,0.2189,0.000219
10,208,0001010010,Sequencial,3,94,528,0.3205,0.000321
10,208,0001010010,PyTorch SIMD,3,94,528,0.5455,0.000546
10,209,0000111100,Sequencial,1,1,31,0.0133,1.3e-05
10,209,0000111100,PyTorch SIMD,1,1,31,0.0869,8.7e-05
10,210,0110001001,Sequencial,3,58,415,0.2227,0.000223
10,210,0110001001,PyTorch SIMD,3,58,415,0.5367,0.000537
10,211,0000110001,Sequencial,2,2,67,0.0179,1.8e-05
10,211,0000110001,PyTorch SIMD,2,2,67,0.2199,0.00022
10,212,0010001000,Sequencial,2,5,151,0.033,3.3e-05
10,212,0010001000,PyTorch SIMD,2,5,151,0.2171,0.000217
10,213,1111000011,Sequencial,2,12,328,0.0714,7.1e-05
10,213,1111000011,PyTorch SIMD,2,12,328,0.2272,0.000227
10,214,1011010111,Sequencial,4,654,995,2.0811,0.002081
10,214,1011010111,PyTorch SIMD,4,654,995,1.3746,0.001375
10,215,1011101001,Sequencial,4,411,897,1.3015,0.001301
10,215,1011101001,PyTorch SIMD,4,411,897,1.3782,0.001378
10,216,0100111101,Sequencial,3,63,482,0.2478,0.000248
10,216,0100111101,PyTorch SIMD,3,63,482,0.5633,0.000563
10,217,0110001011,Sequencial,3,130,649,0.4496,0.00045
10,217,0110001011,PyTorch SIMD,3,130,649,0.5578,0.000558
10,218,1101111011,Sequencial,3,124,626,0.4369,0.000437
10,218,1101111011,PyTorch SIMD,3,124,626,0.5689,0.000569
10,219,1011110000,Sequencial,2,10,291,0.06,6e-05
10,219,1011110000,PyTorch SIMD,2,10,291,0.2277,0.000228
10,220,0110000001,Sequencial,2,2,70,0.019,1.9e-05
10,220,0110000001,PyTorch SIMD,2,2,70,0.2195,0.000219
10,221,0110101100,Sequencial,3,176,714,0.6117,0.000612
10,221,0110101100,PyTorch SIMD,3,176,714,0.5889,0.000589
10,222,1100000011,Sequencial,2,12,321,0.0741,7.4e-05
10,222,1100000011,PyTorch SIMD,2,12,321,0.2279,0.000228
10,223,1000000010,Sequencial,2,3,99,0.0246,2.5e-05
10,223,1000000010,PyTorch SIMD,2,3,99,0.2162,0.000216
10,224,0110000010,Sequencial,2,3,104,0.0316,3.2e-05
10,224,0110000010,PyTorch SIMD,2,3,104,0.2277,0.000228
10,225,1001000100,Sequencial,3,123,609,0.4334,0.000433
10,225,1001000100,PyTorch SIMD,3,123,609,0.5417,0.000542
10,226,0111010000,Sequencial,2,6,184,0.0401,4e-05
10,226,0111010000,PyTorch SIMD,2,6,184,0.2166,0.000217
10,227,0010011111,Sequencial,2,9,262,0.055,5.5e-05
10,227,0010011111,PyTorch SIMD,2,9,262,0.2206,0.000221
10,228,1111101000,Sequencial,2,5,166,0.0364,3.6e-05
10,228,1111101000,PyTorch SIMD,2,5,166,0.2144,0.000214
10,229,0110111110,Sequencial,2,8,246,0.052,5.2e-05
10,229,0110111110,PyTorch SIMD,2,8,246,0.2138,0.000214
10,230,1100010101,Sequencial,4,387,855,1.2448,0.001245
10,230,1100010101,PyTorch SIMD,4,387,855,1.2472,0.001247
10,231,1000011111,Sequencial,2,11,311,0.0705,7.1e-05
10,231,1000011111,PyTorch SIMD,2,11,311,0.2364,0.000236
10,232,1101010000,Sequencial,3,176,711,0.5935,0.000594
10,232,1101010000,PyTorch SIMD,3,176,711,0.5824,0.000582
10,233,1101111011,Sequencial,3,124,626,0.4341,0.000434
10,233,1101111011,PyTorch SIMD,3,124,626,0.5761,0.000576
10,234,1010110100,Sequencial,4,608,982,1.9123,0.001912
10,234,1010110100,PyTorch SIMD,4,608,982,1.358,0.001358
10,235,0010001011,Sequencial,3,124,619,0.4206,0.000421
10,235,0010001011,PyTorch SIMD,3,124,619,0.6159,0.000616
10,236,1111110011,Sequencial,2,12,331,0.0824,8.2e-05
10,236,1111110011,PyTorch SIMD,2,12,331,0.2379,0.000238
10,237,1000111100,Sequencial,2,11,309,0.0723,7.2e-05
10,237,1000111100,PyTorch SIMD,2,11,309,0.2309,0.000231
10,238,0011100010,Sequencial,2,3,108,0.0252,2.5e-05
10,238,0011100010,PyTorch SIMD,2,3,108,0.2238,0.000224
10,239,0010101100,Sequencial,3,176,712,0.5753,0.000575
10,239,0010101100,PyTorch SIMD,3,176,712,0.5897,0.00059
10,240,0001100101,Sequencial,3,57,394,0.2105,0.00021
10,240,0001100101,PyTorch SIMD,3,57,394,0.5394,0.000539
10,241,0011111110,Sequencial,1,1,48,0.0138,1.4e-05
10,241,0011111110,PyTorch SIMD,1,1,48,0.0823,8.2e-05
10,242,1000111111,Sequencial,2,11,314,0.0669,6.7e-05
10,242,1000111111,PyTorch SIMD,2,11,314,0.2148,0.000215
10,243,1011000001,Sequencial,3,63,483,0.228,0.000228
10,243,1011000001,PyTorch SIMD,3,63,483,0.5095,0.00051
10,244,0011111100,Sequencial,1,1,44,0.0141,1.4e-05
10,244,0011111100,PyTorch SIMD,1,1,44,0.0856,8.6e-05
10,245,0101011101,Sequencial,4,438,916,1.3625,0.001362
10,245,0101011101,PyTorch SIMD,4,438,916,1.2613,0.001261
10,246,1011010111,Sequencial,4,654,995,2.0742,0.002074
10,246,1011010111,PyTorch SIMD,4,654,995,1.3752,0.001375
10,247,0110100101,Sequencial,4,388,862,1.2352,0.001235
10,247,0110100101,PyTorch SIMD,4,388,862,1.2861,0.001286
10,248,1000000110,Sequencial,2,11,297,0.0667,6.7e-05
10,248,1000000110,PyTorch SIMD,2,11,297,0.2482,0.000248
10,249,0001000111,Sequencial,2,8,233,0.048,4.8e-05
10,249,0001000111,PyTorch SIMD,2,8,233,0.2392,0.000239
10,250,0001100000,Sequencial,1,1,17,0.0094,9e-06
10,250,0001100000,PyTorch SIMD,1,1,17,0.0849,8.5e-05
11,1,00110110100,Sequencial,3,151,943,0.6591,0.000659
11,1,00110110100,PyTorch SIMD,3,151,943,0.7625,0.000762
11,2,11001010110,Sequencial,4,1029,1888,4.069,0.004069
11,2,11001010110,PyTorch SIMD,4,1029,1888,2.5117,0.002512
11,3,11111110110,Sequencial,2,5,218,0.0578,5.8e-05
11,3,11111110110,PyTorch SIMD,2,5,218,0.2837,0.000284
11,4,01000000001,Sequencial,2,2,75,0.027,2.7e-05
11,4,01000000001,PyTorch SIMD,2,2,75,0.2313,0.000231
11,5,00011101110,Sequencial,2,6,243,0.0545,5.4e-05
11,5,00011101110,PyTorch SIMD,2,6,243,0.234,0.000234
11,6,10101010100,Sequencial,5,1781,2036,6.9389,0.006939
11,6,10101010100,PyTorch SIMD,5,1781,2036,3.7029,0.003703
11,7,01101111101,Sequencial,3,73,687,0.3452,0.000345
11,7,01101111101,PyTorch SIMD,3,73,687,0.6961,0.000696
11,8,11000110110,Sequencial,3,195,1126,0.8542,0.000854
11,8,11000110110,PyTorch SIMD,3,195,1126,0.7154,0.000715
11,9,00011001001,Sequencial,3,69,598,0.3069,0.000307
11,9,00011001001,PyTorch SIMD,3,69,598,0.6745,0.000675
11,10,11100100011,Sequencial,3,258,1277,1.0786,0.001079
11,10,11100100011,PyTorch SIMD,3,258,1277,0.7962,0.000796
11,11,10101110110,Sequencial,4,1059,1902,4.3494,0.004349
11,11,10101110110,PyTorch SIMD,4,1059,1902,2.2426,0.002243
11,12,10111010111,Sequencial,4,1027,1883,4.1349,0.004135
11,12,10111010111,PyTorch SIMD,4,1027,1883,2.2274,0.002227
11,13,00111000010,Sequencial,2,3,131,0.0338,3.4e-05
11,13,00111000010,PyTorch SIMD,2,3,131,0.2601,0.00026
11,14,10100110101,Sequencial,5,1531,2009,6.0494,0.006049
11,14,10100110101,PyTorch SIMD,5,1531,2009,3.2672,0.003267
11,15,01001100010,Sequencial,3,119,865,0.5411,0.000541
11,15,01001100010,PyTorch SIMD,3,119,865,0.7122,0.000712
11,16,10100010111,Sequencial,4,1073,1909,4.2955,0.004295
11,16,10100010111,PyTorch SIMD,4,1073,1909,2.1445,0.002145
11,17,01001011000,Sequencial,3,256,1253,1.0747,0.001075
11,17,01001011000,PyTorch SIMD,3,256,1253,0.7547,0.000755
11,18,00001001101,Sequencial,3,72,656,0.3242,0.000324
11,18,00001001101,PyTorch SIMD,3,72,656,0.712,0.000712
11,19,01101010101,Sequencial,5,1487,1985,5.7561,0.005756
11,19,01101010101,PyTorch SIMD,5,1487,1985,3.2248,0.003225
11,20,00000100110,Sequencial,2,7,259,0.0544,5.4e-05
11,20,00000100110,PyTorch SIMD,2,7,259,0.253,0.000253
11,21,11101000100,Sequencial,3,151,940,0.6485,0.000648
11,21,11101000100,PyTorch SIMD,3,151,940,0.712,0.000712
11,22,11111000100,Sequencial,2,4,175,0.0463,4.6e-05
11,22,11111000100,PyTorch SIMD,2,4,175,0.2514,0.000251
11,23,10111011000,Sequencial,3,256,1258,1.0648,0.001065
11,23,10111011000,PyTorch SIMD,3,256,1258,0.735,0.000735
11,24,00111001011,Sequencial,3,156,1004,0.6722,0.000672
11,24,00111001011,PyTorch SIMD,3,156,1004,0.7057,0.000706
11,25,10001011011,Sequencial,4,923,1828,3.5685,0.003568
11,25,10001011011,PyTorch SIMD,4,923,1828,2.0788,0.002079
11,26,10101111001,Sequencial,4,672,1676,2.7423,0.002742
11,26,10101111001,PyTorch SIMD,4,672,1676,2.093,0.002093
11,27,10000100111,Sequencial,3,257,1264,1.0752,0.001075
11,27,10000100111,PyTorch SIMD,3,257,1264,0.7736,0.000774
11,28,00000011011,Sequencial,2,4,172,0.0387,3.9e-05
11,28,00000011011,PyTorch SIMD,2,4,172,0.2653,0.000265
11,29,01011011000,Sequencial,3,255,1242,1.0725,0.001073
11,29,01011011000,PyTorch SIMD,3,255,1242,0.7622,0.000762
11,30,00010111010,Sequencial,3,116,831,0.4995,0.000499
11,30,00010111010,PyTorch SIMD,3,116,831,0.7401,0.00074
11,31,00100001000,Sequencial,2,5,188,0.0454,4.5e-05
11,31,00100001000,PyTorch SIMD,2,5,188,0.254,0.000254
11,32,01010100101,Sequencial,5,1502,1997,5.8957,0.005896
11,32,01010100101,PyTorch SIMD,5,1502,1997,3.1603,0.00316
11,33,01101111001,Sequencial,3,73,685,0.3383,0.000338
11,33,01101111001,PyTorch SIMD,3,73,685,0.71,0.00071
11,34,11001010000,Sequencial,3,220,1135,0.9467,0.000947
11,34,11001010000,PyTorch SIMD,3,220,1135,0.7694,0.000769
11,35,00000010010,Sequencial,2,3,114,0.0316,3.2e-05
11,35,00000010010,PyTorch SIMD,2,3,114,0.2637,0.000264
11,36,00001010100,Sequencial,3,149,899,0.6124,0.000612
11,36,00001010100,PyTorch SIMD,3,149,899,0.7644,0.000764
11,37,01111110001,Sequencial,2,2,105,0.0262,2.6e-05
11,37,01111110001,PyTorch SIMD,2,2,105,0.245,0.000245
11,38,10011110101,Sequencial,4,569,1551,2.2542,0.002254
11,38,10011110101,PyTorch SIMD,4,569,1551,1.9235,0.001923
11,39,10001101010,Sequencial,4,778,1728,3.0532,0.003053
11,39,10001101010,PyTorch SIMD,4,778,1728,2.1158,0.002116
11,40,11010101110,Sequencial,4,1130,1920,4.4248,0.004425
11,40,11010101110,PyTorch SIMD,4,1130,1920,2.1727,0.002173
11,41,10111101010,Sequencial,4,777,1727,3.0602,0.00306
11,41,10111101010,PyTorch SIMD,4,777,1727,2.1253,0.002125
11,42,00110001110,Sequencial,2,20,525,0.1284,0.000128
11,42,00110001110,PyTorch SIMD,2,20,525,0.2619,0.000262
11,43,11100001100,Sequencial,2,15,479,0.1039,0.000104
11,43,11100001100,PyTorch SIMD,2,15,479,0.2417,0.000242
11,44,10001110100,Sequencial,3,155,992,0.6621,0.000662
11,44,10001110100,PyTorch SIMD,3,155,992,0.7271,0.000727
11,45,01111011011,Sequencial,3,150,933,0.6499,0.00065
11,45,01111011011,PyTorch SIMD,3,150,933,0.7468,0.000747
11,46,00101110110,Sequencial,3,187,1067,0.782,0.000782
11,46,00101110110,PyTorch SIMD,3,187,1067,0.7447,0.000745
11,47,10000010011,Sequencial,3,224,1187,0.9348,0.000935
11,47,10000010011,PyTorch SIMD,3,224,1187,0.7582,0.000758
11,48,00100001001,Sequencial,3,69,594,0.3123,0.000312
11,48,00100001001,PyTorch SIMD,3,69,594,0.6584,0.000658
11,49,01011001000,Sequencial,3,188,1075,0.761,0.000761
11,49,01011001000,PyTorch SIMD,3,188,1075,0.7202,0.00072
11,50,10011001011,Sequencial,4,989,1864,3.8635,0.003864
11,50,10011001011,PyTorch SIMD,4,989,1864,2.1087,0.002109
11,51,00010111100,Sequencial,2,8,302,0.0659,6.6e-05
11,51,00010111100,PyTorch SIMD,2,8,302,0.2556,0.000256
11,52,00100000000,Sequencial,1,1,10,0.0094,9e-06
11,52,00100000000,PyTorch SIMD,1,1,10,0.091,9.1e-05
11,53,00110100000,Sequencial,2,7,260,0.0563,5.6e-05
11,53,00110100000,PyTorch SIMD,2,7,260,0.2352,0.000235
11,54,11100011001,Sequencial,3,78,752,0.3587,0.000359
11,54,11100011001,PyTorch SIMD,3,78,752,0.6602,0.00066
11,55,00100000010,Sequencial,2,3,118,0.0298,3e-05
11,55,00100000010,PyTorch SIMD,2,3,118,0.2363,0.000236
11,56,10011100110,Sequencial,3,410,1473,1.6662,0.001666
11,56,10011100110,PyTorch SIMD,3,410,1473,0.7598,0.00076
11,57,11110001111,Sequencial,2,27,559,0.1601,0.00016
11,57,11110001111,PyTorch SIMD,2,27,559,0.2581,0.000258
11,58,00000011000,Sequencial,1,1,16,0.0103,1e-05
11,58,00000011000,PyTorch SIMD,1,1,16,0.0897,9e-05
11,59,00000001011,Sequencial,2,4,167,0.0349,3.5e-05
11,59,00000001011,PyTorch SIMD,2,4,167,0.2286,0.000229
11,60,10001100000,Sequencial,2,12,414,0.0855,8.5e-05
11,60,10001100000,PyTorch SIMD,2,12,414,0.2345,0.000235
11,61,10101101100,Sequencial,4,1149,1934,4.4008,0.004401
11,61,10101101100,PyTorch SIMD,4,1149,1934,2.1843,0.002184
11,62,00000100001,Sequencial,2,2,71,0.0214,2.1e-05
11,62,00000100001,PyTorch SIMD,2,2,71,0.251,0.000251
11,63,01100011101,Sequencial,3,83,768,0.3652,0.000365
11,63,01100011101,PyTorch SIMD,3,83,768,0.6891,0.000689
11,64,11000111000,Sequencial,2,22,541,0.1325,0.000132
11,64,11000111000,PyTorch SIMD,2,22,541,0.2407,0.000241
11,65,10111011000,Sequencial,3,256,1258,1.0286,0.001029
11,65,10111011000,PyTorch SIMD,3,256,1258,0.7238,0.000724
11,66,01011101101,Sequencial,4,614,1612,2.3548,0.002355
11,66,01011101101,PyTorch SIMD,4,614,1612,2.0231,0.002023
11,67,10010101101,Sequencial,5,1594,2021,6.2376,0.006238
11,67,10010101101,PyTorch SIMD,5,1594,2021,3.2718,0.003272
11,68,10100101001,Sequencial,5,1558,2013,6.1977,0.006198
11,68,10100101001,PyTorch SIMD,5,1558,2013,3.3349,0.003335
11,69,11000001001,Sequencial,3,69,601,0.3273,0.000327
11,69,11000001001,PyTorch SIMD,3,69,601,0.7014,0.000701
11,70,10011011001,Sequencial,4,636,1648,2.5244,0.002524
11,70,10011011001,PyTorch SIMD,4,636,1648,2.0177,0.002018
11,71,00110000110,Sequencial,2,14,460,0.0995,0.0001
11,71,00110000110,PyTorch SIMD,2,14,460,0.2781,0.000278
11,72,11100010110,Sequencial,3,196,1128,0.8249,0.000825
11,72,11100010110,PyTorch SIMD,3,196,1128,0.7246,0.000725
11,73,01101011101,Sequencial,4,633,1633,2.4976,0.002498
11,73,01101011101,PyTorch SIMD,4,633,1633,2.0363,0.002036
11,74,11001011010,Sequencial,4,813,1761,3.2134,0.003213
11,74,11001011010,PyTorch SIMD,4,813,1761,2.1137,0.002114
11,75,00111111000,Sequencial,1,1,50,0.0171,1.7e-05
11,75,00111111000,PyTorch SIMD,1,1,50,0.0989,9.9e-05
11,76,10011010101,Sequencial,5,1491,1996,5.799,0.005799
11,76,10011010101,PyTorch SIMD,5,1491,1996,3.1683,0.003168
11,77,01000010110,Sequencial,3,189,1087,0.8402,0.00084
11,77,01000010110,PyTorch SIMD,3,189,1087,0.7719,0.000772
11,78,10000011000,Sequencial,2,12,412,0.0863,8.6e-05
11,78,10000011000,PyTorch SIMD,2,12,412,0.2564,0.000256
11,79,00010011001,Sequencial,3,73,675,0.3125,0.000313
11,79,00010011001,PyTorch SIMD,3,73,675,0.6822,0.000682
11,80,00011101100,Sequencial,2,6,241,0.0532,5.3e-05
11,80,00011101100,PyTorch SIMD,2,6,241,0.2427,0.000243
11,81,00000110000,Sequencial,1,1,17,0.0102,1e-05
11,81,00000110000,PyTorch SIMD,1,1,17,0.0864,8.6e-05
11,82,11111101001,Sequencial,3,69,611,0.3054,0.000305
11,82,11111101001,PyTorch SIMD,3,69,611,0.6498,0.00065
11,83,11000100101,Sequencial,4,564,1508,2.2032,0.002203
11,83,11000100101,PyTorch SIMD,4,564,1508,1.9527,0.001953
11,84,00111001000,Sequencial,2,5,197,0.0447,4.5e-05
11,84,00111001000,PyTorch SIMD,2,5,197,0.2471,0.000247
11,85,00001111100,Sequencial,1,1,42,0.0151,1.5e-05
11,85,00001111100,PyTorch SIMD,1,1,42,0.0879,8.8e-05
11,86,10101010101,Sequencial,6,1982,2048,7.5974,0.007597
11,86,10101010101,PyTorch SIMD,6,1982,2048,3.712,0.003712
11,87,11100001000,Sequencial,2,5,199,0.0605,6.1e-05
11,87,11100001000,PyTorch SIMD,2,5,199,0.2625,0.000262
11,88,00111001010,Sequencial,3,113,785,0.4884,0.000488
11,88,00111001010,PyTorch SIMD,3,113,785,0.7397,0.00074
11,89,10000111010,Sequencial,3,120,878,0.5178,0.000518
11,89,10000111010,PyTorch SIMD,3,120,878,0.6788,0.000679
11,90,10111001100,Sequencial,3,382,1452,1.5235,0.001524
11,90,10111001100,PyTorch SIMD,3,382,1452,0.7555,0.000756
11,91,01010110101,Sequencial,5,1512,2003,5.8251,0.005825
11,91,01010110101,PyTorch SIMD,5,1512,2003,3.3445,0.003344
11,92,00010001100,Sequencial,2,9,323,0.0709,7.1e-05
11,92,00010001100,PyTorch SIMD,2,9,323,0.2645,0.000264
11,93,10110011011,Sequencial,4,978,1862,3.9092,0.003909
11,93,10110011011,PyTorch SIMD,4,978,1862,2.2389,0.002239
11,94,11101011001,Sequencial,4,633,1634,2.5696,0.00257
11,94,11101011001,PyTorch SIMD,4,633,1634,2.1036,0.002104
11,95,01010000001,Sequencial,3,73,672,0.3318,0.000332
11,95,01010000001,PyTorch SIMD,3,73,672,0.6619,0.000662
11,96,01101010101,Sequencial,5,1487,1985,5.7181,0.005718
11,96,01101010101,PyTorch SIMD,5,1487,1985,3.132,0.003132
11,97,10100100110,Sequencial,4,1238,1962,4.8509,0.004851
11,97,10100100110,PyTorch SIMD,4,1238,1962,2.2202,0.00222
11,98,00101100110,Sequencial,3,322,1390,1.3182,0.001318
11,98,00101100110,PyTorch SIMD,3,322,1390,0.8027,0.000803
11,99,01101101111,Sequencial,3,221,1159,0.9266,0.000927
11,99,01101101111,PyTorch SIMD,3,221,1159,0.7448,0.000745
11,100,00011000110,Sequencial,2,14,459,0.0969,9.7e-05
11,100,00011000110,PyTorch SIMD,2,14,459,0.2538,0.000254
11,101,10110011000,Sequencial,3,383,1453,1.5577,0.001558
11,101,10110011000,PyTorch SIMD,3,383,1453,0.7606,0.000761
11,102,10001110001,Sequencial,3,76,730,0.3426,0.000343
11,102,10001110001,PyTorch SIMD,3,76,730,0.6644,0.000664
11,103,00001000101,Sequencial,3,68,565,0.2908,0.000291
11,103,00001000101,PyTorch SIMD,3,68,565,0.6715,0.000672
11,104,01010110011,Sequencial,4,1296,1973,5.0915,0.005091
11,104,01010110011,PyTorch SIMD,4,1296,1973,2.2487,0.002249
11,105,00101101111,Sequencial,3,221,1156,0.9243,0.000924
11,105,00101101111,PyTorch SIMD,3,221,1156,0.762,0.000762
11,106,10010110010,Sequencial,4,826,1769,3.203,0.003203
11,106,10010110010,PyTorch SIMD,4,826,1769,2.0706,0.002071
11,107,01110001011,Sequencial,3,162,1021,0.6683,0.000668
11,107,01110001011,PyTorch SIMD,3,162,1021,0.6873,0.000687
11,108,00001000110,Sequencial,2,8,291,0.0576,5.8e-05
11,108,00001000110,PyTorch SIMD,2,8,291,0.2362,0.000236
11,109,01101010000,Sequencial,3,220,1134,0.8901,0.00089
11,109,01101010000,PyTorch SIMD,3,220,1134,0.7033,0.000703
11,110,00010010101,Sequencial,4,563,1488,2.1773,0.002177
11,110,00010010101,PyTorch SIMD,4,563,1488,1.9363,0.001936
11,111,11100010111,Sequencial,3,196,1129,0.8044,0.000804
11,111,11100010111,PyTorch SIMD,3,196,1129,0.7556,0.000756
11,112,00100110011,Sequencial,3,351,1419,1.4333,0.001433
11,112,00100110011,PyTorch SIMD,3,351,1419,0.8134,0.000813
11,113,10010101100,Sequencial,4,1132,1927,4.3236,0.004324
11,113,10010101100,PyTorch SIMD,4,1132,1927,2.2176,0.002218
11,114,11000000100,Sequencial,2,4,161,0.0379,3.8e-05
11,114,11000000100,PyTorch SIMD,2,4,161,0.2619,0.000262
11,115,01101110100,Sequencial,3,152,958,0.6357,0.000636
11,115,01101110100,PyTorch SIMD,3,152,958,0.7204,0.00072
11,116,00110101011,Sequencial,4,899,1788,3.5974,0.003597
11,116,00110101011,PyTorch SIMD,4,899,1788,2.1516,0.002152
11,117,10110110100,Sequencial,4,936,1838,3.6586,0.003659
11,117,10110110100,PyTorch SIMD,4,936,1838,2.1946,0.002195
11,118,10100000110,Sequencial,3,350,1405,1.4504,0.00145
11,118,10100000110,PyTorch SIMD,3,350,1405,0.8451,0.000845
11,119,01101101100,Sequencial,3,221,1155,0.9349,0.000935
11,119,01101101100,PyTorch SIMD,3,221,1155,0.774,0.000774
11,120,00011101011,Sequencial,3,149,916,0.6313,0.000631
11,120,00011101011,PyTorch SIMD,3,149,916,0.7596,0.00076
11,121,00001001110,Sequencial,2,8,296,0.0614,6.1e-05
11,121,00001001110,PyTorch SIMD,2,8,296,0.2513,0.000251
11,122,11001111010,Sequencial,3,125,897,0.5726,0.000573
11,122,11001111010,PyTorch SIMD,3,125,897,0.7256,0.000726
11,123,10011110001,Sequencial,3,76,734,0.3542,0.000354
11,123,10011110001,PyTorch SIMD,3,76,734,0.6992,0.000699
11,124,11001111011,Sequencial,3,159,1015,0.6902,0.00069
11,124,11001111011,PyTorch SIMD,3,159,1015,0.728,0.000728
11,125,00101010100,Sequencial,4,899,1781,3.4305,0.00343
11,125,00101010100,PyTorch SIMD,4,899,1781,2.0641,0.002064
11,126,10101111100,Sequencial,3,319,1369,1.3153,0.001315
11,126,10101111100,PyTorch SIMD,3,319,1369,0.771,0.000771
11,127,00101111011,Sequencial,3,152,961,0.6725,0.000673
11,127,00101111011,PyTorch SIMD,3,152,961,0.741,0.000741
11,128,10011000110,Sequencial,3,410,1472,1.6613,0.001661
11,128,10011000110,PyTorch SIMD,3,410,1472,0.7932,0.000793
11,129,00110101011,Sequencial,4,899,1788,3.4525,0.003452
11,129,00110101011,PyTorch SIMD,4,899,1788,2.1031,0.002103
11,130,01100100110,Sequencial,3,259,1280,1.0676,0.001068
11,130,01100100110,PyTorch SIMD,3,259,1280,0.7736,0.000774
11,131,00111011110,Sequencial,2,7,278,0.0602,6e-05
11,131,00111011110,PyTorch SIMD,2,7,278,0.2532,0.000253
11,132,11110001000,Sequencial,2,5,203,0.0453,4.5e-05
11,132,11110001000,PyTorch SIMD,2,5,203,0.2393,0.000239
11,133,11000101001,Sequencial,4,591,1563,2.3383,0.002338
11,133,11000101001,PyTorch SIMD,4,591,1563,2.0058,0.002006
11,134,01101110110,Sequencial,3,187,1069,0.7788,0.000779
11,134,01101110110,PyTorch SIMD,3,187,1069,0.7142,0.000714
11,135,00010110011,Sequencial,3,290,1337,1.1849,0.001185
11,135,00010110011,PyTorch SIMD,3,290,1337,0.7506,0.000751
11,136,10010010010,Sequencial,4,795,1739,3.1476,0.003148
11,136,10010010010,PyTorch SIMD,4,795,1739,2.0853,0.002085
11,137,11010010110,Sequencial,4,1061,1906,4.1425,0.004142
11,137,11010010110,PyTorch SIMD,4,1061,1906,2.2034,0.002203
11,138,01100111011,Sequencial,3,158,1011,0.6937,0.000694
11,138,01100111011,PyTorch SIMD,3,158,1011,0.7465,0.000747
11,139,11110011111,Sequencial,2,18,514,0.1195,0.000119
11,139,11110011111,PyTorch SIMD,2,18,514,0.2573,0.000257
11,140,11110010011,Sequencial,3,225,1206,0.9407,0.000941
11,140,11110010011,PyTorch SIMD,3,225,1206,0.7198,0.00072
11,141,00000011000,Sequencial,1,1,16,0.011,1.1e-05
11,141,00000011000,PyTorch SIMD,1,1,16,0.0923,9.2e-05
11,142,00011000111,Sequencial,2,19,515,0.1143,0.000114
11,142,00011000111,PyTorch SIMD,2,19,515,0.2384,0.000238
11,143,00100111111,Sequencial,2,10,368,0.0768,7.7e-05
11,143,00100111111,PyTorch SIMD,2,10,368,0.2294,0.000229
11,144,01011111000,Sequencial,2,10,371,0.0762,7.6e-05
11,144,01011111000,PyTorch SIMD,2,10,371,0.2461,0.000246
11,145,10110000000,Sequencial,2,11,395,0.0805,8e-05
11,145,10110000000,PyTorch SIMD,2,11,395,0.2254,0.000225
11,146,00000100100,Sequencial,2,4,150,0.0331,3.3e-05
11,146,00000100100,PyTorch SIMD,2,4,150,0.2207,0.000221
11,147,01110011001,Sequencial,3,78,751,0.3428,0.000343
11,147,01110011001,PyTorch SIMD,3,78,751,0.6431,0.000643
11,148,10100111111,Sequencial,3,350,1418,1.364,0.001364
11,148,10100111111,PyTorch SIMD,3,350,1418,0.751,0.000751
11,149,11010010011,Sequencial,4,1151,1938,4.3904,0.00439
11,149,11010010011,PyTorch SIMD,4,1151,1938,2.1639,0.002164
11,150,00100101001,Sequencial,4,591,1558,2.2904,0.00229
11,150,00100101001,PyTorch SIMD,4,591,1558,1.9936,0.001994
11,151,00100010000,Sequencial,2,6,222,0.0508,5.1e-05
11,151,00100010000,PyTorch SIMD,2,6,222,0.2483,0.000248
11,152,10011010000,Sequencial,3,224,1188,0.9431,0.000943
11,152,10011010000,PyTorch SIMD,3,224,1188,0.7435,0.000744
11,153,11001111011,Sequencial,3,159,1015,0.6778,0.000678
11,153,11001111011,PyTorch SIMD,3,159,1015,0.6973,0.000697
11,154,10011001111,Sequencial,3,413,1478,1.6767,0.001677
11,154,10011001111,PyTorch SIMD,3,413,1478,0.7786,0.000779
11,155,00110001000,Sequencial,2,5,193,0.0445,4.5e-05
11,155,00110001000,PyTorch SIMD,2,5,193,0.2447,0.000245
11,156,10110011000,Sequencial,3,383,1453,1.5765,0.001576
11,156,10110011000,PyTorch SIMD,3,383,1453,0.7805,0.000781
11,157,00001100000,Sequencial,1,1,18,0.0112,1.1e-05
11,157,00001100000,PyTorch SIMD,1,1,18,0.0935,9.4e-05
11,158,11111011001,Sequencial,3,71,651,0.3351,0.000335
11,158,11111011001,PyTorch SIMD,3,71,651,0.6742,0.000674
11,159,00001101010,Sequencial,3,113,779,0.4804,0.00048
11,159,00001101010,PyTorch SIMD,3,113,779,0.6548,0.000655
11,160,10100000010,Sequencial,3,118,851,0.504,0.000504
11,160,10100000010,PyTorch SIMD,3,118,851,0.6758,0.000676
11,161,01011000011,Sequencial,3,351,1420,1.4027,0.001403
11,161,01011000011,PyTorch SIMD,3,351,1420,0.7295,0.00073
11,162,00100010000,Sequencial,2,6,222,0.0471,4.7e-05
11,162,00100010000,PyTorch SIMD,2,6,222,0.2416,0.000242
11,163,00011100000,Sequencial,1,1,28,0.0131,1.3e-05
11,163,00011100000,PyTorch SIMD,1,1,28,0.0849,8.5e-05
11,164,01100000010,Sequencial,2,3,126,0.0286,2.9e-05
11,164,01100000010,PyTorch SIMD,2,3,126,0.2281,0.000228
11,165,11000010111,Sequencial,3,195,1125,0.8212,0.000821
11,165,11000010111,PyTorch SIMD,3,195,1125,0.7337,0.000734
11,166,00011001000,Sequencial,2,5,192,0.0442,4.4e-05
11,166,00011001000,PyTorch SIMD,2,5,192,0.2379,0.000238
11,167,10101010011,Sequencial,5,1914,2047,7.4171,0.007417
11,167,10101010011,PyTorch SIMD,5,1914,2047,3.3436,0.003344
11,168,00011100010,Sequencial,2,3,130,0.0333,3.3e-05
11,168,00011100010,PyTorch SIMD,2,3,130,0.2567,0.000257
11,169,10001001011,Sequencial,4,937,1840,3.7122,0.003712
11,169,10001001011,PyTorch SIMD,4,937,1840,2.1352,0.002135
11,170,11110001000,Sequencial,2,5,203,0.0478,4.8e-05
11,170,11110001000,PyTorch SIMD,2,5,203,0.2677,0.000268
11,171,01010101011,Sequencial,5,1781,2037,6.908,0.006908
11,171,01010101011,PyTorch SIMD,5,1781,2037,3.3195,0.00332
11,172,00010110100,Sequencial,3,151,942,0.6407,0.000641
11,172,00010110100,PyTorch SIMD,3,151,942,0.7348,0.000735
11,173,01011100010,Sequencial,3,118,856,0.5315,0.000531
11,173,01011100010,PyTorch SIMD,3,118,856,0.7316,0.000732
11,174,00001111111,Sequencial,1,1,53,0.017,1.7e-05
11,174,00001111111,PyTorch SIMD,1,1,53,0.1037,0.000104
11,175,01111110011,Sequencial,2,13,455,0.0923,9.2e-05
11,175,01111110011,PyTorch SIMD,2,13,455,0.2393,0.000239
11,176,00111000000,Sequencial,1,1,29,0.0128,1.3e-05
11,176,00111000000,PyTorch SIMD,1,1,29,0.0832,8.3e-05
11,177,00010011101,Sequencial,3,73,677,0.3096,0.00031
11,177,00010011101,PyTorch SIMD,3,73,677,0.6484,0.000648
11,178,01000110000,Sequencial,2,11,384,0.0784,7.8e-05
11,178,01000110000,PyTorch SIMD,2,11,384,0.236,0.000236
11,179,10100011000,Sequencial,3,350,1407,1.3655,0.001366
11,179,10100011000,PyTorch SIMD,3,350,1407,0.7472,0.000747
11,180,10100111110,Sequencial,3,350,1417,1.4544,0.001454
11,180,10100111110,PyTorch SIMD,3,350,1417,0.7685,0.000769
11,181,10000010111,Sequencial,3,190,1102,0.8166,0.000817
11,181,10000010111,PyTorch SIMD,3,190,1102,0.726,0.000726
11,182,11110000100,Sequencial,2,4,171,0.0369,3.7e-05
11,182,11110000100,PyTorch SIMD,2,4,171,0.2343,0.000234
11,183,10111110010,Sequencial,3,119,872,0.4996,0.0005
11,183,10111110010,PyTorch SIMD,3,119,872,0.6883,0.000688
11,184,00100011110,Sequencial,2,10,361,0.079,7.9e-05
11,184,00100011110,PyTorch SIMD,2,10,361,0.2436,0.000244
11,185,11000011101,Sequencial,3,84,769,0.3868,0.000387
11,185,11000011101,PyTorch SIMD,3,84,769,0.6727,0.000673
11,186,00100101001,Sequencial,4,591,1558,2.2783,0.002278
11,186,00100101001,PyTorch SIMD,4,591,1558,1.9912,0.001991
11,187,00101111000,Sequencial,2,9,335,0.0732,7.3e-05
11,187,00101111000,PyTorch SIMD,2,9,335,0.2532,0.000253
11,188,11011101100,Sequencial,3,222,1171,0.9187,0.000919
11,188,11011101100,PyTorch SIMD,3,222,1171,0.7357,0.000736
11,189,01101110001,Sequencial,3,73,682,0.3321,0.000332
11,189,01101110001,PyTorch SIMD,3,73,682,0.6707,0.000671
11,190,10010100101,Sequencial,5,1502,1998,5.8357,0.005836
11,190,10010100101,PyTorch SIMD,5,1502,1998,3.1894,0.003189
11,191,00010100010,Sequencial,3,115,809,0.4887,0.000489
11,191,00010100010,PyTorch SIMD,3,115,809,0.7165,0.000717
11,192,00100011000,Sequencial,2,10,354,0.0776,7.8e-05
11,192,00100011000,PyTorch SIMD,2,10,354,0.2572,0.000257
11,193,10100111000,Sequencial,3,350,1412,1.383,0.001383
11,193,10100111000,PyTorch SIMD,3,350,1412,0.7571,0.000757
11,194,11011100001,Sequencial,3,74,701,0.3364,0.000336
11,194,11011100001,PyTorch SIMD,3,74,701,0.6639,0.000664
11,195,01111000101,Sequencial,3,68,583,0.3071,0.000307
11,195,01111000101,PyTorch SIMD,3,68,583,0.6542,0.000654
11,196,10001101011,Sequencial,4,903,1810,3.5453,0.003545
11,196,10001101011,PyTorch SIMD,4,903,1810,2.1127,0.002113
11,197,10101001010,Sequencial,5,1707,2032,6.6678,0.006668
11,197,10101001010,PyTorch SIMD,5,1707,2032,3.2744,0.003274
11,198,11010011011,Sequencial,4,952,1854,3.8468,0.003847
11,198,11010011011,PyTorch SIMD,4,952,1854,2.1468,0.002147
11,199,10110101111,Sequencial,4,1131,1925,4.4341,0.004434
11,199,10110101111,PyTorch SIMD,4,1131,1925,2.2797,0.00228
11,200,01101110010,Sequencial,3,117,846,0.5051,0.000505
11,200,01101110010,PyTorch SIMD,3,117,846,0.6984,0.000698
11,201,01010010110,Sequencial,4,1059,1899,4.1372,0.004137
11,201,01010010110,PyTorch SIMD,4,1059,1899,2.1689,0.002169
11,202,00110010111,Sequencial,3,191,1111,0.7967,0.000797
11,202,00110010111,PyTorch SIMD,3,191,1111,0.7847,0.000785
11,203,01010001000,Sequencial,3,187,1059,0.7695,0.00077
11,203,01010001000,PyTorch SIMD,3,187,1059,0.7468,0.000747
11,204,01001000110,Sequencial,3,288,1313,1.2286,0.001229
11,204,01001000110,PyTorch SIMD,3,288,1313,0.7567,0.000757
11,205,10001101100,Sequencial,3,224,1191,0.927,0.000927
11,205,10001101100,PyTorch SIMD,3,224,1191,0.7179,0.000718
11,206,11110100110,Sequencial,3,259,1284,1.0851,0.001085
11,206,11110100110,PyTorch SIMD,3,259,1284,0.7372,0.000737
11,207,01101101100,Sequencial,3,221,1155,0.9281,0.000928
11,207,01101101100,PyTorch SIMD,3,221,1155,0.7318,0.000732
11,208,10011001011,Sequencial,4,989,1864,3.8814,0.003881
11,208,10011001011,PyTorch SIMD,4,989,1864,2.1459,0.002146
11,209,10010111101,Sequencial,4,655,1667,2.6045,0.002605
11,209,10010111101,PyTorch SIMD,4,655,1667,2.029,0.002029
11,210,11110111100,Sequencial,2,8,315,0.071,7.1e-05
11,210,11110111100,PyTorch SIMD,2,8,315,0.2512,0.000251
11,211,00001101010,Sequencial,3,113,779,0.4847,0.000485
11,211,00001101010,PyTorch SIMD,3,113,779,0.6952,0.000695
11,212,01010010110,Sequencial,4,1059,1899,4.1412,0.004141
11,212,01010010110,PyTorch SIMD,4,1059,1899,2.1642,0.002164
11,213,10011101100,Sequencial,3,224,1194,0.9672,0.000967
11,213,10011101100,PyTorch SIMD,3,224,1194,0.7515,0.000752
11,214,01011001111,Sequencial,3,355,1435,1.4831,0.001483
11,214,01011001111,PyTorch SIMD,3,355,1435,0.7665,0.000767
11,215,11110111001,Sequencial,3,72,670,0.3228,0.000323
11,215,11110111001,PyTorch SIMD,3,72,670,0.659,0.000659
11,216,11111101110,Sequencial,2,6,252,0.0506,5.1e-05
11,216,11111101110,PyTorch SIMD,2,6,252,0.2384,0.000238
11,217,00100111100,Sequencial,2,10,362,0.074,7.4e-05
11,217,00100111100,PyTorch SIMD,2,10,362,0.2283,0.000228
11,218,11100111000,Sequencial,2,19,518,0.1188,0.000119
11,218,11100111000,PyTorch SIMD,2,19,518,0.2294,0.000229
11,219,10000010111,Sequencial,3,190,1102,0.7668,0.000767
11,219,10000010111,PyTorch SIMD,3,190,1102,0.7368,0.000737
11,220,11101010000,Sequencial,3,220,1136,0.8909,0.000891
11,220,11101010000,PyTorch SIMD,3,220,1136,0.7116,0.000712
11,221,10011100001,Sequencial,3,76,731,0.3381,0.000338
11,221,10011100001,PyTorch SIMD,3,76,731,0.6668,0.000667
11,222,11100001101,Sequencial,3,77,744,0.3444,0.000344
11,222,11100001101,PyTorch SIMD,3,77,744,0.6628,0.000663
11,223,10110100000,Sequencial,3,256,1254,1.0413,0.001041
11,223,10110100000,PyTorch SIMD,3,256,1254,0.7287,0.000729
11,224,01011011101,Sequencial,4,634,1638,2.4745,0.002474
11,224,01011011101,PyTorch SIMD,4,634,1638,2.0105,0.00201
11,225,10110100011,Sequencial,4,1250,1964,4.9584,0.004958
11,225,10110100011,PyTorch SIMD,4,1250,1964,2.2499,0.00225
11,226,11001111111,Sequencial,2,20,531,0.1341,0.000134
11,226,11001111111,PyTorch SIMD,2,20,531,0.2591,0.000259
11,227,00000001110,Sequencial,1,1,24,0.0132,1.3e-05
11,227,00000001110,PyTorch SIMD,1,1,24,0.0951,9.5e-05
11,228,11100101000,Sequencial,3,185,1033,0.7756,0.000776
11,228,11100101000,PyTorch SIMD,3,185,1033,0.749,0.000749
11,229,10011000100,Sequencial,3,155,991,0.6661,0.000666
11,229,10011000100,PyTorch SIMD,3,155,991,0.7738,0.000774
11,230,11001010101,Sequencial,5,1487,1986,5.7476,0.005748
11,230,11001010101,PyTorch SIMD,5,1487,1986,3.1448,0.003145
11,231,01000011110,Sequencial,2,11,392,0.0967,9.7e-05
11,231,01000011110,PyTorch SIMD,2,11,392,0.2501,0.00025
11,232,11011111110,Sequencial,2,10,378,0.0763,7.6e-05
11,232,11011111110,PyTorch SIMD,2,10,378,0.2332,0.000233
11,233,01010100100,Sequencial,4,920,1816,3.5774,0.003577
11,233,01010100100,PyTorch SIMD,4,920,1816,2.0847,0.002085
11,234,01111001110,Sequencial,2,17,501,0.1144,0.000114
11,234,01111001110,PyTorch SIMD,2,17,501,0.2664,0.000266
11,235,10110110001,Sequencial,4,654,1661,2.6017,0.002602
11,235,10110110001,PyTorch SIMD,4,654,1661,2.064,0.002064
11,236,10100010000,Sequencial,3,222,1162,0.9412,0.000941
11,236,10100010000,PyTorch SIMD,3,222,1162,0.8023,0.000802
11,237,00101000000,Sequencial,2,8,287,0.0622,6.2e-05
11,237,00101000000,PyTorch SIMD,2,8,287,0.2525,0.000252
11,238,00000000100,Sequencial,1,1,4,0.008,8e-06
11,238,00000000100,PyTorch SIMD,1,1,4,0.0888,8.9e-05
11,239,11110001100,Sequencial,2,15,481,0.1076,0.000108
11,239,11110001100,PyTorch SIMD,2,15,481,0.2485,0.000249
11,240,01011010011,Sequencial,4,1163,1943,4.6772,0.004677
11,240,01011010011,PyTorch SIMD,4,1163,1943,2.1804,0.00218
11,241,00011100111,Sequencial,2,16,490,0.1031,0.000103
11,241,00011100111,PyTorch SIMD,2,16,490,0.2463,0.000246
11,242,10000011001,Sequencial,3,76,724,0.3368,0.000337
11,242,10000011001,PyTorch SIMD,3,76,724,0.6457,0.000646
11,243,11110100111,Sequencial,3,263,1294,1.0575,0.001057
11,243,11110100111,PyTorch SIMD,3,263,1294,0.7587,0.000759
11,244,11000111000,Sequencial,2,22,541,0.13,0.00013
11,244,11000111000,PyTorch SIMD,2,22,541,0.2437,0.000244
11,245,10110111001,Sequencial,4,654,1662,2.5249,0.002525
11,245,10110111001,PyTorch SIMD,4,654,1662,2.0246,0.002025
11,246,01101011011,Sequencial,4,920,1820,3.637,0.003637
11,246,01101011011,PyTorch SIMD,4,920,1820,2.1145,0.002115
11,247,00101101011,Sequencial,4,900,1794,3.5196,0.00352
11,247,00101101011,PyTorch SIMD,4,900,1794,2.0821,0.002082
11,248,01101100000,Sequencial,2,9,334,0.0732,7.3e-05
11,248,01101100000,PyTorch SIMD,2,9,334,0.2417,0.000242
11,249,01110101001,Sequencial,4,591,1564,2.2508,0.002251
11,249,01110101001,PyTorch SIMD,4,591,1564,2.0166,0.002017
11,250,00111101111,Sequencial,2,6,248,0.06,6e-05
11,250,00111101111,PyTorch SIMD,2,6,248,0.2564,0.000256
12,1,001110000101,Sequencial,3,80,813,0.4742,0.000474
12,1,001110000101,PyTorch SIMD,3,80,813,0.9243,0.000924
12,2,011000110101,Sequencial,4,803,2623,4.0869,0.004087
12,2,011000110101,PyTorch SIMD,4,803,2623,3.1709,0.003171
12,3,110011110110,Sequencial,3,235,1707,1.3855,0.001386
12,3,110011110110,PyTorch SIMD,3,235,1707,0.8564,0.000856
12,4,000110000101,Sequencial,3,80,806,0.4748,0.000475
12,4,000110000101,PyTorch SIMD,3,80,806,0.7512,0.000751
12,5,110100011001,Sequencial,4,968,2933,4.7129,0.004713
12,5,110100011001,PyTorch SIMD,4,968,2933,2.8143,0.002814
12,6,100010011000,Sequencial,3,397,2190,2.0762,0.002076
12,6,100010011000,PyTorch SIMD,3,397,2190,0.8839,0.000884
12,7,101101001000,Sequencial,4,1574,3462,7.6809,0.007681
12,7,101101001000,PyTorch SIMD,4,1574,3462,3.068,0.003068
12,8,100100101001,Sequencial,5,2638,3889,12.8311,0.012831
12,8,100100101001,PyTorch SIMD,5,2638,3889,4.4271,0.004427
12,9,010000010110,Sequencial,3,230,1652,1.3208,0.001321
12,9,010000010110,PyTorch SIMD,3,230,1652,0.9558,0.000956
12,10,011011100110,Sequencial,3,438,2301,2.3028,0.002303
12,10,011011100110,PyTorch SIMD,3,438,2301,0.9384,0.000938
12,11,110111010010,Sequencial,4,1156,3069,5.8031,0.005803
12,11,110111010010,PyTorch SIMD,4,1156,3069,3.0729,0.003073
12,12,100001100110,Sequencial,3,550,2458,2.7929,0.002793
12,12,100001100110,PyTorch SIMD,3,550,2458,0.9594,0.000959
12,13,001101110101,Sequencial,4,798,2571,3.995,0.003995
12,13,001101110101,PyTorch SIMD,4,798,2571,2.7076,0.002708
12,14,011101100110,Sequencial,3,399,2219,2.0541,0.002054
12,14,011101100110,PyTorch SIMD,3,399,2219,0.887,0.000887
12,15,101011100110,Sequencial,4,2250,3784,10.8846,0.010885
12,15,101011100110,PyTorch SIMD,4,2250,3784,3.225,0.003225
12,16,111011111011,Sequencial,3,184,1443,1.1212,0.001121
12,16,111011111011,PyTorch SIMD,3,184,1443,0.914,0.000914
12,17,000001100110,Sequencial,2,15,613,0.1304,0.00013
12,17,000001100110,PyTorch SIMD,2,15,613,0.2633,0.000263
12,18,000001100011,Sequencial,2,14,586,0.1163,0.000116
12,18,000001100011,PyTorch SIMD,2,14,586,0.2474,0.000247
12,19,110000110110,Sequencial,3,237,1715,1.3576,0.001358
12,19,110000110110,PyTorch SIMD,3,237,1715,0.8348,0.000835
12,20,000001110001,Sequencial,2,2,101,0.0272,2.7e-05
12,20,000001110001,PyTorch SIMD,2,2,101,0.2488,0.000249
12,21,001010011110,Sequencial,3,395,2157,2.1025,0.002103
12,21,001010011110,PyTorch SIMD,3,395,2157,0.9212,0.000921
12,22,110101001011,Sequencial,5,3290,4047,15.7553,0.015755
12,22,110101001011,PyTorch SIMD,5,3290,4047,4.8909,0.004891
12,23,000001101000,Sequencial,2,5,232,0.0528,5.3e-05
12,23,000001101000,PyTorch SIMD,2,5,232,0.2719,0.000272
12,24,011000101001,Sequencial,4,831,2644,4.0926,0.004093
12,24,011000101001,PyTorch SIMD,4,831,2644,3.1099,0.00311
12,25,001011011001,Sequencial,4,888,2794,4.3417,0.004342
12,25,001011011001,PyTorch SIMD,4,888,2794,2.775,0.002775
12,26,100011001100,Sequencial,3,551,2464,2.7505,0.00275
12,26,100011001100,PyTorch SIMD,3,551,2464,0.934,0.000934
12,27,111100110001,Sequencial,3,92,1085,0.5791,0.000579
12,27,111100110001,PyTorch SIMD,3,92,1085,0.784,0.000784
12,28,110001111011,Sequencial,3,194,1534,1.1034,0.001103
12,28,110001111011,PyTorch SIMD,3,194,1534,0.8132,0.000813
12,29,000100101110,Sequencial,3,271,1778,1.5097,0.00151
12,29,000100101110,PyTorch SIMD,3,271,1778,0.8479,0.000848
12,30,101011000000,Sequencial,3,435,2264,2.2435,0.002244
12,30,101011000000,PyTorch SIMD,3,435,2264,0.9033,0.000903
12,31,110000010100,Sequencial,3,180,1345,1.0779,0.001078
12,31,110000010100,PyTorch SIMD,3,180,1345,0.8271,0.000827
12,32,110000011100,Sequencial,2,24,747,0.1977,0.000198
12,32,110000011100,PyTorch SIMD,2,24,747,0.2668,0.000267
12,33,011111100011,Sequencial,2,14,608,0.1211,0.000121
12,33,011111100011,PyTorch SIMD,2,14,608,0.2423,0.000242
12,34,010001000111,Sequencial,3,356,2072,1.8837,0.001884
12,34,010001000111,PyTorch SIMD,3,356,2072,0.8577,0.000858
12,35,001110001001,Sequencial,3,81,846,0.5322,0.000532
12,35,001110001001,PyTorch SIMD,3,81,846,0.7671,0.000767
12,36,000001000010,Sequencial,2,3,138,0.0322,3.2e-05
12,36,000001000010,PyTorch SIMD,2,3,138,0.2455,0.000246
12,37,101010010110,Sequencial,5,3473,4068,16.5685,0.016568
12,37,101010010110,PyTorch SIMD,5,3473,4068,4.6927,0.004693
12,38,111001001010,Sequencial,4,1126,2996,5.5446,0.005545
12,38,111001001010,PyTorch SIMD,4,1126,2996,3.2714,0.003271
12,39,010101110000,Sequencial,3,395,2160,2.1067,0.002107
12,39,010101110000,PyTorch SIMD,3,395,2160,0.8978,0.000898
12,40,100000100000,Sequencial,2,7,316,0.0695,7e-05
12,40,100000100000,PyTorch SIMD,2,7,316,0.2631,0.000263
12,41,101111000011,Sequencial,3,512,2406,2.6252,0.002625
12,41,101111000011,PyTorch SIMD,3,512,2406,0.9107,0.000911
12,42,000000001000,Sequencial,1,1,5,0.0097,1e-05
12,42,000000001000,PyTorch SIMD,1,1,5,0.0995,0.0001
12,43,011100010000,Sequencial,2,6,283,0.0606,6.1e-05
12,43,011100010000,PyTorch SIMD,2,6,283,0.2508,0.000251
12,44,110111000101,Sequencial,4,800,2597,3.9724,0.003972
12,44,110111000101,PyTorch SIMD,4,800,2597,2.7315,0.002731
12,45,111100000001,Sequencial,2,2,113,0.0281,2.8e-05
12,45,111100000001,PyTorch SIMD,2,2,113,0.2443,0.000244
12,46,011100000101,Sequencial,3,80,814,0.4613,0.000461
12,46,011100000101,PyTorch SIMD,3,80,814,0.7477,0.000748
12,47,011000001100,Sequencial,2,16,637,0.1305,0.000131
12,47,011000001100,PyTorch SIMD,2,16,637,0.2652,0.000265
12,48,111111010100,Sequencial,3,180,1356,1.0519,0.001052
12,48,111111010100,PyTorch SIMD,3,180,1356,0.7913,0.000791
12,49,111011110111,Sequencial,3,228,1630,1.2671,0.001267
12,49,111011110111,PyTorch SIMD,3,228,1630,0.8401,0.00084
12,50,010011011010,Sequencial,4,1177,3102,5.7793,0.005779
12,50,010011011010,PyTorch SIMD,4,1177,3102,2.843,0.002843
12,51,001010010101,Sequencial,5,2512,3808,12.179,0.012179
12,51,001010010101,PyTorch SIMD,5,2512,3808,4.4071,0.004407
12,52,011100010100,Sequencial,3,180,1348,1.0539,0.001054
12,52,011100010100,PyTorch SIMD,3,180,1348,0.9087,0.000909
12,53,101100100110,Sequencial,4,1950,3701,9.3916,0.009392
12,53,101100100110,PyTorch SIMD,4,1950,3701,3.4395,0.00344
12,54,101000100000,Sequencial,3,314,1931,1.7078,0.001708
12,54,101000100000,PyTorch SIMD,3,314,1931,1.0292,0.001029
12,55,111011111111,Sequencial,2,10,473,0.1133,0.000113
12,55,111011111111,PyTorch SIMD,2,10,473,0.2789,0.000279
12,56,111101011111,Sequencial,3,312,1912,1.6902,0.00169
12,56,111101011111,PyTorch SIMD,3,312,1912,0.8687,0.000869
12,57,110101000111,Sequencial,4,2033,3731,9.73,0.00973
12,57,110101000111,PyTorch SIMD,4,2033,3731,3.3866,0.003387
12,58,001101010111,Sequencial,4,1545,3402,7.5718,0.007572
12,58,001101010111,PyTorch SIMD,4,1545,3402,3.3986,0.003399
12,59,111000011001,Sequencial,3,91,1076,0.567,0.000567
12,59,111000011001,PyTorch SIMD,3,91,1076,0.7852,0.000785
12,60,010101010001,Sequencial,5,2707,3910,13.1033,0.013103
12,60,010101010001,PyTorch SIMD,5,2707,3910,4.5351,0.004535
12,61,011100110100,Sequencial,3,188,1498,1.1116,0.001112
12,61,011100110100,PyTorch SIMD,3,188,1498,0.9353,0.000935
12,62,000110000110,Sequencial,2,15,615,0.1294,0.000129
12,62,000110000110,PyTorch SIMD,2,15,615,0.2614,0.000261
12,63,110011011111,Sequencial,3,320,2015,1.8017,0.001802
12,63,110011011111,PyTorch SIMD,3,320,2015,0.8796,0.00088
12,64,001000110011,Sequencial,3,475,2353,2.4749,0.002475
12,64,001000110011,PyTorch SIMD,3,475,2353,0.9304,0.00093
12,65,101111001001,Sequencial,4,836,2694,4.1137,0.004114
12,65,101111001001,PyTorch SIMD,4,836,2694,3.0105,0.00301
12,66,001010011000,Sequencial,3,395,2152,2.1041,0.002104
12,66,001010011000,PyTorch SIMD,3,395,2152,0.8981,0.000898
12,67,010001011001,Sequencial,4,890,2809,4.4404,0.00444
12,67,010001011001,PyTorch SIMD,4,890,2809,2.7603,0.00276
12,68,010001010000,Sequencial,3,269,1729,1.4966,0.001497
12,68,010001010000,PyTorch SIMD,3,269,1729,0.8538,0.000854
12,69,011101000101,Sequencial,4,797,2554,3.9715,0.003972
12,69,011101000101,PyTorch SIMD,4,797,2554,2.6964,0.002696
12,70,011000001000,Sequencial,2,5,236,0.0518,5.2e-05
12,70,011000001000,PyTorch SIMD,2,5,236,0.2645,0.000265
12,71,011101000110,Sequencial,3,359,2116,1.9306,0.001931
12,71,011101000110,PyTorch SIMD,3,359,2116,0.9018,0.000902
12,72,101100100110,Sequencial,4,1950,3701,9.508,0.009508
12,72,101100100110,PyTorch SIMD,4,1950,3701,3.1539,0.003154
12,73,001000100101,Sequencial,4,796,2534,3.9465,0.003947
12,73,001000100101,PyTorch SIMD,4,796,2534,3.175,0.003175
12,74,000111111011,Sequencial,2,4,221,0.0486,4.9e-05
12,74,000111111011,PyTorch SIMD,2,4,221,0.2729,0.000273
12,75,100000000011,Sequencial,2,13,549,0.1127,0.000113
12,75,100000000011,PyTorch SIMD,2,13,549,0.2687,0.000269
12,76,010001101010,Sequencial,4,1130,3025,5.633,0.005633
12,76,010001101010,PyTorch SIMD,4,1130,3025,2.8459,0.002846
12,77,101010000111,Sequencial,4,2148,3757,10.5285,0.010528
12,77,101010000111,PyTorch SIMD,4,2148,3757,3.1577,0.003158
12,78,100011010100,Sequencial,4,1340,3235,6.6095,0.00661
12,78,100011010100,PyTorch SIMD,4,1340,3235,3.4046,0.003405
12,79,001010110111,Sequencial,4,1572,3452,7.6926,0.007693
12,79,001010110111,PyTorch SIMD,4,1572,3452,3.172,0.003172
12,80,011101110001,Sequencial,3,85,957,0.5525,0.000553
12,80,011101110001,PyTorch SIMD,3,85,957,0.7884,0.000788
12,81,011001111001,Sequencial,3,95,1101,0.6067,0.000607
12,81,011001111001,PyTorch SIMD,3,95,1101,0.7866,0.000787
12,82,011110010001,Sequencial,3,82,876,0.523,0.000523
12,82,011110010001,PyTorch SIMD,3,82,876,0.7812,0.000781
12,83,010001000010,Sequencial,3,138,1197,0.8247,0.000825
12,83,010001000010,PyTorch SIMD,3,138,1197,0.8079,0.000808
12,84,001111101000,Sequencial,2,5,250,0.0642,6.4e-05
12,84,001111101000,PyTorch SIMD,2,5,250,0.2578,0.000258
12,85,111000011011,Sequencial,3,200,1543,1.1243,0.001124
12,85,111000011011,PyTorch SIMD,3,200,1543,0.784,0.000784
12,86,111001000111,Sequencial,3,364,2140,1.9358,0.001936
12,86,111001000111,PyTorch SIMD,3,364,2140,0.8609,0.000861
12,87,001000000001,Sequencial,2,2,87,0.0234,2.3e-05
12,87,001000000001,PyTorch SIMD,2,2,87,0.2426,0.000243
12,88,011111111000,Sequencial,1,1,68,0.0184,1.8e-05
12,88,011111111000,PyTorch SIMD,1,1,68,0.0896,9e-05
12,89,011111111111,Sequencial,1,1,77,0.018,1.8e-05
12,89,011111111111,PyTorch SIMD,1,1,77,0.084,8.4e-05
12,90,101011101100,Sequencial,4,1772,3602,8.4807,0.008481
12,90,101011101100,PyTorch SIMD,4,1772,3602,3.048,0.003048
12,91,101101001110,Sequencial,4,2073,3748,10.0599,0.01006
12,91,101101001110,PyTorch SIMD,4,2073,3748,3.1425,0.003143
12,92,110010101001,Sequencial,5,2637,3886,12.6293,0.012629
12,92,110010101001,PyTorch SIMD,5,2637,3886,4.2853,0.004285
12,93,100110001101,Sequencial,4,1034,2968,5.0628,0.005063
12,93,100110001101,PyTorch SIMD,4,1034,2968,3.2612,0.003261
12,94,100111111110,Sequencial,2,13,583,0.1184,0.000118
12,94,100111111110,PyTorch SIMD,2,13,583,0.2833,0.000283
12,95,111101101010,Sequencial,4,1127,3007,5.5959,0.005596
12,95,111101101010,PyTorch SIMD,4,1127,3007,2.8315,0.002831
12,96,011110111000,Sequencial,2,8,383,0.0884,8.8e-05
12,96,011110111000,PyTorch SIMD,2,8,383,0.2572,0.000257
12,97,001101010000,Sequencial,3,269,1732,1.4766,0.001477
12,97,001101010000,PyTorch SIMD,3,269,1732,0.8275,0.000828
12,98,010000101111,Sequencial,3,273,1816,1.4867,0.001487
12,98,010000101111,PyTorch SIMD,3,273,1816,0.8337,0.000834
12,99,011111000000,Sequencial,1,1,50,0.0195,2e-05
12,99,011111000000,PyTorch SIMD,1,1,50,0.0975,9.8e-05
12,100,111110000001,Sequencial,2,2,119,0.027,2.7e-05
12,100,111110000001,PyTorch SIMD,2,2,119,0.2444,0.000244
12,101,000011111011,Sequencial,2,4,219,0.0454,4.5e-05
12,101,000011111011,PyTorch SIMD,2,4,219,0.2373,0.000237
12,102,101000111011,Sequencial,4,1444,3372,6.9869,0.006987
12,102,101000111011,PyTorch SIMD,4,1444,3372,2.9583,0.002958
12,103,110000100100,Sequencial,3,181,1371,1.0686,0.001069
12,103,110000100100,PyTorch SIMD,3,181,1371,0.8154,0.000815
12,104,100000111011,Sequencial,3,187,1491,1.1002,0.0011
12,104,100000111011,PyTorch SIMD,3,187,1491,0.8202,0.00082
12,105,000101110010,Sequencial,3,139,1223,0.8651,0.000865
12,105,000101110010,PyTorch SIMD,3,139,1223,0.8103,0.00081
12,106,110001110110,Sequencial,3,237,1717,1.3611,0.001361
12,106,110001110110,PyTorch SIMD,3,237,1717,0.8424,0.000842
12,107,010100010001,Sequencial,4,861,2732,4.281,0.004281
12,107,010100010001,PyTorch SIMD,4,861,2732,2.7665,0.002767
12,108,111011000000,Sequencial,2,10,458,0.0958,9.6e-05
12,108,111011000000,PyTorch SIMD,2,10,458,0.2658,0.000266
12,109,000011000000,Sequencial,1,1,20,0.0137,1.4e-05
12,109,000011000000,PyTorch SIMD,1,1,20,0.0944,9.4e-05
12,110,001111001110,Sequencial,2,18,675,0.1517,0.000152
12,110,001111001110,PyTorch SIMD,2,18,675,0.2526,0.000253
12,111,110111000110,Sequencial,3,476,2369,2.4319,0.002432
12,111,110111000110,PyTorch SIMD,3,476,2369,0.8928,0.000893
12,112,000011000010,Sequencial,2,3,147,0.0339,3.4e-05
12,112,000011000010,PyTorch SIMD,2,3,147,0.2546,0.000255
12,113,001100010001,Sequencial,3,82,867,0.4959,0.000496
12,113,001100010001,PyTorch SIMD,3,82,867,0.7627,0.000763
12,114,010111101111,Sequencial,3,272,1806,1.4771,0.001477
12,114,010111101111,PyTorch SIMD,3,272,1806,0.8442,0.000844
12,115,100101101010,Sequencial,5,3000,3987,14.5356,0.014536
12,115,100101101010,PyTorch SIMD,5,3000,3987,4.6334,0.004633
12,116,100010111110,Sequencial,3,357,2097,1.9212,0.001921
12,116,100010111110,PyTorch SIMD,3,357,2097,0.9922,0.000992
12,117,010010000000,Sequencial,2,9,396,0.0835,8.4e-05
12,117,010010000000,PyTorch SIMD,2,9,396,0.2689,0.000269
12,118,010011001011,Sequencial,4,1462,3381,7.151,0.007151
12,118,010011001011,PyTorch SIMD,4,1462,3381,3.2762,0.003276
12,119,000101101010,Sequencial,4,1127,3004,5.5272,0.005527
12,119,000101101010,PyTorch SIMD,4,1127,3004,2.885,0.002885
12,120,000111001000,Sequencial,2,5,239,0.0532,5.3e-05
12,120,000111001000,PyTorch SIMD,2,5,239,0.2634,0.000263
12,121,110001011110,Sequencial,3,322,2020,1.7503,0.00175
12,121,110001011110,PyTorch SIMD,3,322,2020,0.8611,0.000861
12,122,000011110111,Sequencial,2,5,260,0.0547,5.5e-05
12,122,000011110111,PyTorch SIMD,2,5,260,0.2645,0.000265
12,123,011000111010,Sequencial,3,150,1330,0.9411,0.000941
12,123,011000111010,PyTorch SIMD,3,150,1330,0.8005,0.0008
12,124,111011001101,Sequencial,4,967,2932,4.8186,0.004819
12,124,111011001101,PyTorch SIMD,4,967,2932,2.7925,0.002793
12,125,011110010010,Sequencial,3,136,1169,0.8615,0.000862
12,125,011110010010,PyTorch SIMD,3,136,1169,0.8114,0.000811
12,126,110000100100,Sequencial,3,181,1371,1.0748,0.001075
12,126,110000100100,PyTorch SIMD,3,181,1371,0.8192,0.000819
12,127,110001110101,Sequencial,4,809,2636,3.9951,0.003995
12,127,110001110101,PyTorch SIMD,4,809,2636,2.7254,0.002725
12,128,010100110110,Sequencial,4,1612,3500,7.8695,0.007869
12,128,010100110110,PyTorch SIMD,4,1612,3500,2.9341,0.002934
12,129,100000001000,Sequencial,2,5,231,0.0526,5.3e-05
12,129,100000001000,PyTorch SIMD,2,5,231,0.2575,0.000257
12,130,000000110101,Sequencial,3,80,803,0.4784,0.000478
12,130,000000110101,PyTorch SIMD,3,80,803,0.7584,0.000758
12,131,111100011011,Sequencial,3,196,1539,1.1296,0.00113
12,131,111100011011,PyTorch SIMD,3,196,1539,0.8388,0.000839
12,132,100010111011,Sequencial,4,1387,3313,6.8208,0.006821
12,132,100010111011,PyTorch SIMD,4,1387,3313,2.9046,0.002905
12,133,111110100100,Sequencial,3,181,1377,1.0925,0.001093
12,133,111110100100,PyTorch SIMD,3,181,1377,0.8471,0.000847
12,134,010000001001,Sequencial,3,81,836,0.4979,0.000498
12,134,010000001001,PyTorch SIMD,3,81,836,0.7816,0.000782
12,135,010011001101,Sequencial,4,1012,2956,5.0169,0.005017
12,135,010011001101,PyTorch SIMD,4,1012,2956,2.8209,0.002821
12,136,100000001110,Sequencial,2,13,558,0.1196,0.00012
12,136,100000001110,PyTorch SIMD,2,13,558,0.2781,0.000278
12,137,000010010100,Sequencial,3,180,1336,1.0612,0.001061
12,137,000010010100,PyTorch SIMD,3,180,1336,0.8744,0.000874
12,138,010101000101,Sequencial,5,2547,3848,12.5319,0.012532
12,138,010101000101,PyTorch SIMD,5,2547,3848,4.4048,0.004405
12,139,000111011000,Sequencial,2,7,335,0.0792,7.9e-05
12,139,000111011000,PyTorch SIMD,2,7,335,0.278,0.000278
12,140,010011010101,Sequencial,5,2515,3825,12.3573,0.012357
12,140,010011010101,PyTorch SIMD,5,2515,3825,4.8149,0.004815
12,141,100110000000,Sequencial,2,13,556,0.117,0.000117
12,141,100110000000,PyTorch SIMD,2,13,556,0.2728,0.000273
12,142,000010101101,Sequencial,4,859,2717,4.2125,0.004213
12,142,000010101101,PyTorch SIMD,4,859,2717,3.0958,0.003096
12,143,111001100010,Sequencial,3,146,1318,0.9152,0.000915
12,143,111001100010,PyTorch SIMD,3,146,1318,0.7925,0.000792
12,144,001110101101,Sequencial,4,859,2719,4.1499,0.00415
12,144,001110101101,PyTorch SIMD,4,859,2719,2.7426,0.002743
12,145,110001111101,Sequencial,3,98,1119,0.6486,0.000649
12,145,110001111101,PyTorch SIMD,3,98,1119,0.7958,0.000796
12,146,001101011011,Sequencial,4,1363,3260,6.5533,0.006553
12,146,001101011011,PyTorch SIMD,4,1363,3260,2.879,0.002879
12,147,011001110111,Sequencial,3,234,1701,1.3639,0.001364
12,147,011001110111,PyTorch SIMD,3,234,1701,0.8474,0.000847
12,148,011100111111,Sequencial,2,20,707,0.1685,0.000169
12,148,011100111111,PyTorch SIMD,2,20,707,0.2588,0.000259
12,149,110010110111,Sequencial,4,1576,3472,7.6268,0.007627
12,149,110010110111,PyTorch SIMD,4,1576,3472,3.0849,0.003085
12,150,010110111001,Sequencial,4,915,2848,4.5908,0.004591
12,150,010110111001,PyTorch SIMD,4,915,2848,2.7848,0.002785
12,151,010000101011,Sequencial,4,1339,3230,6.5248,0.006525
12,151,010000101011,PyTorch SIMD,4,1339,3230,2.9193,0.002919
12,152,100011100000,Sequencial,2,13,562,0.1136,0.000114
12,152,100011100000,PyTorch SIMD,2,13,562,0.2625,0.000262
12,153,111011011000,Sequencial,3,313,1924,1.7307,0.001731
12,153,111011011000,PyTorch SIMD,3,313,1924,0.8782,0.000878
12,154,110000011101,Sequencial,3,98,1114,0.6112,0.000611
12,154,110000011101,PyTorch SIMD,3,98,1114,0.7904,0.00079
12,155,001110101111,Sequencial,3,269,1747,1.5039,0.001504
12,155,001110101111,PyTorch SIMD,3,269,1747,0.8747,0.000875
12,156,010010100001,Sequencial,4,887,2778,4.4364,0.004436
12,156,010010100001,PyTorch SIMD,4,887,2778,2.7774,0.002777
12,157,100011110011,Sequencial,3,549,2455,2.816,0.002816
12,157,100011110011,PyTorch SIMD,3,549,2455,0.9465,0.000947
12,158,111110101000,Sequencial,3,225,1559,1.2961,0.001296
12,158,111110101000,PyTorch SIMD,3,225,1559,0.8333,0.000833
12,159,111101100000,Sequencial,2,9,420,0.0919,9.2e-05
12,159,111101100000,PyTorch SIMD,2,9,420,0.255,0.000255
12,160,100110111111,Sequencial,3,357,2101,1.9345,0.001934
12,160,100110111111,PyTorch SIMD,3,357,2101,0.8707,0.000871
12,161,111011000010,Sequencial,3,140,1245,0.8879,0.000888
12,161,111011000010,PyTorch SIMD,3,140,1245,0.7923,0.000792
12,162,100111000000,Sequencial,2,13,563,0.1142,0.000114
12,162,100111000000,PyTorch SIMD,2,13,563,0.264,0.000264
12,163,100001001101,Sequencial,4,917,2861,4.4232,0.004423
12,163,100001001101,PyTorch SIMD,4,917,2861,2.7357,0.002736
12,164,101111001010,Sequencial,4,1130,3030,5.5678,0.005568
12,164,101111001010,PyTorch SIMD,4,1130,3030,2.7985,0.002799
12,165,101011101001,Sequencial,5,2672,3908,13.1166,0.013117
12,165,101011101001,PyTorch SIMD,5,2672,3908,4.3889,0.004389
12,166,001101111110,Sequencial,2,9,426,0.0952,9.5e-05
12,166,001101111110,PyTorch SIMD,2,9,426,0.2672,0.000267
12,167,101011101011,Sequencial,5,3208,4030,15.5522,0.015552
12,167,101011101011,PyTorch SIMD,5,3208,4030,5.024,0.005024
12,168,101100101000,Sequencial,4,1548,3425,7.5637,0.007564
12,168,101100101000,PyTorch SIMD,4,1548,3425,3.4334,0.003433
12,169,001000001010,Sequencial,3,135,1129,0.8144,0.000814
12,169,001000001010,PyTorch SIMD,3,135,1129,0.7852,0.000785
12,170,010110011010,Sequencial,4,1253,3176,6.1319,0.006132
12,170,010110011010,PyTorch SIMD,4,1253,3176,2.8655,0.002866
12,171,100111101010,Sequencial,4,1131,3037,5.5797,0.00558
12,171,100111101010,PyTorch SIMD,4,1131,3037,2.8167,0.002817
12,172,001110111101,Sequencial,3,84,934,0.5414,0.000541
12,172,001110111101,PyTorch SIMD,3,84,934,0.7831,0.000783
12,173,110101001011,Sequencial,5,3290,4047,15.9341,0.015934
12,173,110101001011,PyTorch SIMD,5,3290,4047,4.6325,0.004632
12,174,111000001100,Sequencial,2,16,642,0.1399,0.00014
12,174,111000001100,PyTorch SIMD,2,16,642,0.2786,0.000279
12,175,010001110111,Sequencial,3,230,1660,1.3589,0.001359
12,175,010001110111,PyTorch SIMD,3,230,1660,0.9629,0.000963
12,176,111101111000,Sequencial,2,9,428,0.0925,9.2e-05
12,176,111101111000,PyTorch SIMD,2,9,428,0.2585,0.000258
12,177,000110010101,Sequencial,4,795,2518,3.9962,0.003996
12,177,000110010101,PyTorch SIMD,4,795,2518,3.0654,0.003065
12,178,011110101101,Sequencial,4,859,2720,4.2765,0.004276
12,178,011110101101,PyTorch SIMD,4,859,2720,2.7754,0.002775
12,179,000000110001,Sequencial,2,2,92,0.025,2.5e-05
12,179,000000110001,PyTorch SIMD,2,2,92,0.2475,0.000248
12,180,011000011011,Sequencial,3,193,1528,1.0981,0.001098
12,180,011000011011,PyTorch SIMD,3,193,1528,0.7878,0.000788
12,181,011001010101,Sequencial,5,2511,3803,11.8566,0.011857
12,181,011001010101,PyTorch SIMD,5,2511,3803,4.4551,0.004455
12,182,001000000001,Sequencial,2,2,87,0.0253,2.5e-05
12,182,001000000001,PyTorch SIMD,2,2,87,0.2625,0.000263
12,183,101100100100,Sequencial,4,1366,3275,6.867,0.006867
12,183,101100100100,PyTorch SIMD,4,1366,3275,3.3769,0.003377
12,184,011001010101,Sequencial,5,2511,3803,12.1896,0.01219
12,184,011001010101,PyTorch SIMD,5,2511,3803,4.36,0.00436
12,185,101101001100,Sequencial,4,2071,3746,10.1583,0.010158
12,185,101101001100,PyTorch SIMD,4,2071,3746,3.7513,0.003751
12,186,100011101110,Sequencial,3,274,1837,1.6046,0.001605
12,186,100011101110,PyTorch SIMD,3,274,1837,0.9942,0.000994
12,187,011101011001,Sequencial,4,887,2787,4.4272,0.004427
12,187,011101011001,PyTorch SIMD,4,887,2787,3.1251,0.003125
12,188,101000110100,Sequencial,4,1444,3367,7.1817,0.007182
12,188,101000110100,PyTorch SIMD,4,1444,3367,2.9465,0.002947
12,189,111010100111,Sequencial,4,1895,3672,9.2505,0.009251
12,189,111010100111,PyTorch SIMD,4,1895,3672,3.1569,0.003157
12,190,010001101111,Sequencial,3,273,1820,1.5503,0.00155
12,190,010001101111,PyTorch SIMD,3,273,1820,1.0346,0.001035
12,191,010000010010,Sequencial,3,136,1157,0.8411,0.000841
12,191,010000010010,PyTorch SIMD,3,136,1157,0.8054,0.000805
12,192,110100111100,Sequencial,3,442,2325,2.3354,0.002335
12,192,110100111100,PyTorch SIMD,3,442,2325,0.9727,0.000973
12,193,100101111000,Sequencial,3,397,2199,2.1261,0.002126
12,193,100101111000,PyTorch SIMD,3,397,2199,0.9182,0.000918
12,194,111110011010,Sequencial,3,144,1309,0.8911,0.000891
12,194,111110011010,PyTorch SIMD,3,144,1309,0.7727,0.000773
12,195,110010011001,Sequencial,4,944,2907,4.693,0.004693
12,195,110010011001,PyTorch SIMD,4,944,2907,3.0559,0.003056
12,196,001011100011,Sequencial,3,437,2289,2.3274,0.002327
12,196,001011100011,PyTorch SIMD,3,437,2289,0.9644,0.000964
12,197,110100000101,Sequencial,4,799,2579,3.9676,0.003968
12,197,110100000101,PyTorch SIMD,4,799,2579,2.7241,0.002724
12,198,000101100100,Sequencial,3,183,1412,1.1088,0.001109
12,198,000101100100,PyTorch SIMD,3,183,1412,0.847,0.000847
12,199,000111001100,Sequencial,2,16,639,0.132,0.000132
12,199,000111001100,PyTorch SIMD,2,16,639,0.2742,0.000274
12,200,011000110001,Sequencial,3,92,1081,0.577,0.000577
12,200,011000110001,PyTorch SIMD,3,92,1081,0.8234,0.000823
12,201,100011010111,Sequencial,4,1549,3437,7.6589,0.007659
12,201,100011010111,PyTorch SIMD,4,1549,3437,3.1549,0.003155
12,202,000101100101,Sequencial,4,798,2568,4.049,0.004049
12,202,000101100101,PyTorch SIMD,4,798,2568,2.7248,0.002725
12,203,001000001110,Sequencial,2,11,482,0.1018,0.000102
12,203,001000001110,PyTorch SIMD,2,11,482,0.2603,0.00026
12,204,100100110000,Sequencial,3,436,2275,2.3191,0.002319
12,204,100100110000,PyTorch SIMD,3,436,2275,0.9405,0.000941
12,205,010110010100,Sequencial,4,1338,3219,6.5479,0.006548
12,205,010110010100,PyTorch SIMD,4,1338,3219,2.9698,0.00297
12,206,111100010010,Sequencial,3,136,1170,0.8656,0.000866
12,206,111100010010,PyTorch SIMD,3,136,1170,0.812,0.000812
12,207,010100010000,Sequencial,3,271,1772,1.5083,0.001508
12,207,010100010000,PyTorch SIMD,3,271,1772,0.8723,0.000872
12,208,010101100001,Sequencial,4,940,2881,4.8116,0.004812
12,208,010101100001,PyTorch SIMD,4,940,2881,2.8828,0.002883
12,209,111010001011,Sequencial,4,1410,3346,7.0151,0.007015
12,209,111010001011,PyTorch SIMD,4,1410,3346,2.9908,0.002991
12,210,101000110010,Sequencial,4,1252,3171,6.1917,0.006192
12,210,101000110010,PyTorch SIMD,4,1252,3171,2.9406,0.002941
12,211,010010010001,Sequencial,4,860,2723,4.3609,0.004361
12,211,010010010001,PyTorch SIMD,4,860,2723,2.7712,0.002771
12,212,111010001110,Sequencial,3,405,2244,2.1492,0.002149
12,212,111010001110,PyTorch SIMD,3,405,2244,0.8917,0.000892
12,213,001101100111,Sequencial,3,401,2228,2.1291,0.002129
12,213,001101100111,PyTorch SIMD,3,401,2228,0.9548,0.000955
12,214,101000001001,Sequencial,4,835,2681,4.1974,0.004197
12,214,101000001001,PyTorch SIMD,4,835,2681,2.7847,0.002785
12,215,111111100110,Sequencial,2,15,633,0.1395,0.00014
12,215,111111100110,PyTorch SIMD,2,15,633,0.284,0.000284
12,216,011110010001,Sequencial,3,82,876,0.5188,0.000519
12,216,011110010001,PyTorch SIMD,3,82,876,0.819,0.000819
12,217,100110010100,Sequencial,4,1340,3236,6.5927,0.006593
12,217,100110010100,PyTorch SIMD,4,1340,3236,2.8919,0.002892
12,218,101111100001,Sequencial,3,88,1030,0.5574,0.000557
12,218,101111100001,PyTorch SIMD,3,88,1030,0.8201,0.00082
12,219,111000000010,Sequencial,2,3,158,0.04,4e-05
12,219,111000000010,PyTorch SIMD,2,3,158,0.258,0.000258
12,220,011000000010,Sequencial,2,3,150,0.0374,3.7e-05
12,220,011000000010,PyTorch SIMD,2,3,150,0.2433,0.000243
12,221,111000000101,Sequencial,3,80,815,0.4978,0.000498
12,221,111000000101,PyTorch SIMD,3,80,815,0.7851,0.000785
12,222,000100010110,Sequencial,3,228,1615,1.2801,0.00128
12,222,000100010110,PyTorch SIMD,3,228,1615,0.8051,0.000805
12,223,101101111000,Sequencial,3,396,2183,2.0894,0.002089
12,223,101101111000,PyTorch SIMD,3,396,2183,0.8755,0.000876
12,224,010010001000,Sequencial,3,227,1593,1.3062,0.001306
12,224,010010001000,PyTorch SIMD,3,227,1593,0.8507,0.000851
12,225,101110100010,Sequencial,4,1177,3103,5.865,0.005865
12,225,101110100010,PyTorch SIMD,4,1177,3103,2.9028,0.002903
12,226,010101110111,Sequencial,4,1592,3479,7.9505,0.00795
12,226,010101110111,PyTorch SIMD,4,1592,3479,3.0831,0.003083
12,227,111111000001,Sequencial,2,2,124,0.0366,3.7e-05
12,227,111111000001,PyTorch SIMD,2,2,124,0.2683,0.000268
12,228,000000110010,Sequencial,2,3,145,0.0348,3.5e-05
12,228,000000110010,PyTorch SIMD,2,3,145,0.2599,0.00026
12,229,010111010101,Sequencial,5,2514,3822,12.2325,0.012233
12,229,010111010101,PyTorch SIMD,5,2514,3822,4.3843,0.004384
12,230,100110010000,Sequencial,3,274,1828,1.5548,0.001555
12,230,100110010000,PyTorch SIMD,3,274,1828,0.9664,0.000966
12,231,100100110110,Sequencial,4,1613,3508,7.852,0.007852
12,231,100100110110,PyTorch SIMD,4,1613,3508,3.5001,0.0035
12,232,001000111000,Sequencial,2,11,484,0.1014,0.000101
12,232,001000111000,PyTorch SIMD,2,11,484,0.2708,0.000271
12,233,000100000010,Sequencial,2,3,140,0.0344,3.4e-05
12,233,000100000010,PyTorch SIMD,2,3,140,0.2423,0.000242
12,234,100011011110,Sequencial,3,316,1977,1.7619,0.001762
12,234,100011011110,PyTorch SIMD,3,316,1977,0.8534,0.000853
12,235,111010011011,Sequencial,4,1410,3347,6.885,0.006885
12,235,111010011011,PyTorch SIMD,4,1410,3347,2.8973,0.002897
12,236,000100110110,Sequencial,3,228,1618,1.3208,0.001321
12,236,000100110110,PyTorch SIMD,3,228,1618,0.8334,0.000833
12,237,101101100100,Sequencial,4,1406,3334,6.8544,0.006854
12,237,101101100100,PyTorch SIMD,4,1406,3334,2.9287,0.002929
12,238,101101111100,Sequencial,3,396,2184,2.1752,0.002175
12,238,101101111100,PyTorch SIMD,3,396,2184,0.8964,0.000896
12,239,101111111000,Sequencial,2,12,545,0.1099,0.00011
12,239,101111111000,PyTorch SIMD,2,12,545,0.2601,0.00026
12,240,010010111000,Sequencial,3,356,2077,1.92,0.00192
12,240,010010111000,PyTorch SIMD,3,356,2077,0.8893,0.000889
12,241,110101110000,Sequencial,3,395,2163,2.129,0.002129
12,241,110101110000,PyTorch SIMD,3,395,2163,0.9184,0.000918
12,242,111101100111,Sequencial,3,401,2230,2.1429,0.002143
12,242,111101100111,PyTorch SIMD,3,401,2230,0.8893,0.000889
12,243,000100010010,Sequencial,3,136,1155,0.8385,0.000838
12,243,000100010010,PyTorch SIMD,3,136,1155,0.8,0.0008
12,244,101100110111,Sequencial,4,1650,3528,8.2218,0.008222
12,244,101100110111,PyTorch SIMD,4,1650,3528,3.0688,0.003069
12,245,010000001101,Sequencial,3,88,1012,0.5418,0.000542
12,245,010000001101,PyTorch SIMD,3,88,1012,0.7823,0.000782
12,246,000001011001,Sequencial,3,83,899,0.5076,0.000508
12,246,000001011001,PyTorch SIMD,3,83,899,0.7663,0.000766
12,247,001000000010,Sequencial,2,3,141,0.0335,3.3e-05
12,247,001000000010,PyTorch SIMD,2,3,141,0.2531,0.000253
12,248,001000110001,Sequencial,3,87,992,0.5255,0.000525
12,248,001000110001,PyTorch SIMD,3,87,992,0.7664,0.000766
12,249,011001010101,Sequencial,5,2511,3803,12.1438,0.012144
12,249,011001010101,PyTorch SIMD,5,2511,3803,4.4501,0.00445
12,250,111000011010,Sequencial,3,144,1306,0.9325,0.000932
12,250,111000011010,PyTorch SIMD,3,144,1306,0.899,0.000899
13,1,0010101010010,Sequencial,5,5147,7679,31.3199,0.03132
13,1,0010101010010,PyTorch SIMD,5,5147,7679,7.189,0.007189
13,2,1010010001111,Sequencial,4,3289,6939,19.1992,0.019199
13,2,1010010001111,PyTorch SIMD,4,3289,6939,3.9031,0.003903
13,3,0011001100010,Sequencial,3,171,1874,1.2322,0.001232
13,3,0011001100010,PyTorch SIMD,3,171,1874,1.0349,0.001035
13,4,1110001100010,Sequencial,3,171,1878,1.2177,0.001218
13,4,1110001100010,PyTorch SIMD,3,171,1878,0.9359,0.000936
13,5,0010111111101,Sequencial,3,100,1370,0.7472,0.000747
13,5,0010111111101,PyTorch SIMD,3,100,1370,0.9023,0.000902
13,6,1101001001001,Sequencial,5,4329,7353,25.0023,0.025002
13,6,1101001001001,PyTorch SIMD,5,4329,7353,6.4813,0.006481
13,7,1010010001010,Sequencial,5,5058,7651,29.0749,0.029075
13,7,1010010001010,PyTorch SIMD,5,5058,7651,6.5565,0.006556
13,8,1000011000010,Sequencial,3,168,1831,1.1915,0.001191
13,8,1000011000010,PyTorch SIMD,3,168,1831,1.0865,0.001087
13,9,1001000010111,Sequencial,4,2365,6215,13.4892,0.013489
13,9,1001000010111,PyTorch SIMD,4,2365,6215,3.5116,0.003512
13,10,1110010100010,Sequencial,4,1653,5225,9.7264,0.009726
13,10,1110010100010,PyTorch SIMD,4,1653,5225,3.2435,0.003244
13,11,0111101101101,Sequencial,4,1176,4467,6.8125,0.006813
13,11,0111101101101,PyTorch SIMD,4,1176,4467,3.2,0.0032
13,12,1000111000110,Sequencial,3,720,3963,4.4689,0.004469
13,12,1000111000110,PyTorch SIMD,3,720,3963,1.2882,0.001288
13,13,1110101001001,Sequencial,5,4328,7350,25.2752,0.025275
13,13,1110101001001,PyTorch SIMD,5,4328,7350,6.4115,0.006411
13,14,1111111001010,Sequencial,3,159,1623,1.162,0.001162
13,14,1111111001010,PyTorch SIMD,3,159,1623,0.9769,0.000977
13,15,0100101111010,Sequencial,4,1710,5367,9.9892,0.009989
13,15,0100101111010,PyTorch SIMD,4,1710,5367,2.9459,0.002946
13,16,0011100011011,Sequencial,3,232,2233,1.5516,0.001552
13,16,0011100011011,PyTorch SIMD,3,232,2233,0.9915,0.000991
13,17,1010001111010,Sequencial,4,1783,5455,10.3972,0.010397
13,17,1010001111010,PyTorch SIMD,4,1783,5455,3.2015,0.003202
13,18,1011110011001,Sequencial,4,1407,4984,8.411,0.008411
13,18,1011110011001,PyTorch SIMD,4,1407,4984,3.238,0.003238
13,19,0010111010011,Sequencial,4,2631,6482,15.4611,0.015461
13,19,0010111010011,PyTorch SIMD,4,2631,6482,3.687,0.003687
13,20,0101100011010,Sequencial,4,1784,5458,10.7093,0.010709
13,20,0101100011010,PyTorch SIMD,4,1784,5458,3.2526,0.003253
13,21,1001010111101,Sequencial,5,4666,7542,26.7235,0.026723
13,21,1001010111101,PyTorch SIMD,5,4666,7542,6.5571,0.006557
13,22,0111011111101,Sequencial,3,99,1342,0.7725,0.000773
13,22,0111011111101,PyTorch SIMD,3,99,1342,1.0363,0.001036
13,23,0001001010100,Sequencial,4,1919,5484,10.9645,0.010965
13,23,0001001010100,PyTorch SIMD,4,1919,5484,3.071,0.003071
13,24,0000100011110,Sequencial,2,10,545,0.119,0.000119
13,24,0000100011110,PyTorch SIMD,2,10,545,0.2849,0.000285
13,25,1010010101110,Sequencial,5,6313,8033,35.9509,0.035951
13,25,1010010101110,PyTorch SIMD,5,6313,8033,6.7305,0.00673
13,26,0100100000010,Sequencial,3,164,1735,1.1383,0.001138
13,26,0100100000010,PyTorch SIMD,3,164,1735,0.9718,0.000972
13,27,0101110010011,Sequencial,4,2655,6506,14.943,0.014943
13,27,0101110010011,PyTorch SIMD,4,2655,6506,3.3858,0.003386
13,28,0001010100100,Sequencial,4,1955,5609,11.6433,0.011643
13,28,0001010100100,PyTorch SIMD,4,1955,5609,3.3816,0.003382
13,29,0110111001011,Sequencial,4,2066,5870,12.1272,0.012127
13,29,0110111001011,PyTorch SIMD,4,2066,5870,3.3714,0.003371
13,30,1000011100110,Sequencial,3,720,3962,4.2674,0.004267
13,30,1000011100110,PyTorch SIMD,3,720,3962,1.2371,0.001237
13,31,0001010000101,Sequencial,4,1097,4167,6.3441,0.006344
13,31,0001010000101,PyTorch SIMD,4,1097,4167,2.9552,0.002955
13,32,0110011111010,Sequencial,3,174,1897,1.2106,0.001211
13,32,0110011111010,PyTorch SIMD,3,174,1897,1.0059,0.001006
13,33,1101110101101,Sequencial,5,4435,7415,25.4066,0.025407
13,33,1101110101101,PyTorch SIMD,5,4435,7415,6.3014,0.006301
13,34,1110000000000,Sequencial,1,1,37,0.0232,2.3e-05
13,34,1110000000000,PyTorch SIMD,1,1,37,0.129,0.000129
13,35,1100110000100,Sequencial,3,226,2192,1.546,0.001546
13,35,1100110000100,PyTorch SIMD,3,226,2192,0.9508,0.000951
13,36,0000010001110,Sequencial,2,9,491,0.1068,0.000107
13,36,0000010001110,PyTorch SIMD,2,9,491,0.2678,0.000268
13,37,0011100110000,Sequencial,2,19,875,0.1953,0.000195
13,37,0011100110000,PyTorch SIMD,2,19,875,0.2624,0.000262
13,38,0101010001000,Sequencial,4,2311,6105,13.2297,0.01323
13,38,0101010001000,PyTorch SIMD,4,2311,6105,3.4464,0.003446
13,39,1100011110000,Sequencial,2,26,1013,0.2551,0.000255
13,39,1100011110000,PyTorch SIMD,2,26,1013,0.2989,0.000299
13,40,0110011111000,Sequencial,2,23,962,0.2246,0.000225
13,40,0110011111000,PyTorch SIMD,2,23,962,0.2758,0.000276
13,41,1010011000110,Sequencial,4,3740,7083,21.7673,0.021767
13,41,1010011000110,PyTorch SIMD,4,3740,7083,3.92,0.00392
13,42,0011010111101,Sequencial,4,1246,4677,7.2851,0.007285
13,42,0011010111101,PyTorch SIMD,4,1246,4677,3.0744,0.003074
13,43,1100010100001,Sequencial,4,1211,4565,6.9944,0.006994
13,43,1100010100001,PyTorch SIMD,4,1211,4565,3.0808,0.003081
13,44,1010000010110,Sequencial,4,2389,6236,13.9433,0.013943
13,44,1010000010110,PyTorch SIMD,4,2389,6236,3.6218,0.003622
13,45,1010000100111,Sequencial,4,2892,6694,16.9933,0.016993
13,45,1010000100111,PyTorch SIMD,4,2892,6694,3.7153,0.003715
13,46,0110110000110,Sequencial,3,581,3673,3.5849,0.003585
13,46,0110110000110,PyTorch SIMD,3,581,3673,1.1256,0.001126
13,47,0011101110000,Sequencial,2,9,507,0.1052,0.000105
13,47,0011101110000,PyTorch SIMD,2,9,507,0.2786,0.000279
13,48,1101001111101,Sequencial,4,1351,4937,7.8327,0.007833
13,48,1101001111101,PyTorch SIMD,4,1351,4937,3.0665,0.003067
13,49,1001110100111,Sequencial,4,2943,6739,16.92,0.01692
13,49,1001110100111,PyTorch SIMD,4,2943,6739,3.6987,0.003699
13,50,0011011010000,Sequencial,3,325,2613,2.138,0.002138
13,50,0011011010000,PyTorch SIMD,3,325,2613,1.0427,0.001043
13,51,1000110110101,Sequencial,5,4150,7234,23.8228,0.023823
13,51,1000110110101,PyTorch SIMD,5,4150,7234,6.3014,0.006301
13,52,0000001010001,Sequencial,3,95,1175,0.7463,0.000746
13,52,0000001010001,PyTorch SIMD,3,95,1175,0.9534,0.000953
13,53,1010011011011,Sequencial,5,5644,7870,32.2446,0.032245
13,53,1010011011011,PyTorch SIMD,5,5644,7870,6.4491,0.006449
13,54,0001100000000,Sequencial,1,1,23,0.0222,2.2e-05
13,54,0001100000000,PyTorch SIMD,1,1,23,0.1305,0.000131
13,55,1000011000100,Sequencial,3,222,2138,1.5506,0.001551
13,55,1000011000100,PyTorch SIMD,3,222,2138,0.9739,0.000974
13,56,1001101111010,Sequencial,4,1711,5377,9.8433,0.009843
13,56,1001101111010,PyTorch SIMD,4,1711,5377,3.0381,0.003038
13,57,1101101001010,Sequencial,5,5044,7641,28.984,0.028984
13,57,1101101001010,PyTorch SIMD,5,5044,7641,6.5542,0.006554
13,58,0110110000010,Sequencial,3,165,1770,1.1805,0.001181
13,58,0110110000010,PyTorch SIMD,3,165,1770,0.9507,0.000951
13,59,0110110001111,Sequencial,3,591,3737,3.543,0.003543
13,59,0110110001111,PyTorch SIMD,3,591,3737,1.0607,0.001061
13,60,0010111111010,Sequencial,3,165,1777,1.1108,0.001111
13,60,0010111111010,PyTorch SIMD,3,165,1777,0.9236,0.000924
13,61,1100110111010,Sequencial,4,1687,5339,9.7497,0.00975
13,61,1100110111010,PyTorch SIMD,4,1687,5339,3.0256,0.003026
13,62,0100100010111,Sequencial,4,2339,6174,13.8353,0.013835
13,62,0100100010111,PyTorch SIMD,4,2339,6174,3.6211,0.003621
13,63,1010011110111,Sequencial,4,2389,6243,14.0166,0.014017
13,63,1010011110111,PyTorch SIMD,4,2389,6243,3.5405,0.00354
13,64,0011101010110,Sequencial,4,2249,5959,13.2031,0.013203
13,64,0011101010110,PyTorch SIMD,4,2249,5959,3.5669,0.003567
13,65,0110001011110,Sequencial,3,387,3022,2.4139,0.002414
13,65,0110001011110,PyTorch SIMD,3,387,3022,1.044,0.001044
13,66,0110100010110,Sequencial,4,2341,6189,13.7026,0.013703
13,66,0110100010110,PyTorch SIMD,4,2341,6189,3.5491,0.003549
13,67,1110101110101,Sequencial,5,4167,7248,24.2956,0.024296
13,67,1110101110101,PyTorch SIMD,5,4167,7248,6.4418,0.006442
13,68,1011111101010,Sequencial,4,1595,5121,9.2018,0.009202
13,68,1011111101010,PyTorch SIMD,4,1595,5121,3.1226,0.003123
13,69,1101000110001,Sequencial,4,1349,4927,7.8863,0.007886
13,69,1101000110001,PyTorch SIMD,4,1349,4927,3.0543,0.003054
13,70,1011010111010,Sequencial,5,5288,7741,30.7207,0.030721
13,70,1011010111010,PyTorch SIMD,5,5288,7741,6.7242,0.006724
13,71,0011100011100,Sequencial,2,29,1049,0.2912,0.000291
13,71,0011100011100,PyTorch SIMD,2,29,1049,0.3166,0.000317
13,72,1100001111001,Sequencial,3,113,1569,0.8763,0.000876
13,72,1100001111001,PyTorch SIMD,3,113,1569,0.9043,0.000904
13,73,1101011010101,Sequencial,6,7125,8123,40.3111,0.040311
13,73,1101011010101,PyTorch SIMD,6,7125,8123,8.1497,0.00815
13,74,1011010001011,Sequencial,5,5772,7911,32.9735,0.032973
13,74,1011010001011,PyTorch SIMD,5,5772,7911,6.4768,0.006477
13,75,0110110000100,Sequencial,3,219,2074,1.4929,0.001493
13,75,0110110000100,PyTorch SIMD,3,219,2074,1.0587,0.001059
13,76,1000010011001,Sequencial,4,1283,4797,7.3193,0.007319
13,76,1000010011001,PyTorch SIMD,4,1283,4797,3.0188,0.003019
13,77,0101110110000,Sequencial,3,430,3117,2.6827,0.002683
13,77,0101110110000,PyTorch SIMD,3,430,3117,1.0774,0.001077
13,78,0011001111010,Sequencial,3,173,1889,1.212,0.001212
13,78,0011001111010,PyTorch SIMD,3,173,1889,1.0046,0.001005
13,79,0110011010100,Sequencial,4,1926,5584,11.1667,0.011167
13,79,0110011010100,PyTorch SIMD,4,1926,5584,3.1626,0.003163
13,80,0010110111001,Sequencial,4,1247,4688,7.5199,0.00752
13,80,0010110111001,PyTorch SIMD,4,1247,4688,3.2244,0.003224
13,81,0011001001001,Sequencial,4,1140,4334,6.6676,0.006668
13,81,0011001001001,PyTorch SIMD,4,1140,4334,3.0164,0.003016
13,82,0011010000010,Sequencial,3,163,1713,1.1614,0.001161
13,82,0011010000010,PyTorch SIMD,3,163,1713,1.0702,0.00107
13,83,1001011100101,Sequencial,5,4189,7279,24.5373,0.024537
13,83,1001011100101,PyTorch SIMD,5,4189,7279,6.3382,0.006338
13,84,0110010101001,Sequencial,5,4307,7315,24.6872,0.024687
13,84,0110010101001,PyTorch SIMD,5,4307,7315,6.499,0.006499
13,85,1100000001001,Sequencial,3,94,1153,0.7596,0.00076
13,85,1100000001001,PyTorch SIMD,3,94,1153,1.0411,0.001041
13,86,0111011011100,Sequencial,3,377,2859,2.4063,0.002406
13,86,0111011011100,PyTorch SIMD,3,377,2859,1.0539,0.001054
13,87,0010101010000,Sequencial,4,2543,6281,14.5411,0.014541
13,87,0010101010000,PyTorch SIMD,4,2543,6281,3.5682,0.003568
13,88,1100011100110,Sequencial,3,806,4062,4.885,0.004885
13,88,1100011100110,PyTorch SIMD,3,806,4062,1.2567,0.001257
13,89,0101101011011,Sequencial,5,5610,7851,32.4798,0.03248
13,89,0101101011011,PyTorch SIMD,5,5610,7851,6.6252,0.006625
13,90,0111001100111,Sequencial,3,849,4070,4.9843,0.004984
13,90,0111001100111,PyTorch SIMD,3,849,4070,1.2017,0.001202
13,91,0111100001011,Sequencial,3,238,2245,1.5476,0.001548
13,91,0111100001011,PyTorch SIMD,3,238,2245,0.9665,0.000966
13,92,1110011100010,Sequencial,3,174,1896,1.2027,0.001203
13,92,1110011100010,PyTorch SIMD,3,174,1896,0.942,0.000942
13,93,1001001110110,Sequencial,4,2365,6218,13.6805,0.013681
13,93,1001001110110,PyTorch SIMD,4,2365,6218,3.4739,0.003474
13,94,0110001111110,Sequencial,2,25,1001,0.2639,0.000264
13,94,0110001111110,PyTorch SIMD,2,25,1001,0.3116,0.000312
13,95,1101001001001,Sequencial,5,4329,7353,25.7109,0.025711
13,95,1101001001001,PyTorch SIMD,5,4329,7353,6.3804,0.00638
13,96,0000010000110,Sequencial,2,9,484,0.1146,0.000115
13,96,0000010000110,PyTorch SIMD,2,9,484,0.3113,0.000311
13,97,1100100100100,Sequencial,4,1956,5628,11.3265,0.011327
13,97,1100100100100,PyTorch SIMD,4,1956,5628,3.3444,0.003344
13,98,0110100111100,Sequencial,3,537,3575,3.3686,0.003369
13,98,0110100111100,PyTorch SIMD,3,537,3575,1.1382,0.001138
13,99,1010000100111,Sequencial,4,2892,6694,16.7619,0.016762
13,99,1010000100111,PyTorch SIMD,4,2892,6694,3.6551,0.003655
13,100,0110011000110,Sequencial,3,801,4054,4.8014,0.004801
13,100,0110011000110,PyTorch SIMD,3,801,4054,1.2353,0.001235
13,101,0111011101010,Sequencial,4,1592,5083,9.3453,0.009345
13,101,0111011101010,PyTorch SIMD,4,1592,5083,3.0978,0.003098
13,102,1110010001110,Sequencial,3,491,3429,3.0322,0.003032
13,102,1110010001110,PyTorch SIMD,3,491,3429,1.1085,0.001109
13,103,0011100011001,Sequencial,3,105,1490,0.8192,0.000819
13,103,0011100011001,PyTorch SIMD,3,105,1490,0.9324,0.000932
13,104,0000100100100,Sequencial,3,215,1956,1.4088,0.001409
13,104,0000100100100,PyTorch SIMD,3,215,1956,0.986,0.000986
13,105,1011111011101,Sequencial,4,1215,4631,7.0724,0.007072
13,105,1011111011101,PyTorch SIMD,4,1215,4631,3.1105,0.003111
13,106,1001001110010,Sequencial,4,1760,5437,10.5081,0.010508
13,106,1001001110010,PyTorch SIMD,4,1760,5437,3.3417,0.003342
13,107,1010010111010,Sequencial,5,5310,7747,30.8538,0.030854
13,107,1010010111010,PyTorch SIMD,5,5310,7747,6.7387,0.006739
13,108,0101100111111,Sequencial,3,633,3829,3.752,0.003752
13,108,0101100111111,PyTorch SIMD,3,633,3829,1.1729,0.001173
13,109,0010110010001,Sequencial,4,1178,4488,6.7827,0.006783
13,109,0010110010001,PyTorch SIMD,4,1178,4488,2.9605,0.00296
13,110,1101000000011,Sequencial,3,580,3655,3.5196,0.00352
13,110,1101000000011,PyTorch SIMD,3,580,3655,1.1025,0.001102
13,111,0001110100110,Sequencial,3,383,2981,2.4179,0.002418
13,111,0001110100110,PyTorch SIMD,3,383,2981,1.0078,0.001008
13,112,1011100011000,Sequencial,3,676,3888,4.0438,0.004044
13,112,1011100011000,PyTorch SIMD,3,676,3888,1.1354,0.001135
13,113,0111001101000,Sequencial,3,277,2461,1.8535,0.001853
13,113,0111001101000,PyTorch SIMD,3,277,2461,1.0887,0.001089
13,114,0010000011001,Sequencial,3,101,1378,0.8127,0.000813
13,114,0010000011001,PyTorch SIMD,3,101,1378,0.9347,0.000935
13,115,1101010000101,Sequencial,5,4167,7242,24.3543,0.024354
13,115,1101010000101,PyTorch SIMD,5,4167,7242,6.3025,0.006303
13,116,1000101011111,Sequencial,4,2812,6597,16.4354,0.016435
13,116,1000101011111,PyTorch SIMD,4,2812,6597,3.5712,0.003571
13,117,1100001011010,Sequencial,4,1663,5284,10.01,0.01001
13,117,1100001011010,PyTorch SIMD,4,1663,5284,3.1407,0.003141
13,118,1111101001101,Sequencial,4,1251,4741,7.2836,0.007284
13,118,1111101001101,PyTorch SIMD,4,1251,4741,3.0698,0.00307
13,119,0001010011100,Sequencial,3,479,3267,2.9545,0.002955
13,119,0001010011100,PyTorch SIMD,3,479,3267,1.202,0.001202
13,120,1101010011010,Sequencial,5,5344,7753,30.869,0.030869
13,120,1101010011010,PyTorch SIMD,5,5344,7753,8.1248,0.008125
13,121,1000110000000,Sequencial,2,14,726,0.1882,0.000188
13,121,1000110000000,PyTorch SIMD,2,14,726,0.3166,0.000317
13,122,0000100110011,Sequencial,3,532,3517,3.1947,0.003195
13,122,0000100110011,PyTorch SIMD,3,532,3517,1.0378,0.001038
13,123,1100010010011,Sequencial,4,2581,6409,14.6979,0.014698
13,123,1100010010011,PyTorch SIMD,4,2581,6409,4.2463,0.004246
13,124,1111100111110,Sequencial,2,21,932,0.2396,0.00024
13,124,1111100111110,PyTorch SIMD,2,21,932,0.3044,0.000304
13,125,0000111011111,Sequencial,2,7,414,0.0871,8.7e-05
13,125,0000111011111,PyTorch SIMD,2,7,414,0.2628,0.000263
13,126,0010011011100,Sequencial,3,379,2903,2.3847,0.002385
13,126,0010011011100,PyTorch SIMD,3,379,2903,1.0701,0.00107
13,127,1010110101101,Sequencial,6,7404,8160,42.7451,0.042745
13,127,1010110101101,PyTorch SIMD,6,7404,8160,8.3488,0.008349
13,128,1000101100100,Sequencial,4,2014,5782,11.6212,0.011621
13,128,1000101100100,PyTorch SIMD,4,2014,5782,3.1197,0.00312
13,129,0100110110110,Sequencial,4,2287,6086,13.5114,0.013511
13,129,0100110110110,PyTorch SIMD,4,2287,6086,3.626,0.003626
13,130,1001100011110,Sequencial,3,727,4006,4.4657,0.004466
13,130,1001100011110,PyTorch SIMD,3,727,4006,1.1857,0.001186
13,131,1110011011001,Sequencial,4,1218,4652,7.2594,0.007259
13,131,1110011011001,PyTorch SIMD,4,1218,4652,3.0756,0.003076
13,132,1110111000111,Sequencial,3,587,3732,3.5709,0.003571
13,132,1110111000111,PyTorch SIMD,3,587,3732,1.2058,0.001206
13,133,1101100011010,Sequencial,4,1784,5460,10.563,0.010563
13,133,1101100011010,PyTorch SIMD,4,1784,5460,3.2132,0.003213
13,134,0000011100001,Sequencial,2,2,117,0.0336,3.4e-05
13,134,0000011100001,PyTorch SIMD,2,2,117,0.2826,0.000283
13,135,0001110001001,Sequencial,3,94,1156,0.7333,0.000733
13,135,0001110001001,PyTorch SIMD,3,94,1156,0.9456,0.000946
13,136,1101011000100,Sequencial,4,2038,5811,12.1101,0.01211
13,136,1101011000100,PyTorch SIMD,4,2038,5811,3.4206,0.003421
13,137,0000010010001,Sequencial,3,95,1176,0.7551,0.000755
13,137,0000010010001,PyTorch SIMD,3,95,1176,1.0267,0.001027
13,138,1001100011101,Sequencial,4,1441,5013,8.4618,0.008462
13,138,1001100011101,PyTorch SIMD,4,1441,5013,3.2293,0.003229
13,139,1101011100000,Sequencial,3,529,3463,3.2966,0.003297
13,139,1101011100000,PyTorch SIMD,3,529,3463,1.1094,0.001109
13,140,0110000100111,Sequencial,3,387,3019,2.4464,0.002446
13,140,0110000100111,PyTorch SIMD,3,387,3019,1.0377,0.001038
13,141,1000101111010,Sequencial,4,1711,5375,10.2412,0.010241
13,141,1000101111010,PyTorch SIMD,4,1711,5375,3.1936,0.003194
13,142,0100101101010,Sequencial,5,5059,7654,29.5561,0.029556
13,142,0100101101010,PyTorch SIMD,5,5059,7654,6.4964,0.006496
13,143,0110011011101,Sequencial,4,1218,4651,7.0091,0.007009
13,143,0110011011101,PyTorch SIMD,4,1218,4651,2.9387,0.002939
13,144,1101010000101,Sequencial,5,4167,7242,24.0258,0.024026
13,144,1101010000101,PyTorch SIMD,5,4167,7242,6.5624,0.006562
13,145,1110111110001,Sequencial,3,100,1372,0.7997,0.0008
13,145,1110111110001,PyTorch SIMD,3,100,1372,0.9555,0.000955
13,146,1011011010011,Sequencial,5,6429,8054,36.6136,0.036614
13,146,1011011010011,PyTorch SIMD,5,6429,8054,6.5765,0.006576
13,147,1000011000000,Sequencial,2,14,725,0.1697,0.00017
13,147,1000011000000,PyTorch SIMD,2,14,725,0.3055,0.000306
13,148,1110100001100,Sequencial,3,534,3546,3.2685,0.003269
13,148,1110100001100,PyTorch SIMD,3,534,3546,1.1126,0.001113
13,149,0111001111000,Sequencial,2,22,942,0.2365,0.000236
13,149,0111001111000,PyTorch SIMD,2,22,942,0.2762,0.000276
13,150,0110110101001,Sequencial,5,4309,7330,24.7157,0.024716
13,150,0110110101001,PyTorch SIMD,5,4309,7330,6.387,0.006387
13,151,1111110111110,Sequencial,2,8,477,0.1153,0.000115
13,151,1111110111110,PyTorch SIMD,2,8,477,0.2963,0.000296
13,152,0010010000101,Sequencial,4,1097,4168,6.3623,0.006362
13,152,0010010000101,PyTorch SIMD,4,1097,4168,3.0045,0.003005
13,153,1000111111111,Sequencial,2,14,761,0.1625,0.000162
13,153,1000111111111,PyTorch SIMD,2,14,761,0.2951,0.000295
13,154,1111110011110,Sequencial,2,20,912,0.2083,0.000208
13,154,1111110011110,PyTorch SIMD,2,20,912,0.2696,0.00027
13,155,0011110101011,Sequencial,4,1919,5501,11.0787,0.011079
13,155,0011110101011,PyTorch SIMD,4,1919,5501,3.3674,0.003367
13,156,1110001110110,Sequencial,3,286,2533,1.8757,0.001876
13,156,1110001110110,PyTorch SIMD,3,286,2533,1.0222,0.001022
13,157,0001100110010,Sequencial,3,170,1864,1.1763,0.001176
13,157,0001100110010,PyTorch SIMD,3,170,1864,0.9596,0.00096
13,158,0100110010001,Sequencial,4,1180,4512,6.9056,0.006906
13,158,0100110010001,PyTorch SIMD,4,1180,4512,3.0799,0.00308
13,159,0001001010111,Sequencial,4,2251,5986,13.698,0.013698
13,159,0001001010111,PyTorch SIMD,4,2251,5986,3.5536,0.003554
13,160,0110100111011,Sequencial,4,2042,5842,12.1718,0.012172
13,160,0110100111011,PyTorch SIMD,4,2042,5842,3.4353,0.003435
13,161,0101111011010,Sequencial,4,1656,5259,9.7913,0.009791
13,161,0101111011010,PyTorch SIMD,4,1656,5259,3.1376,0.003138
13,162,1001001100001,Sequencial,4,1346,4909,7.9056,0.007906
13,162,1001001100001,PyTorch SIMD,4,1346,4909,3.4518,0.003452
13,163,0110101000011,Sequencial,4,3050,6782,17.8315,0.017832
13,163,0110101000011,PyTorch SIMD,4,3050,6782,3.8969,0.003897
13,164,1111110101100,Sequencial,3,323,2573,2.1488,0.002149
13,164,1111110101100,PyTorch SIMD,3,323,2573,1.048,0.001048
13,165,0011101000010,Sequencial,3,162,1690,1.1361,0.001136
13,165,0011101000010,PyTorch SIMD,3,162,1690,0.9453,0.000945
13,166,1110111100100,Sequencial,3,219,2084,1.4598,0.00146
13,166,1110111100100,PyTorch SIMD,3,219,2084,0.9761,0.000976
13,167,1100010010101,Sequencial,5,4098,7121,23.7256,0.023726
13,167,1100010010101,PyTorch SIMD,5,4098,7121,6.3337,0.006334
13,168,1111010001001,Sequencial,4,1141,4353,6.7354,0.006735
13,168,1111010001001,PyTorch SIMD,4,1141,4353,3.0749,0.003075
13,169,0100001001111,Sequencial,3,431,3132,2.674,0.002674
13,169,0100001001111,PyTorch SIMD,3,431,3132,1.1747,0.001175
13,170,0111110111110,Sequencial,2,8,474,0.104,0.000104
13,170,0111110111110,PyTorch SIMD,2,8,474,0.2855,0.000286
13,171,0010101011011,Sequencial,5,5609,7847,32.6865,0.032686
13,171,0010101011011,PyTorch SIMD,5,5609,7847,6.6138,0.006614
13,172,1010111000011,Sequencial,4,3603,7045,20.7648,0.020765
13,172,1010111000011,PyTorch SIMD,4,3603,7045,4.0161,0.004016
13,173,0001000010001,Sequencial,3,95,1178,0.7512,0.000751
13,173,0001000010001,PyTorch SIMD,3,95,1178,0.9718,0.000972
13,174,0001011000100,Sequencial,3,218,2046,1.4938,0.001494
13,174,0001011000100,PyTorch SIMD,3,218,2046,0.9669,0.000967
13,175,1001001111001,Sequencial,4,1346,4914,7.7614,0.007761
13,175,1001001111001,PyTorch SIMD,4,1346,4914,3.0546,0.003055
13,176,0111110011101,Sequencial,3,107,1518,0.8356,0.000836
13,176,0111110011101,PyTorch SIMD,3,107,1518,1.0026,0.001003
13,177,1000001110110,Sequencial,3,276,2450,1.8046,0.001805
13,177,1000001110110,PyTorch SIMD,3,276,2450,1.0112,0.001011
13,178,1001011101100,Sequencial,4,2605,6442,15.1743,0.015174
13,178,1001011101100,PyTorch SIMD,4,2605,6442,3.6118,0.003612
13,179,0101100001001,Sequencial,4,1144,4389,6.7649,0.006765
13,179,0101100001001,PyTorch SIMD,4,1144,4389,3.9004,0.0039
13,180,1011001110001,Sequencial,4,1411,4992,8.4568,0.008457
13,180,1011001110001,PyTorch SIMD,4,1411,4992,3.1235,0.003124
13,181,1111111100111,Sequencial,2,18,870,0.1931,0.000193
13,181,1111111100111,PyTorch SIMD,2,18,870,0.2923,0.000292
13,182,0010011010011,Sequencial,4,2655,6504,15.5128,0.015513
13,182,0010011010011,PyTorch SIMD,4,2655,6504,3.6066,0.003607
13,183,1100100100001,Sequencial,4,1212,4583,7.1374,0.007137
13,183,1100100100001,PyTorch SIMD,4,1212,4583,3.1978,0.003198
13,184,1100001011011,Sequencial,4,1965,5676,11.6811,0.011681
13,184,1100001011011,PyTorch SIMD,4,1965,5676,3.4808,0.003481
13,185,0110101111110,Sequencial,3,479,3284,2.9237,0.002924
13,185,0110101111110,PyTorch SIMD,3,479,3284,1.0945,0.001095
13,186,0111011010101,Sequencial,5,4099,7133,23.9157,0.023916
13,186,0111011010101,PyTorch SIMD,5,4099,7133,6.2958,0.006296
13,187,0000010100111,Sequencial,3,376,2818,2.2864,0.002286
13,187,0000010100111,PyTorch SIMD,3,376,2818,1.0573,0.001057
13,188,1010111000110,Sequencial,4,3604,7050,20.9668,0.020967
13,188,1010111000110,PyTorch SIMD,4,3604,7050,3.9662,0.003966
13,189,0001101000111,Sequencial,3,436,3208,2.8087,0.002809
13,189,0001101000111,PyTorch SIMD,3,436,3208,1.2048,0.001205
13,190,1011110001101,Sequencial,4,1406,4979,8.5314,0.008531
13,190,1011110001101,PyTorch SIMD,4,1406,4979,3.0856,0.003086
13,191,0000001000110,Sequencial,2,8,434,0.094,9.4e-05
13,191,0000001000110,PyTorch SIMD,2,8,434,0.2923,0.000292
13,192,1110011010111,Sequencial,4,2256,6039,13.187,0.013187
13,192,1110011010111,PyTorch SIMD,4,2256,6039,3.5911,0.003591
13,193,0110000101111,Sequencial,3,335,2785,2.1438,0.002144
13,193,0110000101111,PyTorch SIMD,3,335,2785,1.0517,0.001052
13,194,1101001010100,Sequencial,5,5484,7772,31.8324,0.031832
13,194,1101001010100,PyTorch SIMD,5,5484,7772,6.5993,0.006599
13,195,1111001111010,Sequencial,3,173,1893,1.2505,0.001251
13,195,1111001111010,PyTorch SIMD,3,173,1893,0.9709,0.000971
13,196,0010011001111,Sequencial,3,631,3812,3.8118,0.003812
13,196,0010011001111,PyTorch SIMD,3,631,3812,1.1073,0.001107
13,197,1000011000111,Sequencial,3,725,3994,4.2819,0.004282
13,197,1000011000111,PyTorch SIMD,3,725,3994,1.1544,0.001154
13,198,1011100100111,Sequencial,4,2919,6729,16.9569,0.016957
13,198,1011100100111,PyTorch SIMD,4,2919,6729,3.6039,0.003604
13,199,1000010110111,Sequencial,4,2288,6092,13.5517,0.013552
13,199,1000010110111,PyTorch SIMD,4,2288,6092,3.4869,0.003487
13,200,1000100010010,Sequencial,4,1627,5174,9.3927,0.009393
13,200,1000100010010,PyTorch SIMD,4,1627,5174,3.1747,0.003175
13,201,0100101110001,Sequencial,4,1282,4789,7.5124,0.007512
13,201,0100101110001,PyTorch SIMD,4,1282,4789,3.0437,0.003044
13,202,0100111101101,Sequencial,4,1180,4520,7.038,0.007038
13,202,0100111101101,PyTorch SIMD,4,1180,4520,3.1381,0.003138
13,203,0010001100010,Sequencial,3,166,1786,1.1562,0.001156
13,203,0010001100010,PyTorch SIMD,3,166,1786,0.9527,0.000953
13,204,0000011101001,Sequencial,3,94,1154,0.7087,0.000709
13,204,0000011101001,PyTorch SIMD,3,94,1154,0.9308,0.000931
13,205,0010011100101,Sequencial,4,1100,4229,6.4956,0.006496
13,205,0010011100101,PyTorch SIMD,4,1100,4229,2.9794,0.002979
13,206,1000110000001,Sequencial,3,103,1440,0.8095,0.00081
13,206,1000110000001,PyTorch SIMD,3,103,1440,0.9687,0.000969
13,207,0010000011000,Sequencial,2,12,630,0.1304,0.00013
13,207,0010000011000,PyTorch SIMD,2,12,630,0.2889,0.000289
13,208,0000110000001,Sequencial,2,2,109,0.0273,2.7e-05
13,208,0000110000001,PyTorch SIMD,2,2,109,0.2482,0.000248
13,209,0100001111100,Sequencial,2,13,697,0.1347,0.000135
13,209,0100001111100,PyTorch SIMD,2,13,697,0.2567,0.000257
13,210,1011111001110,Sequencial,3,677,3900,4.0412,0.004041
13,210,1011111001110,PyTorch SIMD,3,677,3900,1.1865,0.001186
13,211,1001011101101,Sequencial,5,4471,7455,26.2689,0.026269
13,211,1001011101101,PyTorch SIMD,5,4471,7455,6.5465,0.006546
13,212,0110101111011,Sequencial,4,2011,5761,11.745,0.011745
13,212,0110101111011,PyTorch SIMD,4,2011,5761,3.2817,0.003282
13,213,1010011101110,Sequencial,4,2654,6502,15.5671,0.015567
13,213,1010011101110,PyTorch SIMD,4,2654,6502,3.7123,0.003712
13,214,0110111111010,Sequencial,3,165,1780,1.1764,0.001176
13,214,0110111111010,PyTorch SIMD,3,165,1780,1.0214,0.001021
13,215,1010010110101,Sequencial,6,7221,8142,41.5014,0.041501
13,215,1010010110101,PyTorch SIMD,6,7221,8142,8.1883,0.008188
13,216,1001100110111,Sequencial,4,2437,6276,13.976,0.013976
13,216,1001100110111,PyTorch SIMD,4,2437,6276,3.3442,0.003344
13,217,1001010110010,Sequencial,5,5289,7742,30.8417,0.030842
13,217,1001010110010,PyTorch SIMD,5,5289,7742,6.6292,0.006629
13,218,1000101000010,Sequencial,4,1681,5289,9.7746,0.009775
13,218,1000101000010,PyTorch SIMD,4,1681,5289,3.0223,0.003022
13,219,1010100011100,Sequencial,4,3443,6987,19.8995,0.0199
13,219,1010100011100,PyTorch SIMD,4,3443,6987,3.9602,0.00396
13,220,1100001101110,Sequencial,3,336,2792,2.242,0.002242
13,220,1100001101110,PyTorch SIMD,3,336,2792,1.0697,0.00107
13,221,1100111100010,Sequencial,3,175,1902,1.2399,0.00124
13,221,1100111100010,PyTorch SIMD,3,175,1902,1.0197,0.00102
13,222,1001100011110,Sequencial,3,727,4006,4.3647,0.004365
13,222,1001100011110,PyTorch SIMD,3,727,4006,1.1122,0.001112
13,223,1101001000010,Sequencial,4,1682,5303,9.9704,0.00997
13,223,1101001000010,PyTorch SIMD,4,1682,5303,3.123,0.003123
13,224,0100101000001,Sequencial,4,1246,4665,7.3082,0.007308
13,224,0100101000001,PyTorch SIMD,4,1246,4665,3.0267,0.003027
13,225,1011101010100,Sequencial,5,5486,7783,31.8891,0.031889
13,225,1011101010100,PyTorch SIMD,5,5486,7783,6.6274,0.006627
13,226,0110001001010,Sequencial,4,1590,5049,9.1736,0.009174
13,226,0110001001010,PyTorch SIMD,4,1590,5049,3.0079,0.003008
13,227,0010001101000,Sequencial,3,274,2390,1.8123,0.001812
13,227,0010001101000,PyTorch SIMD,3,274,2390,1.0325,0.001033
13,228,0100011110001,Sequencial,3,102,1419,0.8165,0.000816
13,228,0100011110001,PyTorch SIMD,3,102,1419,1.0129,0.001013
13,229,0010101001001,Sequencial,5,4328,7345,25.2798,0.02528
13,229,0010101001001,PyTorch SIMD,5,4328,7345,6.2856,0.006286
13,230,1001000010011,Sequencial,4,2630,6473,15.4142,0.015414
13,230,1001000010011,PyTorch SIMD,4,2630,6473,3.7211,0.003721
13,231,0001000111010,Sequencial,3,165,1765,1.2017,0.001202
13,231,0001000111010,PyTorch SIMD,3,165,1765,1.0515,0.001051
13,232,0111111100000,Sequencial,1,1,70,0.0225,2.3e-05
13,232,0111111100000,PyTorch SIMD,1,1,70,0.1059,0.000106
13,233,1101010000110,Sequencial,4,3261,6917,60.6243,0.060624
13,233,1101010000110,PyTorch SIMD,4,3261,6917,4.0281,0.004028
13,234,0001010110101,Sequencial,5,4146,7211,23.9366,0.023937
13,234,0001010110101,PyTorch SIMD,5,4146,7211,6.5959,0.006596
13,235,1110101100011,Sequencial,4,3260,6915,19.1125,0.019112
13,235,1110101100011,PyTorch SIMD,4,3260,6915,3.7504,0.00375
13,236,1011111100010,Sequencial,3,167,1825,1.2087,0.001209
13,236,1011111100010,PyTorch SIMD,3,167,1825,1.0112,0.001011
13,237,1111101110010,Sequencial,3,163,1732,1.1296,0.00113
13,237,1111101110010,PyTorch SIMD,3,163,1732,0.9375,0.000937
13,238,1011011101101,Sequencial,5,4470,7452,25.849,0.025849
13,238,1011011101101,PyTorch SIMD,5,4470,7452,6.4637,0.006464
13,239,0001100011010,Sequencial,3,169,1850,1.2604,0.00126
13,239,0001100011010,PyTorch SIMD,3,169,1850,1.0801,0.00108
13,240,1000110101000,Sequencial,4,2254,6018,13.1855,0.013186
13,240,1000110101000,PyTorch SIMD,4,2254,6018,3.5016,0.003502
13,241,1100001000000,Sequencial,2,8,439,0.0938,9.4e-05
13,241,1100001000000,PyTorch SIMD,2,8,439,0.2995,0.0003
13,242,0010111001100,Sequencial,3,582,3682,3.6665,0.003667
13,242,0010111001100,PyTorch SIMD,3,582,3682,1.2401,0.00124
13,243,1001100100010,Sequencial,4,1658,5270,9.9127,0.009913
13,243,1001100100010,PyTorch SIMD,4,1658,5270,3.1857,0.003186
13,244,1011000011011,Sequencial,4,2122,5927,12.7386,0.012739
13,244,1011000011011,PyTorch SIMD,4,2122,5927,3.4686,0.003469
13,245,0100000010110,Sequencial,3,275,2418,1.8402,0.00184
13,245,0100000010110,PyTorch SIMD,3,275,2418,1.0294,0.001029
13,246,1010011111100,Sequencial,3,626,3763,3.8748,0.003875
13,246,1010011111100,PyTorch SIMD,3,626,3763,1.1632,0.001163
13,247,0000101100100,Sequencial,3,217,2021,1.4596,0.00146
13,247,0000101100100,PyTorch SIMD,3,217,2021,1.0435,0.001043
13,248,0011010111111,Sequencial,3,428,3073,2.6752,0.002675
13,248,0011010111111,PyTorch SIMD,3,428,3073,1.0312,0.001031
13,249,1010011011010,Sequencial,5,5252,7733,30.6757,0.030676
13,249,1010011011010,PyTorch SIMD,5,5252,7733,6.4274,0.006427
13,250,1001111001111,Sequencial,3,723,3987,4.3016,0.004302
13,250,1001111001111,PyTorch SIMD,3,723,3987,1.1137,0.001114
14,1,00110110010100,Sequencial,4,2685,9195,20.7121,0.020712
14,1,00110110010100,PyTorch SIMD,4,2685,9195,5.0605,0.00506
14,2,10010110111111,Sequencial,4,4462,11963,31.4166,0.031417
14,2,10010110111111,PyTorch SIMD,4,4462,11963,5.2952,0.005295
14,3,01010001001001,Sequencial,5,6837,13460,46.525,0.046525
14,3,01010001001001,PyTorch SIMD,5,6837,13460,10.3616,0.010362
14,4,01010110101111,Sequencial,5,10781,15524,71.9576,0.071958
14,4,01010110101111,PyTorch SIMD,5,10781,15524,11.7843,0.011784
14,5,10101100101100,Sequencial,5,11168,15666,77.6653,0.077665
14,5,10101100101100,PyTorch SIMD,5,11168,15666,12.2876,0.012288
14,6,00011100010100,Sequencial,3,251,2699,2.0443,0.002044
14,6,00011100010100,PyTorch SIMD,3,251,2699,1.246,0.001246
14,7,10011001001100,Sequencial,4,4587,12135,32.0777,0.032078
14,7,10011001001100,PyTorch SIMD,4,4587,12135,5.2506,0.005251
14,8,00101100100110,Sequencial,4,4152,11669,28.8071,0.028807
14,8,00101100100110,PyTorch SIMD,4,4152,11669,4.6634,0.004663
14,9,10100100000011,Sequencial,4,5110,12512,34.8526,0.034853
14,9,10100100000011,PyTorch SIMD,4,5110,12512,5.7519,0.005752
14,10,00001000000101,Sequencial,3,107,1477,0.9159,0.000916
14,10,00001000000101,PyTorch SIMD,3,107,1477,1.2172,0.001217
14,11,10000001101001,Sequencial,4,1535,6967,11.1592,0.011159
14,11,10000001101001,PyTorch SIMD,4,1535,6967,4.4686,0.004469
14,12,11101110100011,Sequencial,4,4151,11667,29.3667,0.029367
14,12,11101110100011,PyTorch SIMD,4,4151,11667,4.6873,0.004687
14,13,00001110111111,Sequencial,2,8,556,0.1296,0.00013
14,13,00001110111111,PyTorch SIMD,2,8,556,0.3323,0.000332
14,14,01001100011111,Sequencial,3,874,6094,7.0678,0.007068
14,14,01001100011111,PyTorch SIMD,3,874,6094,1.5447,0.001545
14,15,10101100000110,Sequencial,4,5592,12766,38.4311,0.038431
14,15,10101100000110,PyTorch SIMD,4,5592,12766,5.5771,0.005577
14,16,10000000111011,Sequencial,3,260,3014,2.1857,0.002186
14,16,10000000111011,PyTorch SIMD,3,260,3014,1.2166,0.001217
14,17,10100001010001,Sequencial,5,7020,13619,47.6149,0.047615
14,17,10100001010001,PyTorch SIMD,5,7020,13619,10.9441,0.010944
14,18,11101001010000,Sequencial,4,3628,10787,25.1766,0.025177
14,18,11101001010000,PyTorch SIMD,4,3628,10787,5.0569,0.005057
14,19,01100000011111,Sequencial,2,27,1308,0.3604,0.00036
14,19,01100000011111,PyTorch SIMD,2,27,1308,0.3852,0.000385
14,20,00110101110100,Sequencial,4,2799,9590,20.0958,0.020096
14,20,00110101110100,PyTorch SIMD,4,2799,9590,4.96,0.00496
14,21,00010110111011,Sequencial,4,2764,9485,19.8502,0.01985
14,21,00010110111011,PyTorch SIMD,4,2764,9485,4.2353,0.004235
14,22,01001011100111,Sequencial,4,5143,12565,35.6269,0.035627
14,22,01001011100111,PyTorch SIMD,4,5143,12565,4.8712,0.004871
14,23,11111111001110,Sequencial,2,20,1142,0.2786,0.000279
14,23,11111111001110,PyTorch SIMD,2,20,1142,0.3672,0.000367
14,24,01101010111100,Sequencial,4,4419,11821,30.6387,0.030639
14,24,01101010111100,PyTorch SIMD,4,4419,11821,5.3201,0.00532
14,25,01011100101011,Sequencial,5,9227,14885,61.8986,0.061899
14,25,01011100101011,PyTorch SIMD,5,9227,14885,13.6948,0.013695
14,26,00001110000111,Sequencial,2,29,1347,0.3396,0.00034
14,26,00001110000111,PyTorch SIMD,2,29,1347,0.3792,0.000379
14,27,01111010101000,Sequencial,4,3177,10053,21.6156,0.021616
14,27,01111010101000,PyTorch SIMD,4,3177,10053,5.157,0.005157
14,28,00110001001101,Sequencial,4,1667,7526,12.2869,0.012287
14,28,00110001001101,PyTorch SIMD,4,1667,7526,4.6306,0.004631
14,29,11101010010000,Sequencial,4,3670,10922,25.7075,0.025707
14,29,11101010010000,PyTorch SIMD,4,3670,10922,4.7666,0.004767
14,30,00001101100011,Sequencial,3,576,4934,5.0512,0.005051
14,30,00001101100011,PyTorch SIMD,3,576,4934,1.557,0.001557
14,31,10011001011110,Sequencial,4,4244,11783,29.1713,0.029171
14,31,10011001011110,PyTorch SIMD,4,4244,11783,5.3849,0.005385
14,32,01110000110010,Sequencial,3,197,2584,1.6999,0.0017
14,32,01110000110010,PyTorch SIMD,3,197,2584,1.3367,0.001337
14,33,00011101100001,Sequencial,3,112,1727,1.0056,0.001006
14,33,00011101100001,PyTorch SIMD,3,112,1727,1.1177,0.001118
14,34,10010100111100,Sequencial,4,5072,12462,35.1237,0.035124
14,34,10010100111100,PyTorch SIMD,4,5072,12462,5.5071,0.005507
14,35,10010111110000,Sequencial,3,694,5438,5.767,0.005767
14,35,10010111110000,PyTorch SIMD,3,694,5438,1.5074,0.001507
14,36,01111101110000,Sequencial,2,9,615,0.1332,0.000133
14,36,01111101110000,PyTorch SIMD,2,9,615,0.2952,0.000295
14,37,10101010011110,Sequencial,5,12162,15868,81.0107,0.081011
14,37,10101010011110,PyTorch SIMD,5,12162,15868,12.0465,0.012047
14,38,01111000101010,Sequencial,4,2187,8213,15.1127,0.015113
14,38,01111000101010,PyTorch SIMD,4,2187,8213,4.8923,0.004892
14,39,10101101111010,Sequencial,5,8779,14648,59.1063,0.059106
14,39,10101101111010,PyTorch SIMD,5,8779,14648,10.8563,0.010856
14,40,10001011001110,Sequencial,4,5174,12599,35.3168,0.035317
14,40,10001011001110,PyTorch SIMD,4,5174,12599,5.3569,0.005357
14,41,01111100000100,Sequencial,2,4,291,0.0786,7.9e-05
14,41,01111100000100,PyTorch SIMD,2,4,291,0.3409,0.000341
14,42,10111011010010,Sequencial,5,8441,14470,56.3682,0.056368
14,42,10111011010010,PyTorch SIMD,5,8441,14470,11.497,0.011497
14,43,11100010010010,Sequencial,4,2233,8435,15.4391,0.015439
14,43,11100010010010,PyTorch SIMD,4,2233,8435,4.6846,0.004685
14,44,01111001010110,Sequencial,4,3184,10185,22.5162,0.022516
14,44,01111001010110,PyTorch SIMD,4,3184,10185,4.3949,0.004395
14,45,00010000010011,Sequencial,3,386,3773,3.3554,0.003355
14,45,00010000010011,PyTorch SIMD,3,386,3773,1.2652,0.001265
14,46,10011110101011,Sequencial,5,9122,14752,61.1286,0.061129
14,46,10011110101011,PyTorch SIMD,5,9122,14752,10.9328,0.010933
14,47,11111110100110,Sequencial,3,454,4312,3.8874,0.003887
14,47,11111110100110,PyTorch SIMD,3,454,4312,1.4164,0.001416
14,48,01001011010000,Sequencial,4,3706,11040,26.104,0.026104
14,48,01001011010000,PyTorch SIMD,4,3706,11040,5.2376,0.005238
14,49,01001011101001,Sequencial,5,6879,13530,44.7329,0.044733
14,49,01001011101001,PyTorch SIMD,5,6879,13530,10.2322,0.010232
14,50,10010000101000,Sequencial,4,3180,10109,21.9704,0.02197
14,50,10010000101000,PyTorch SIMD,4,3180,10109,4.9943,0.004994
14,51,01101111001101,Sequencial,4,1829,7976,14.3007,0.014301
14,51,01101111001101,PyTorch SIMD,4,1829,7976,5.9296,0.00593
14,52,10001110110111,Sequencial,4,3226,10304,22.8883,0.022888
14,52,10001110110111,PyTorch SIMD,4,3226,10304,5.2672,0.005267
14,53,00000101110011,Sequencial,3,576,4933,4.9755,0.004976
14,53,00000101110011,PyTorch SIMD,3,576,4933,1.3323,0.001332
14,54,11010100000100,Sequencial,4,2834,9687,21.0422,0.021042
14,54,11010100000100,PyTorch SIMD,4,2834,9687,4.455,0.004455
14,55,11010011001010,Sequencial,5,8305,14394,58.5851,0.058585
14,55,11010011001010,PyTorch SIMD,5,8305,14394,15.7982,0.015798
14,56,00011010000000,Sequencial,2,9,580,0.1697,0.00017
14,56,00011010000000,PyTorch SIMD,2,9,580,0.4812,0.000481
14,57,00100100011010,Sequencial,4,2374,8869,17.1563,0.017156
14,57,00100100011010,PyTorch SIMD,4,2374,8869,4.4716,0.004472
14,58,00010111001100,Sequencial,3,697,5485,5.7696,0.00577
14,58,00010111001100,PyTorch SIMD,3,697,5485,1.3563,0.001356
14,59,00010111110100,Sequencial,3,256,2887,2.1281,0.002128
14,59,00010111110100,PyTorch SIMD,3,256,2887,1.1815,0.001181
14,60,00100011011000,Sequencial,3,450,4189,3.821,0.003821
14,60,00100011011000,PyTorch SIMD,3,450,4189,1.3449,0.001345
14,61,10101110011110,Sequencial,4,5596,12785,40.804,0.040804
14,61,10101110011110,PyTorch SIMD,4,5596,12785,5.8565,0.005857
14,62,11100101100101,Sequencial,5,6574,13227,46.7661,0.046766
14,62,11100101100101,PyTorch SIMD,5,6574,13227,11.7017,0.011702
14,63,10001111001101,Sequencial,4,1941,8137,14.7552,0.014755
14,63,10001111001101,PyTorch SIMD,4,1941,8137,4.5513,0.004551
14,64,10001101001111,Sequencial,4,4588,12139,33.565,0.033565
14,64,10001101001111,PyTorch SIMD,4,4588,12139,5.9146,0.005915
14,65,10111110010100,Sequencial,4,2688,9255,19.5507,0.019551
14,65,10111110010100,PyTorch SIMD,4,2688,9255,5.272,0.005272
14,66,10101110001110,Sequencial,4,5599,12796,41.8329,0.041833
14,66,10101110001110,PyTorch SIMD,4,5599,12796,5.5844,0.005584
14,67,10011001000110,Sequencial,4,4586,12132,32.3119,0.032312
14,67,10011001000110,PyTorch SIMD,4,4586,12132,6.4571,0.006457
14,68,11110000000001,Sequencial,2,2,148,0.0573,5.7e-05
14,68,11110000000001,PyTorch SIMD,2,2,148,0.4473,0.000447
14,69,00101100110000,Sequencial,3,757,5718,8.8537,0.008854
14,69,00101100110000,PyTorch SIMD,3,757,5718,1.9759,0.001976
14,70,01000100010001,Sequencial,4,1574,7068,12.1811,0.012181
14,70,01000100010001,PyTorch SIMD,4,1574,7068,4.563,0.004563
14,71,01101110110110,Sequencial,4,3223,10267,23.4355,0.023435
14,71,01101110110110,PyTorch SIMD,4,3223,10267,5.7713,0.005771
14,72,11111110110111,Sequencial,3,318,3255,2.843,0.002843
14,72,11111110110111,PyTorch SIMD,3,318,3255,1.8401,0.00184
14,73,10110111110101,Sequencial,5,6623,13296,48.1514,0.048151
14,73,10110111110101,PyTorch SIMD,5,6623,13296,12.716,0.012716
14,74,01101101111000,Sequencial,3,572,4822,5.5275,0.005528
14,74,01101101111000,PyTorch SIMD,3,572,4822,1.5136,0.001514
14,75,11110100101101,Sequencial,5,7075,13723,95.1953,0.095195
14,75,11110100101101,PyTorch SIMD,5,7075,13723,13.7278,0.013728
14,76,10101101001110,Sequencial,5,11990,15853,85.3174,0.085317
14,76,10101101001110,PyTorch SIMD,5,11990,15853,14.4164,0.014416
14,77,00101000110101,Sequencial,5,6622,13279,46.1159,0.046116
14,77,00101000110101,PyTorch SIMD,5,6622,13279,15.8714,0.015871
14,78,11000010110100,Sequencial,4,2773,9563,20.9018,0.020902
14,78,11000010110100,PyTorch SIMD,4,2773,9563,4.5485,0.004548
14,79,01100010100011,Sequencial,4,4046,11439,28.8341,0.028834
14,79,01100010100011,PyTorch SIMD,4,4046,11439,5.9643,0.005964
14,80,00110000001010,Sequencial,3,185,2201,1.7761,0.001776
14,80,00110000001010,PyTorch SIMD,3,185,2201,1.4505,0.00145
14,81,11011011010011,Sequencial,5,11026,15637,81.7431,0.081743
14,81,11011011010011,PyTorch SIMD,5,11026,15637,14.0889,0.014089
14,82,00111101100010,Sequencial,3,189,2363,1.7965,0.001796
14,82,00111101100010,PyTorch SIMD,3,189,2363,1.3355,0.001336
14,83,01111101010100,Sequencial,4,2682,9135,18.935,0.018935
14,83,01111101010100,PyTorch SIMD,4,2682,9135,4.7006,0.004701
14,84,11001110001111,Sequencial,3,1278,6475,10.0658,0.010066
14,84,11001110001111,PyTorch SIMD,3,1278,6475,1.5756,0.001576
14,85,01100101011000,Sequencial,4,4048,11458,30.5678,0.030568
14,85,01100101011000,PyTorch SIMD,4,4048,11458,6.1785,0.006178
14,86,10010001011011,Sequencial,5,9379,14974,67.7196,0.06772
14,86,10010001011011,PyTorch SIMD,5,9379,14974,15.167,0.015167
14,87,01001100001001,Sequencial,4,1534,6954,11.6121,0.011612
14,87,01001100001001,PyTorch SIMD,4,1534,6954,4.392,0.004392
14,88,10100010111000,Sequencial,4,4524,12054,32.9618,0.032962
14,88,10100010111000,PyTorch SIMD,4,4524,12054,6.9647,0.006965
14,89,00010111111000,Sequencial,2,11,729,0.1834,0.000183
14,89,00010111111000,PyTorch SIMD,2,11,729,0.4355,0.000436
14,90,11011000101100,Sequencial,4,3807,11266,27.0206,0.027021
14,90,11011000101100,PyTorch SIMD,4,3807,11266,4.5569,0.004557
14,91,00110010100101,Sequencial,5,6513,13044,40.6908,0.040691
14,91,00110010100101,PyTorch SIMD,5,6513,13044,10.3954,0.010395
14,92,10100010001000,Sequencial,4,3258,10362,22.0193,0.022019
14,92,10100010001000,PyTorch SIMD,4,3258,10362,5.0167,0.005017
14,93,00101101110010,Sequencial,4,2340,8784,16.619,0.016619
14,93,00101101110010,PyTorch SIMD,4,2340,8784,4.9217,0.004922
14,94,11011101001110,Sequencial,4,4529,12086,31.2497,0.03125
14,94,11011101001110,PyTorch SIMD,4,4529,12086,5.3643,0.005364
14,95,00001010011001,Sequencial,4,1704,7574,12.3737,0.012374
14,95,00001010011001,PyTorch SIMD,4,1704,7574,3.9422,0.003942
14,96,11100010011111,Sequencial,3,589,5061,5.081,0.005081
14,96,11100010011111,PyTorch SIMD,3,589,5061,1.34,0.00134
14,97,00010000010001,Sequencial,3,109,1576,0.9422,0.000942
14,97,00010000010001,PyTorch SIMD,3,109,1576,1.1393,0.001139
14,98,00011001000000,Sequencial,2,8,519,0.1069,0.000107
14,98,00011001000000,PyTorch SIMD,2,8,519,0.2946,0.000295
14,99,10000010101000,Sequencial,4,3177,10045,22.5842,0.022584
14,99,10000010101000,PyTorch SIMD,4,3177,10045,5.1204,0.00512
14,100,10101111100001,Sequencial,4,1827,7949,13.3379,0.013338
14,100,10101111100001,PyTorch SIMD,4,1827,7949,4.8474,0.004847
14,101,00100101010110,Sequencial,5,10043,15215,68.4791,0.068479
14,101,00100101010110,PyTorch SIMD,5,10043,15215,11.5988,0.011599
14,102,10001010001111,Sequencial,4,4764,12208,32.7775,0.032777
14,102,10001010001111,PyTorch SIMD,4,4764,12208,5.3398,0.00534
14,103,11101111001110,Sequencial,3,757,5727,6.3089,0.006309
14,103,11101111001110,PyTorch SIMD,3,757,5727,1.4349,0.001435
14,104,01101010110011,Sequencial,5,11807,15811,80.3423,0.080342
14,104,01101010110011,PyTorch SIMD,5,11807,15811,12.4444,0.012444
14,105,10011101001100,Sequencial,4,4587,12136,32.1884,0.032188
14,105,10011101001100,PyTorch SIMD,4,4587,12136,5.5219,0.005522
14,106,00110111101100,Sequencial,3,385,3761,3.2638,0.003264
14,106,00110111101100,PyTorch SIMD,3,385,3761,1.5412,0.001541
14,107,01001101001010,Sequencial,5,8225,14296,56.4574,0.056457
14,107,01001101001010,PyTorch SIMD,5,8225,14296,11.2257,0.011226
14,108,01101110111111,Sequencial,3,511,4521,4.3126,0.004313
14,108,01101110111111,PyTorch SIMD,3,511,4521,1.4811,0.001481
14,109,00100010101001,Sequencial,5,6807,13376,46.7981,0.046798
14,109,00100010101001,PyTorch SIMD,5,6807,13376,11.0318,0.011032
14,110,00001011010010,Sequencial,4,2234,8448,15.7437,0.015744
14,110,00001011010010,PyTorch SIMD,4,2234,8448,4.8825,0.004882
14,111,10001000110000,Sequencial,3,694,5418,5.8245,0.005824
14,111,10001000110000,PyTorch SIMD,3,694,5418,1.4368,0.001437
14,112,01101111111010,Sequencial,3,192,2466,1.6095,0.001609
14,112,01101111111010,PyTorch SIMD,3,192,2466,1.1498,0.00115
14,113,00100111110001,Sequencial,3,116,1885,1.018,0.001018
14,113,00100111110001,PyTorch SIMD,3,116,1885,1.1365,0.001137
14,114,01011001000111,Sequencial,4,4528,12079,32.3282,0.032328
14,114,01011001000111,PyTorch SIMD,4,4528,12079,4.742,0.004742
14,115,10101110100001,Sequencial,5,7294,13904,50.0871,0.050087
14,115,10101110100001,PyTorch SIMD,5,7294,13904,11.5416,0.011542
14,116,00000101110001,Sequencial,3,112,1722,1.0105,0.001011
14,116,00000101110001,PyTorch SIMD,3,112,1722,1.2151,0.001215
14,117,00100011100100,Sequencial,3,258,2939,2.0757,0.002076
14,117,00100011100100,PyTorch SIMD,3,258,2939,1.1762,0.001176
14,118,10111101100011,Sequencial,4,4864,12365,34.2214,0.034221
14,118,10111101100011,PyTorch SIMD,4,4864,12365,5.0003,0.005
14,119,00011011001011,Sequencial,4,2838,9748,20.0593,0.020059
14,119,00011011001011,PyTorch SIMD,4,2838,9748,4.2776,0.004278
14,120,10000100101110,Sequencial,4,3707,11054,26.5042,0.026504
14,120,10000100101110,PyTorch SIMD,4,3707,11054,4.388,0.004388
14,121,01100110000111,Sequencial,3,1199,6455,9.2436,0.009244
14,121,01100110000111,PyTorch SIMD,3,1199,6455,1.5662,0.001566
14,122,01111010001101,Sequencial,4,1709,7671,12.7617,0.012762
14,122,01111010001101,PyTorch SIMD,4,1709,7671,4.7349,0.004735
14,123,01100001011010,Sequencial,4,2279,8646,16.5777,0.016578
14,123,01100001011010,PyTorch SIMD,4,2279,8646,4.1939,0.004194
14,124,01010010001000,Sequencial,4,3257,10348,23.505,0.023505
14,124,01010010001000,PyTorch SIMD,4,3257,10348,4.3731,0.004373
14,125,10001110001110,Sequencial,3,933,6258,7.651,0.007651
14,125,10001110001110,PyTorch SIMD,3,933,6258,1.6161,0.001616
14,126,11000101011110,Sequencial,4,4051,11475,28.6051,0.028605
14,126,11000101011110,PyTorch SIMD,4,4051,11475,5.3002,0.0053
14,127,01011101011100,Sequencial,4,4043,11397,28.4863,0.028486
14,127,01011101011100,PyTorch SIMD,4,4043,11397,5.4606,0.005461
14,128,01011011000100,Sequencial,4,2835,9708,20.0744,0.020074
14,128,01011011000100,PyTorch SIMD,4,2835,9708,5.0638,0.005064
14,129,00111100000111,Sequencial,2,29,1354,0.3552,0.000355
14,129,00111100000111,PyTorch SIMD,2,29,1354,0.3364,0.000336
14,130,11001001010000,Sequencial,4,3628,10786,25.4746,0.025475
14,130,11001001010000,PyTorch SIMD,4,3628,10786,4.5105,0.00451
14,131,01010101100110,Sequencial,5,12164,15874,82.9904,0.08299
14,131,01010101100110,PyTorch SIMD,5,12164,15874,11.4548,0.011455
14,132,01001011011101,Sequencial,5,7256,13865,49.7556,0.049756
14,132,01001011011101,PyTorch SIMD,5,7256,13865,11.0316,0.011032
14,133,11010010110110,Sequencial,5,10259,15370,70.0189,0.070019
14,133,11010010110110,PyTorch SIMD,5,10259,15370,12.4493,0.012449
14,134,10101110011110,Sequencial,4,5596,12785,38.5924,0.038592
14,134,10101110011110,PyTorch SIMD,4,5596,12785,5.9602,0.00596
14,135,10111011000011,Sequencial,4,5140,12553,35.6832,0.035683
14,135,10111011000011,PyTorch SIMD,4,5140,12553,4.915,0.004915
14,136,01011111111101,Sequencial,3,116,1901,1.0346,0.001035
14,136,01011111111101,PyTorch SIMD,3,116,1901,1.1895,0.00119
14,137,01010011000011,Sequencial,4,5591,12754,38.8575,0.038857
14,137,01010011000011,PyTorch SIMD,4,5591,12754,5.7993,0.005799
14,138,01111111010100,Sequencial,3,251,2717,2.1399,0.00214
14,138,01111111010100,PyTorch SIMD,3,251,2717,1.2275,0.001227
14,139,11110010111011,Sequencial,4,2769,9550,19.6589,0.019659
14,139,11110010111011,PyTorch SIMD,4,2769,9550,4.9524,0.004952
14,140,01110111001010,Sequencial,4,2191,8297,15.8385,0.015838
14,140,01110111001010,PyTorch SIMD,4,2191,8297,4.309,0.004309
14,141,10110100100111,Sequencial,5,11515,15763,75.4963,0.075496
14,141,10110100100111,PyTorch SIMD,5,11515,15763,11.6424,0.011642
14,142,01101010101011,Sequencial,6,14694,16271,99.0236,0.099024
14,142,01101010101011,PyTorch SIMD,6,14694,16271,15.386,0.015386
14,143,00000011100011,Sequencial,2,16,987,0.2597,0.00026
14,143,00000011100011,PyTorch SIMD,2,16,987,0.3878,0.000388
14,144,01111100111000,Sequencial,2,22,1188,0.2744,0.000274
14,144,01111100111000,PyTorch SIMD,2,22,1188,0.2897,0.00029
14,145,10111011100000,Sequencial,3,634,5163,5.1988,0.005199
14,145,10111011100000,PyTorch SIMD,3,634,5163,1.288,0.001288
14,146,00111010100111,Sequencial,4,4052,11477,28.9541,0.028954
14,146,00111010100111,PyTorch SIMD,4,4052,11477,4.925,0.004925
14,147,11110101011101,Sequencial,5,7227,13807,49.5205,0.049521
14,147,11110101011101,PyTorch SIMD,5,7227,13807,11.5771,0.011577
14,148,11111101101011,Sequencial,4,2683,9165,18.5774,0.018577
14,148,11111101101011,PyTorch SIMD,4,2683,9165,4.8487,0.004849
14,149,10011111101001,Sequencial,4,1535,6981,11.5661,0.011566
14,149,10011111101001,PyTorch SIMD,4,1535,6981,3.8533,0.003853
14,150,11101110100110,Sequencial,4,4152,11674,30.3106,0.030311
14,150,11101110100110,PyTorch SIMD,4,4152,11674,4.6775,0.004678
14,151,00000101111001,Sequencial,3,112,1725,1.0273,0.001027
14,151,00000101111001,PyTorch SIMD,3,112,1725,1.2391,0.001239
14,152,11011101000110,Sequencial,4,4526,12074,74.0688,0.074069
14,152,11011101000110,PyTorch SIMD,4,4526,12074,5.9398,0.00594
14,153,00110000011100,Sequencial,2,26,1276,0.3324,0.000332
14,153,00110000011100,PyTorch SIMD,2,26,1276,0.3597,0.00036
14,154,11000101111011,Sequencial,4,2807,9671,20.8829,0.020883
14,154,11000101111011,PyTorch SIMD,4,2807,9671,4.9639,0.004964
14,155,11101101111100,Sequencial,3,572,4829,5.0354,0.005035
14,155,11101101111100,PyTorch SIMD,3,572,4829,1.3189,0.001319
14,156,10111100100000,Sequencial,3,451,4226,3.9074,0.003907
14,156,10111100100000,PyTorch SIMD,3,451,4226,1.2787,0.001279
14,157,01110111010001,Sequencial,4,1575,7100,12.2554,0.012255
14,157,01110111010001,PyTorch SIMD,4,1575,7100,3.762,0.003762
14,158,01000110111100,Sequencial,3,513,4572,4.6306,0.004631
14,158,01000110111100,PyTorch SIMD,3,513,4572,1.3202,0.00132
14,159,01110111100011,Sequencial,3,695,5460,5.8503,0.00585
14,159,01110111100011,PyTorch SIMD,3,695,5460,1.3797,0.00138
14,160,10000101011111,Sequencial,4,4045,11431,30.5046,0.030505
14,160,10000101011111,PyTorch SIMD,4,4045,11431,4.5636,0.004564
14,161,10000100001101,Sequencial,4,1749,7768,12.8383,0.012838
14,161,10000100001101,PyTorch SIMD,4,1749,7768,4.77,0.00477
14,162,11010100111010,Sequencial,5,8854,14672,60.5399,0.06054
14,162,11010100111010,PyTorch SIMD,5,8854,14672,10.9124,0.010912
14,163,01110111000001,Sequencial,3,114,1811,1.0707,0.001071
14,163,01110111000001,PyTorch SIMD,3,114,1811,1.2134,0.001213
14,164,00000110100100,Sequencial,3,252,2734,2.118,0.002118
14,164,00000110100100,PyTorch SIMD,3,252,2734,1.1803,0.00118
14,165,11000001010100,Sequencial,4,2682,9127,19.0659,0.019066
14,165,11000001010100,PyTorch SIMD,4,2682,9127,4.8007,0.004801
14,166,11000011100010,Sequencial,3,205,2659,1.8782,0.001878
14,166,11000011100010,PyTorch SIMD,3,205,2659,1.2444,0.001244
14,167,00011011000111,Sequencial,3,644,5316,5.6851,0.005685
14,167,00011011000111,PyTorch SIMD,3,644,5316,1.2946,0.001295
14,168,11111011100001,Sequencial,3,113,1780,1.0041,0.001004
14,168,11111011100001,PyTorch SIMD,3,113,1780,1.1351,0.001135
14,169,11001100010110,Sequencial,4,3529,10753,26.742,0.026742
14,169,11001100010110,PyTorch SIMD,4,3529,10753,4.4762,0.004476
14,170,00001001010001,Sequencial,4,1572,7018,11.9482,0.011948
14,170,00001001010001,PyTorch SIMD,4,1572,7018,4.7537,0.004754
14,171,11011000110001,Sequencial,4,1869,8055,13.8762,0.013876
14,171,11011000110001,PyTorch SIMD,4,1869,8055,3.9607,0.003961
14,172,00110010000001,Sequencial,3,112,1712,1.0579,0.001058
14,172,00110010000001,PyTorch SIMD,3,112,1712,1.1803,0.00118
14,173,11101010010110,Sequencial,5,10333,15401,71.0943,0.071094
14,173,11101010010110,PyTorch SIMD,5,10333,15401,11.2348,0.011235
14,174,01001010100010,Sequencial,5,8529,14494,58.8633,0.058863
14,174,01001010100010,PyTorch SIMD,5,8529,14494,11.2891,0.011289
14,175,11111111001011,Sequencial,3,261,3044,2.3033,0.002303
14,175,11111111001011,PyTorch SIMD,3,261,3044,1.2677,0.001268
14,176,11000111100111,Sequencial,3,1091,6407,8.3353,0.008335
14,176,11000111100111,PyTorch SIMD,3,1091,6407,1.457,0.001457
14,177,11000101000000,Sequencial,3,509,4428,4.4448,0.004445
14,177,11000101000000,PyTorch SIMD,3,509,4428,1.3117,0.001312
14,178,10111100000101,Sequencial,4,1480,6711,11.7738,0.011774
14,178,10111100000101,PyTorch SIMD,4,1480,6711,4.322,0.004322
14,179,10011001101011,Sequencial,5,9262,14901,63.9834,0.063983
14,179,10011001101011,PyTorch SIMD,5,9262,14901,10.2523,0.010252
14,180,00101100100110,Sequencial,4,4152,11669,28.5649,0.028565
14,180,00101100100110,PyTorch SIMD,4,4152,11669,5.5777,0.005578
14,181,11111001000000,Sequencial,2,8,537,0.1346,0.000135
14,181,11111001000000,PyTorch SIMD,2,8,537,0.3677,0.000368
14,182,00100111111110,Sequencial,2,13,851,0.1818,0.000182
14,182,00100111111110,PyTorch SIMD,2,13,851,0.3053,0.000305
14,183,11101111110001,Sequencial,3,115,1862,1.0855,0.001086
14,183,11101111110001,PyTorch SIMD,3,115,1862,1.3098,0.00131
14,184,00111101111001,Sequencial,3,112,1737,1.0444,0.001044
14,184,00111101111001,PyTorch SIMD,3,112,1737,1.1795,0.00118
14,185,10111001111011,Sequencial,4,2967,9976,22.0767,0.022077
14,185,10111001111011,PyTorch SIMD,4,2967,9976,5.1531,0.005153
14,186,11011101110000,Sequencial,3,573,4856,5.6852,0.005685
14,186,11011101110000,PyTorch SIMD,3,573,4856,1.7227,0.001723
14,187,10001000110010,Sequencial,4,2408,8954,18.7662,0.018766
14,187,10001000110010,PyTorch SIMD,4,2408,8954,5.0619,0.005062
14,188,01010111011000,Sequencial,4,4116,11568,32.2983,0.032298
14,188,01010111011000,PyTorch SIMD,4,4116,11568,5.1131,0.005113
14,189,10001001010111,Sequencial,5,10090,15285,75.5189,0.075519
14,189,10001001010111,PyTorch SIMD,5,10090,15285,12.5546,0.012555
14,190,10111110100101,Sequencial,5,6518,13096,49.3515,0.049352
14,190,10111110100101,PyTorch SIMD,5,6518,13096,14.9474,0.014947
14,191,11101001011000,Sequencial,4,4124,11629,30.9184,0.030918
14,191,11101001011000,PyTorch SIMD,4,4124,11629,5.9354,0.005935
14,192,11101000110001,Sequencial,4,1792,7905,14.9339,0.014934
14,192,11101000110001,PyTorch SIMD,4,1792,7905,4.3242,0.004324
14,193,11100010110111,Sequencial,4,3232,10327,25.6383,0.025638
14,193,11100010110111,PyTorch SIMD,4,3232,10327,4.9756,0.004976
14,194,11101011000111,Sequencial,4,5079,12511,39.4693,0.039469
14,194,11101011000111,PyTorch SIMD,4,5079,12511,5.4907,0.005491
14,195,10011010100110,Sequencial,5,11422,15743,85.8817,0.085882
14,195,10011010100110,PyTorch SIMD,5,11422,15743,13.3023,0.013302
14,196,01111111110101,Sequencial,3,107,1524,1.0613,0.001061
14,196,01111111110101,PyTorch SIMD,3,107,1524,1.3673,0.001367
14,197,11101011101100,Sequencial,4,3704,11021,28.6765,0.028676
14,197,11101011101100,PyTorch SIMD,4,3704,11021,5.7723,0.005772
14,198,01011010101110,Sequencial,5,10756,15490,87.3187,0.087319
14,198,01011010101110,PyTorch SIMD,5,10756,15490,13.2607,0.013261
14,199,00001111011001,Sequencial,3,110,1650,1.0971,0.001097
14,199,00001111011001,PyTorch SIMD,3,110,1650,1.3517,0.001352
14,200,10011111100111,Sequencial,3,925,6197,7.9904,0.00799
14,200,10011111100111,PyTorch SIMD,3,925,6197,1.5693,0.001569
14,201,10111101000111,Sequencial,4,4559,12117,36.4105,0.036411
14,201,10111101000111,PyTorch SIMD,4,4559,12117,6.1832,0.006183
14,202,01111101100100,Sequencial,3,254,2824,2.5251,0.002525
14,202,01111101100100,PyTorch SIMD,3,254,2824,1.5796,0.00158
14,203,10001101010111,Sequencial,5,10045,15233,75.67,0.07567
14,203,10001101010111,PyTorch SIMD,5,10045,15233,12.9436,0.012944
14,204,01110101110011,Sequencial,4,4765,12225,36.5003,0.0365
14,204,01110101110011,PyTorch SIMD,4,4765,12225,6.098,0.006098
14,205,11001001000110,Sequencial,4,4464,11972,35.0136,0.035014
14,205,11001001000110,PyTorch SIMD,4,4464,11972,5.2681,0.005268
14,206,00101110110110,Sequencial,4,3223,10265,25.6862,0.025686
14,206,00101110110110,PyTorch SIMD,4,3223,10265,5.6946,0.005695
14,207,10010111010110,Sequencial,5,10090,15286,69.7625,0.069763
14,207,10010111010110,PyTorch SIMD,5,10090,15286,13.0317,0.013032
14,208,11101010001000,Sequencial,4,3256,10333,25.3228,0.025323
14,208,11101010001000,PyTorch SIMD,4,3256,10333,5.9805,0.00598
14,209,10000100110110,Sequencial,4,3294,10481,26.9824,0.026982
14,209,10000100110110,PyTorch SIMD,4,3294,10481,5.8673,0.005867
14,210,11011110100001,Sequencial,4,1621,7326,13.883,0.013883
14,210,11011110100001,PyTorch SIMD,4,1621,7326,5.2641,0.005264
14,211,01110100101011,Sequencial,5,9173,14831,69.5338,0.069534
14,211,01110100101011,PyTorch SIMD,5,9173,14831,12.5086,0.012509
14,212,00110000000101,Sequencial,3,107,1488,1.0284,0.001028
14,212,00110000000101,PyTorch SIMD,3,107,1488,1.3506,0.001351
14,213,01001011111111,Sequencial,3,634,5164,5.8949,0.005895
14,213,01001011111111,PyTorch SIMD,3,634,5164,1.4711,0.001471
14,214,10011110001001,Sequencial,4,1535,6978,12.6026,0.012603
14,214,10011110001001,PyTorch SIMD,4,1535,6978,4.714,0.004714
14,215,10010000011101,Sequencial,4,1828,7958,15.4111,0.015411
14,215,10010000011101,PyTorch SIMD,4,1828,7958,4.4396,0.00444
14,216,10110000100011,Sequencial,4,4212,11738,34.4909,0.034491
14,216,10110000100011,PyTorch SIMD,4,4212,11738,5.541,0.005541
14,217,00001001000111,Sequencial,3,510,4468,5.0907,0.005091
14,217,00001001000111,PyTorch SIMD,3,510,4468,1.6221,0.001622
14,218,11001110011010,Sequencial,4,2559,9114,20.5852,0.020585
14,218,11001110011010,PyTorch SIMD,4,2559,9114,5.2442,0.005244
14,219,11101001001101,Sequencial,5,7438,13997,57.945,0.057945
14,219,11101001001101,PyTorch SIMD,5,7438,13997,12.1417,0.012142
14,220,01000011111111,Sequencial,2,14,909,0.2273,0.000227
14,220,01000011111111,PyTorch SIMD,2,14,909,0.4378,0.000438
14,221,00101001101001,Sequencial,5,6897,13540,52.7676,0.052768
14,221,00101001101001,PyTorch SIMD,5,6897,13540,12.6648,0.012665
14,222,01010001001011,Sequencial,5,9489,15038,73.2655,0.073266
14,222,01010001001011,PyTorch SIMD,5,9489,15038,12.8461,0.012846
14,223,01100100010101,Sequencial,5,6479,12953,49.496,0.049496
14,223,01100100010101,PyTorch SIMD,5,6479,12953,12.5108,0.012511
14,224,00001011100001,Sequencial,3,113,1763,1.1364,0.001136
14,224,00001011100001,PyTorch SIMD,3,113,1763,1.344,0.001344
14,225,01000111010111,Sequencial,4,3182,10157,24.9068,0.024907
14,225,01000111010111,PyTorch SIMD,4,3182,10157,5.7266,0.005727
14,226,11010000100000,Sequencial,3,449,4153,4.392,0.004392
14,226,11010000100000,PyTorch SIMD,3,449,4153,1.7887,0.001789
14,227,01110011011010,Sequencial,4,2276,8639,18.6303,0.01863
14,227,01110011011010,PyTorch SIMD,4,2276,8639,5.3978,0.005398
14,228,00111010011010,Sequencial,4,2344,8832,19.194,0.019194
14,228,00111010011010,PyTorch SIMD,4,2344,8832,4.631,0.004631
14,229,11010011101111,Sequencial,4,3775,11224,30.3476,0.030348
14,229,11010011101111,PyTorch SIMD,4,3775,11224,5.0458,0.005046
14,230,10011011100100,Sequencial,4,2837,9737,65.6765,0.065676
14,230,10011011100100,PyTorch SIMD,4,2837,9737,4.8055,0.004806
14,231,00011111110011,Sequencial,2,16,1012,0.2375,0.000237
14,231,00011111110011,PyTorch SIMD,2,16,1012,0.372,0.000372
14,232,01100011011010,Sequencial,4,2279,8647,18.688,0.018688
14,232,01100011011010,PyTorch SIMD,4,2279,8647,5.6039,0.005604
14,233,11111000011111,Sequencial,2,46,1468,0.5866,0.000587
14,233,11111000011111,PyTorch SIMD,2,46,1468,0.3928,0.000393
14,234,11111101001011,Sequencial,4,2778,9578,22.6669,0.022667
14,234,11111101001011,PyTorch SIMD,4,2778,9578,4.7591,0.004759
14,235,10001111011010,Sequencial,4,2274,8628,18.7263,0.018726
14,235,10001111011010,PyTorch SIMD,4,2274,8628,5.7713,0.005771
14,236,00110111111001,Sequencial,3,114,1818,1.3018,0.001302
14,236,00110111111001,PyTorch SIMD,3,114,1818,1.414,0.001414
14,237,01011010001010,Sequencial,5,8244,14322,52.3283,0.052328
14,237,01011010001010,PyTorch SIMD,5,8244,14322,10.4903,0.01049
14,238,01000101000000,Sequencial,3,509,4421,4.0363,0.004036
14,238,01000101000000,PyTorch SIMD,3,509,4421,1.3474,0.001347
14,239,00011101011001,Sequencial,4,1617,7246,11.6122,0.011612
14,239,00011101011001,PyTorch SIMD,4,1617,7246,5.795,0.005795
14,240,10011110100101,Sequencial,5,6519,13102,45.4586,0.045459
14,240,10011110100101,PyTorch SIMD,5,6519,13102,12.4195,0.01242
14,241,00111111100001,Sequencial,2,2,167,0.0528,5.3e-05
14,241,00111111100001,PyTorch SIMD,2,2,167,0.3576,0.000358
14,242,01110010111011,Sequencial,4,2769,9549,18.9583,0.018958
14,242,01110010111011,PyTorch SIMD,4,2769,9549,4.9534,0.004953
14,243,01111000000000,Sequencial,1,1,50,0.0226,2.3e-05
14,243,01111000000000,PyTorch SIMD,1,1,50,0.1365,0.000137
14,244,10011100110100,Sequencial,4,2994,9996,23.982,0.023982
14,244,10011100110100,PyTorch SIMD,4,2994,9996,5.3658,0.005366
14,245,10111001111010,Sequencial,4,2503,9087,19.3862,0.019386
14,245,10111001111010,PyTorch SIMD,4,2503,9087,4.608,0.004608
14,246,00001001000111,Sequencial,3,510,4468,4.5185,0.004518
14,246,00001001000111,PyTorch SIMD,3,510,4468,1.363,0.001363
14,247,00000001111101,Sequencial,2,2,149,0.0447,4.5e-05
14,247,00000001111101,PyTorch SIMD,2,2,149,0.3449,0.000345
14,248,11000111011001,Sequencial,4,1629,7399,12.7495,0.012749
14,248,11000111011001,PyTorch SIMD,4,1629,7399,5.1094,0.005109
14,249,01111000101110,Sequencial,3,398,4015,3.7862,0.003786
14,249,01111000101110,PyTorch SIMD,3,398,4015,1.392,0.001392
14,250,00110001010011,Sequencial,4,3633,10872,28.2372,0.028237
14,250,00110001010011,PyTorch SIMD,4,3633,10872,5.6833,0.005683
15,1,100011011010010,Sequencial,5,13336,26419,108.6147,0.108615
15,1,100011011010010,PyTorch SIMD,5,13336,26419,23.1749,0.023175
15,2,011100010000010,Sequencial,3,217,3146,2.2932,0.002293
15,2,011100010000010,PyTorch SIMD,3,217,3146,1.6618,0.001662
15,3,000101011001110,Sequencial,4,7234,21438,53.8177,0.053818
15,3,000101011001110,PyTorch SIMD,4,7234,21438,8.0407,0.008041
15,4,010101001111010,Sequencial,5,14186,27025,106.5414,0.106541
15,4,010101001111010,PyTorch SIMD,5,14186,27025,18.9948,0.018995
15,5,110101010000111,Sequencial,5,20703,30549,169.1202,0.16912
15,5,110101010000111,PyTorch SIMD,5,20703,30549,24.5942,0.024594
15,6,011101101011110,Sequencial,4,5649,19000,48.0059,0.048006
15,6,011101101011110,PyTorch SIMD,4,5649,19000,9.1381,0.009138
15,7,111011100000101,Sequencial,4,1949,10222,17.5236,0.017524
15,7,111011100000101,PyTorch SIMD,4,1949,10222,7.1798,0.00718
15,8,011100010011101,Sequencial,4,2238,11891,19.1697,0.01917
15,8,011100010011101,PyTorch SIMD,4,2238,11891,8.3707,0.008371
15,9,101011001100010,Sequencial,5,14409,27097,109.7192,0.109719
15,9,101011001100010,PyTorch SIMD,5,14409,27097,21.9145,0.021915
15,10,001001010001001,Sequencial,5,10509,23941,80.5594,0.080559
15,10,001001010001001,PyTorch SIMD,5,10509,23941,19.1288,0.019129
15,11,101111000100011,Sequencial,4,5904,19764,48.8433,0.048843
15,11,101111000100011,PyTorch SIMD,4,5904,19764,7.2289,0.007229
15,12,110001111101000,Sequencial,3,387,4948,4.0707,0.004071
15,12,110001111101000,PyTorch SIMD,3,387,4948,1.677,0.001677
15,13,010110110000000,Sequencial,3,817,7738,7.6315,0.007632
15,13,010110110000000,PyTorch SIMD,3,817,7738,1.6394,0.001639
15,14,111101101101110,Sequencial,4,5087,18080,42.0526,0.042053
15,14,111101101101110,PyTorch SIMD,4,5087,18080,6.7701,0.00677
15,15,100011001111001,Sequencial,4,2573,12845,21.4665,0.021467
15,15,100011001111001,PyTorch SIMD,4,2573,12845,6.1327,0.006133
15,16,010110010101100,Sequencial,5,17884,29452,140.5716,0.140572
15,16,010110010101100,PyTorch SIMD,5,17884,29452,20.1619,0.020162
15,17,000010110000011,Sequencial,3,820,7837,7.3932,0.007393
15,17,000010110000011,PyTorch SIMD,3,820,7837,1.8877,0.001888
15,18,000111010100001,Sequencial,4,2118,11116,17.9816,0.017982
15,18,000111010100001,PyTorch SIMD,4,2118,11116,6.9551,0.006955
15,19,010100001001011,Sequencial,5,15279,27922,122.1766,0.122177
15,19,010100001001011,PyTorch SIMD,5,15279,27922,19.6029,0.019603
15,20,110101001111000,Sequencial,4,7676,21920,61.8338,0.061834
15,20,110101001111000,PyTorch SIMD,4,7676,21920,8.2111,0.008211
15,21,110010010001010,Sequencial,5,13018,26038,148.8102,0.14881
15,21,110010010001010,PyTorch SIMD,5,13018,26038,18.921,0.018921
15,22,110101111101100,Sequencial,4,5214,18514,42.5853,0.042585
15,22,110101111101100,PyTorch SIMD,4,5214,18514,7.7337,0.007734
15,23,011001010011010,Sequencial,5,13889,26882,114.5321,0.114532
15,23,011001010011010,PyTorch SIMD,5,13889,26882,19.0435,0.019044
15,24,001101010011111,Sequencial,4,6752,20845,55.2663,0.055266
15,24,001101010011111,PyTorch SIMD,4,6752,20845,7.639,0.007639
15,25,101001000000110,Sequencial,4,7716,21940,63.1027,0.063103
15,25,101001000000110,PyTorch SIMD,4,7716,21940,7.4541,0.007454
15,26,000100011010011,Sequencial,4,5257,18649,44.2844,0.044284
15,26,000100011010011,PyTorch SIMD,4,5257,18649,6.7156,0.006716
15,27,101101011101100,Sequencial,5,18199,29611,142.1004,0.1421
15,27,101101011101100,PyTorch SIMD,5,18199,29611,19.8481,0.019848
15,28,010100011001011,Sequencial,5,16022,28354,126.6256,0.126626
15,28,010100011001011,PyTorch SIMD,5,16022,28354,20.573,0.020573
15,29,101000011101110,Sequencial,4,5295,18721,45.6214,0.045621
15,29,101000011101110,PyTorch SIMD,4,5295,18721,7.8897,0.00789
15,30,110111101111101,Sequencial,4,2228,11771,18.4567,0.018457
15,30,110111101111101,PyTorch SIMD,4,2228,11771,5.98,0.00598
15,31,100111101110100,Sequencial,4,3808,15535,32.1249,0.032125
15,31,100111101110100,PyTorch SIMD,4,3808,15535,6.375,0.006375
15,32,010000011110011,Sequencial,3,1094,9043,10.3216,0.010322
15,32,010000011110011,PyTorch SIMD,3,1094,9043,1.9225,0.001922
15,33,100001110010111,Sequencial,4,4758,17689,40.4359,0.040436
15,33,100001110010111,PyTorch SIMD,4,4758,17689,6.744,0.006744
15,34,000010011110011,Sequencial,3,890,8197,8.1872,0.008187
15,34,000010011110011,PyTorch SIMD,3,890,8197,1.8771,0.001877
15,35,000111010110100,Sequencial,4,3758,15227,32.525,0.032525
15,35,000111010110100,PyTorch SIMD,4,3758,15227,6.4257,0.006426
15,36,010000001010100,Sequencial,4,3658,14674,30.9965,0.030997
15,36,010000001010100,PyTorch SIMD,4,3658,14674,6.3728,0.006373
15,37,110111111010101,Sequencial,5,9956,22963,80.991,0.080991
15,37,110111111010101,PyTorch SIMD,5,9956,22963,18.2308,0.018231
15,38,001011100000000,Sequencial,2,13,987,0.2237,0.000224
15,38,001011100000000,PyTorch SIMD,2,13,987,0.4592,0.000459
15,39,101111001010100,Sequencial,5,14674,27193,117.1731,0.117173
15,39,101111001010100,PyTorch SIMD,5,14674,27193,20.5655,0.020565
15,40,010111000001111,Sequencial,3,1044,9013,9.1391,0.009139
15,40,010111000001111,PyTorch SIMD,3,1044,9013,1.9866,0.001987
15,41,010101011111100,Sequencial,4,7227,21343,62.2358,0.062236
15,41,010101011111100,PyTorch SIMD,4,7227,21343,7.9125,0.007913
15,42,001011000101011,Sequencial,5,14819,27508,115.7571,0.115757
15,42,001011000101011,PyTorch SIMD,5,14819,27508,19.2804,0.01928
15,43,000000110100101,Sequencial,4,1943,10003,16.3692,0.016369
15,43,000000110100101,PyTorch SIMD,4,1943,10003,6.9282,0.006928
15,44,001100001101110,Sequencial,3,461,5545,5.0296,0.00503
15,44,001100001101110,PyTorch SIMD,3,461,5545,1.754,0.001754
15,45,100010100000010,Sequencial,4,3175,14048,27.073,0.027073
15,45,100010100000010,PyTorch SIMD,4,3175,14048,6.1657,0.006166
15,46,100010101110110,Sequencial,5,16864,28909,132.8638,0.132864
15,46,100010101110110,PyTorch SIMD,5,16864,28909,20.0487,0.020049
15,47,101101100000111,Sequencial,4,8122,22319,112.2818,0.112282
15,47,101101100000111,PyTorch SIMD,4,8122,22319,7.8996,0.0079
15,48,111001111011000,Sequencial,3,535,6105,5.3865,0.005387
15,48,111001111011000,PyTorch SIMD,3,535,6105,1.8155,0.001815
15,49,111100000110011,Sequencial,3,1227,9502,10.9516,0.010952
15,49,111100000110011,PyTorch SIMD,3,1227,9502,1.8766,0.001877
15,50,001000111000111,Sequencial,3,1036,8957,9.9696,0.00997
15,50,001000111000111,PyTorch SIMD,3,1036,8957,1.7597,0.00176
15,51,000001111001010,Sequencial,3,213,2971,2.2302,0.00223
15,51,000001111001010,PyTorch SIMD,3,213,2971,1.4813,0.001481
15,52,110011111111101,Sequencial,3,144,2836,1.5626,0.001563
15,52,110011111111101,PyTorch SIMD,3,144,2836,1.4449,0.001445
15,53,001000110011011,Sequencial,4,4015,16161,35.1893,0.035189
15,53,001000110011011,PyTorch SIMD,4,4015,16161,6.4615,0.006462
15,54,100010001010010,Sequencial,5,13285,26312,108.8108,0.108811
15,54,100010001010010,PyTorch SIMD,5,13285,26312,18.5035,0.018503
15,55,001110111110001,Sequencial,3,129,2365,1.2862,0.001286
15,55,001110111110001,PyTorch SIMD,3,129,2365,1.5427,0.001543
15,56,111000100010001,Sequencial,4,2065,10850,18.3532,0.018353
15,56,111000100010001,PyTorch SIMD,4,2065,10850,6.3351,0.006335
15,57,011101011001011,Sequencial,5,15604,28166,123.501,0.123501
15,57,011101011001011,PyTorch SIMD,5,15604,28166,19.7419,0.019742
15,58,011001110011101,Sequencial,4,2699,12928,22.9707,0.022971
15,58,011001110011101,PyTorch SIMD,4,2699,12928,7.2263,0.007226
15,59,001001110101101,Sequencial,5,10779,24281,90.4008,0.090401
15,59,001001110101101,PyTorch SIMD,5,10779,24281,18.9652,0.018965
15,60,011000101010111,Sequencial,5,16394,28495,129.418,0.129418
15,60,011000101010111,PyTorch SIMD,5,16394,28495,18.9569,0.018957
15,61,110100111100010,Sequencial,4,3305,14483,27.7592,0.027759
15,61,110100111100010,PyTorch SIMD,4,3305,14483,6.6721,0.006672
15,62,101101100100100,Sequencial,5,15070,27722,124.161,0.124161
15,62,101101100100100,PyTorch SIMD,5,15070,27722,19.8818,0.019882
15,63,000001101010110,Sequencial,4,4373,16408,36.5678,0.036568
15,63,000001101010110,PyTorch SIMD,4,4373,16408,7.2625,0.007263
15,64,000000011011000,Sequencial,2,7,553,0.1255,0.000126
15,64,000000011011000,PyTorch SIMD,2,7,553,0.4229,0.000423
15,65,001101101111000,Sequencial,3,672,6817,6.7969,0.006797
15,65,001101101111000,PyTorch SIMD,3,672,6817,1.7607,0.001761
15,66,000010011011000,Sequencial,3,525,5796,5.2533,0.005253
15,66,000010011011000,PyTorch SIMD,3,525,5796,1.5874,0.001587
15,67,001101010101111,Sequencial,5,17771,29235,140.4896,0.14049
15,67,001101010101111,PyTorch SIMD,5,17771,29235,20.5155,0.020515
15,68,000000010011001,Sequencial,3,127,2232,1.3522,0.001352
15,68,000000010011001,PyTorch SIMD,3,127,2232,1.5428,0.001543
15,69,011100101111101,Sequencial,4,2233,11858,18.842,0.018842
15,69,011100101111101,PyTorch SIMD,4,2233,11858,6.8658,0.006866
15,70,100010001100111,Sequencial,4,8155,22353,66.8558,0.066856
15,70,100010001100111,PyTorch SIMD,4,8155,22353,8.2767,0.008277
15,71,011101011001000,Sequencial,4,4515,17057,38.4136,0.038414
15,71,011101011001000,PyTorch SIMD,4,4515,17057,6.5875,0.006588
15,72,110100101100001,Sequencial,5,11727,25408,94.4784,0.094478
15,72,110100101100001,PyTorch SIMD,5,11727,25408,18.6462,0.018646
15,73,100011110101111,Sequencial,4,5039,17948,41.3338,0.041334
15,73,100011110101111,PyTorch SIMD,4,5039,17948,8.3308,0.008331
15,74,001110001011001,Sequencial,4,2133,11379,19.0212,0.019021
15,74,001110001011001,PyTorch SIMD,4,2133,11379,5.897,0.005897
15,75,011110001100000,Sequencial,2,22,1447,0.3538,0.000354
15,75,011110001100000,PyTorch SIMD,2,22,1447,0.3941,0.000394
15,76,011000010100001,Sequencial,4,2118,11114,18.0832,0.018083
15,76,011000010100001,PyTorch SIMD,4,2118,11114,6.0314,0.006031
15,77,000101111000100,Sequencial,3,297,3950,3.2633,0.003263
15,77,000101111000100,PyTorch SIMD,3,297,3950,1.6125,0.001613
15,78,010101101011011,Sequencial,6,27587,32296,215.4419,0.215442
15,78,010101101011011,PyTorch SIMD,6,27587,32296,30.92,0.03092
15,79,001110001000110,Sequencial,3,605,6542,5.968,0.005968
15,79,001110001000110,PyTorch SIMD,3,605,6542,1.8492,0.001849
15,80,010000010100010,Sequencial,4,3043,13497,27.6662,0.027666
15,80,010000010100010,PyTorch SIMD,4,3043,13497,7.3059,0.007306
15,81,000010101100100,Sequencial,4,3803,15431,31.7359,0.031736
15,81,000010101100100,PyTorch SIMD,4,3803,15431,6.379,0.006379
15,82,011001111100001,Sequencial,3,143,2811,1.5346,0.001535
15,82,011001111100001,PyTorch SIMD,3,143,2811,1.5324,0.001532
15,83,111001011110011,Sequencial,4,7430,21768,106.717,0.106717
15,83,111001011110011,PyTorch SIMD,4,7430,21768,7.7027,0.007703
15,84,100101110100010,Sequencial,5,13565,26652,107.901,0.107901
15,84,100101110100010,PyTorch SIMD,5,13565,26652,19.7843,0.019784
15,85,010101100010110,Sequencial,5,17336,29177,144.3996,0.1444
15,85,010101100010110,PyTorch SIMD,5,17336,29177,23.5682,0.023568
15,86,000010111011011,Sequencial,4,3715,15064,37.0621,0.037062
15,86,000010111011011,PyTorch SIMD,4,3715,15064,7.7971,0.007797
15,87,101010000101110,Sequencial,5,18494,29761,172.692,0.172692
15,87,101010000101110,PyTorch SIMD,5,18494,29761,24.7377,0.024738
15,88,110100011000110,Sequencial,4,8540,22580,85.4897,0.08549
15,88,110100011000110,PyTorch SIMD,4,8540,22580,9.8285,0.009828
15,89,101010001111001,Sequencial,5,12299,25713,125.8603,0.12586
15,89,101010001111001,PyTorch SIMD,5,12299,25713,23.121,0.023121
15,90,111111000100111,Sequencial,3,539,6174,7.0398,0.00704
15,90,111111000100111,PyTorch SIMD,3,539,6174,2.2641,0.002264
15,91,101110010110010,Sequencial,5,13807,26837,138.4128,0.138413
15,91,101110010110010,PyTorch SIMD,5,13807,26837,24.8391,0.024839
15,92,000011000111000,Sequencial,2,26,1579,0.5348,0.000535
15,92,000011000111000,PyTorch SIMD,2,26,1579,0.6019,0.000602
15,93,011100010101100,Sequencial,4,5047,18025,53.85,0.05385
15,93,011100010101100,PyTorch SIMD,4,5047,18025,9.9752,0.009975
15,94,011011010110000,Sequencial,4,6219,19956,66.5484,0.066548
15,94,011011010110000,PyTorch SIMD,4,6219,19956,9.0799,0.00908
15,95,101111111110011,Sequencial,3,1094,9060,13.7362,0.013736
15,95,101111111110011,PyTorch SIMD,3,1094,9060,2.5082,0.002508
15,96,010111011101010,Sequencial,5,13047,26118,135.0467,0.135047
15,96,010111011101010,PyTorch SIMD,5,13047,26118,23.811,0.023811
15,97,101011111011101,Sequencial,5,11220,24935,116.4582,0.116458
15,97,101011111011101,PyTorch SIMD,5,11220,24935,28.2512,0.028251
15,98,110101001011100,Sequencial,5,19329,30132,205.4984,0.205498
15,98,110101001011100,PyTorch SIMD,5,19329,30132,27.6555,0.027656
15,99,100101000011000,Sequencial,4,7669,21835,81.1534,0.081153
15,99,100101000011000,PyTorch SIMD,4,7669,21835,10.0383,0.010038
15,100,110100000110010,Sequencial,4,3301,14455,35.9975,0.035997
15,100,110100000110010,PyTorch SIMD,4,3301,14455,8.2477,0.008248
15,101,110110100000111,Sequencial,4,7321,21625,80.7191,0.080719
15,101,110110100000111,PyTorch SIMD,4,7321,21625,8.8694,0.008869
15,102,011100111110000,Sequencial,2,26,1593,0.5306,0.000531
15,102,011100111110000,PyTorch SIMD,2,26,1593,0.582,0.000582
15,103,101100111111100,Sequencial,3,1103,9204,13.2129,0.013213
15,103,101100111111100,PyTorch SIMD,3,1103,9204,2.3294,0.002329
15,104,000010110110000,Sequencial,3,598,6285,8.1162,0.008116
15,104,000010110110000,PyTorch SIMD,3,598,6285,2.1093,0.002109
15,105,001111110011111,Sequencial,2,22,1467,0.4162,0.000416
15,105,001111110011111,PyTorch SIMD,2,22,1467,0.4585,0.000458
15,106,100101101111000,Sequencial,4,6796,20933,71.718,0.071718
15,106,100101101111000,PyTorch SIMD,4,6796,20933,8.8548,0.008855
15,107,110011000011010,Sequencial,4,3450,14650,39.9527,0.039953
15,107,110011000011010,PyTorch SIMD,4,3450,14650,8.0347,0.008035
15,108,000011101010110,Sequencial,4,4373,16410,46.8541,0.046854
15,108,000011101010110,PyTorch SIMD,4,4373,16410,8.233,0.008233
15,109,010000001101110,Sequencial,3,453,5351,6.3538,0.006354
15,109,010000001101110,PyTorch SIMD,3,453,5351,2.2688,0.002269
15,110,010000000100010,Sequencial,3,215,3049,3.0802,0.00308
15,110,010000000100010,PyTorch SIMD,3,215,3049,1.9341,0.001934
15,111,010001000001110,Sequencial,3,818,7761,10.4406,0.010441
15,111,010001000001110,PyTorch SIMD,3,818,7761,2.2477,0.002248
15,112,101111100010000,Sequencial,3,453,5357,6.5562,0.006556
15,112,101111100010000,PyTorch SIMD,3,453,5357,2.1232,0.002123
15,113,001011111101110,Sequencial,3,451,5287,6.671,0.006671
15,113,001011111101110,PyTorch SIMD,3,451,5287,2.1287,0.002129
15,114,101110110110111,Sequencial,5,16708,28806,229.5996,0.2296
15,114,101110110110111,PyTorch SIMD,5,16708,28806,25.1973,0.025197
15,115,111010111111010,Sequencial,4,3217,14209,34.9245,0.034924
15,115,111010111111010,PyTorch SIMD,4,3217,14209,8.6798,0.00868
15,116,010101000101101,Sequencial,6,24472,31628,245.7195,0.24572
15,116,010101000101101,PyTorch SIMD,6,24472,31628,39.5162,0.039516
15,117,001010101110001,Sequencial,5,11665,25277,122.3408,0.122341
15,117,001010101110001,PyTorch SIMD,5,11665,25277,25.6797,0.02568
15,118,111100100010101,Sequencial,5,9952,22883,103.6865,0.103686
15,118,111100100010101,PyTorch SIMD,5,9952,22883,24.5194,0.024519
15,119,101000101001011,Sequencial,6,27807,32345,280.5059,0.280506
15,119,101000101001011,PyTorch SIMD,6,27807,32345,39.7326,0.039733
15,120,010011001101001,Sequencial,5,10662,24189,111.9688,0.111969
15,120,010011001101001,PyTorch SIMD,5,10662,24189,23.3539,0.023354
15,121,111101100100000,Sequencial,3,525,5806,7.2453,0.007245
15,121,111101100100000,PyTorch SIMD,3,525,5806,2.3844,0.002384
15,122,100110001001110,Sequencial,4,6473,20636,69.1568,0.069157
15,122,100110001001110,PyTorch SIMD,4,6473,20636,10.3492,0.010349
15,123,000000111111011,Sequencial,2,4,356,0.1141,0.000114
15,123,000000111111011,PyTorch SIMD,2,4,356,0.5372,0.000537
15,124,111010110010110,Sequencial,5,17200,29122,172.7749,0.172775
15,124,111010110010110,PyTorch SIMD,5,17200,29122,25.0676,0.025068
15,125,101101000101111,Sequencial,5,18405,29751,183.7989,0.183799
15,125,101101000101111,PyTorch SIMD,5,18405,29751,26.7525,0.026753
15,126,101011101101110,Sequencial,5,18082,29558,177.9519,0.177952
15,126,101011101101110,PyTorch SIMD,5,18082,29558,25.9615,0.025962
15,127,110001101011111,Sequencial,4,5660,19170,57.6262,0.057626
15,127,110001101011111,PyTorch SIMD,4,5660,19170,9.3181,0.009318
15,128,010011010100000,Sequencial,4,5652,19056,58.5042,0.058504
15,128,010011010100000,PyTorch SIMD,4,5652,19056,8.5069,0.008507
15,129,101111000011000,Sequencial,3,1097,9107,12.9769,0.012977
15,129,101111000011000,PyTorch SIMD,3,1097,9107,2.4271,0.002427
15,130,101000011011001,Sequencial,5,11245,24961,113.7869,0.113787
15,130,101000011011001,PyTorch SIMD,5,11245,24961,24.2292,0.024229
15,131,110100011111110,Sequencial,3,967,8683,11.9156,0.011916
15,131,110100011111110,PyTorch SIMD,3,967,8683,2.5232,0.002523
15,132,100101110011010,Sequencial,5,14345,27088,144.7858,0.144786
15,132,100101110011010,PyTorch SIMD,5,14345,27088,25.9613,0.025961
15,133,110110011111111,Sequencial,3,1035,8956,13.2448,0.013245
15,133,110110011111111,PyTorch SIMD,3,1035,8956,2.549,0.002549
15,134,111110010000101,Sequencial,4,1945,10089,21.4148,0.021415
15,134,111110010000101,PyTorch SIMD,4,1945,10089,8.1818,0.008182
15,135,101100110000111,Sequencial,4,9164,22779,96.4527,0.096453
15,135,101100110000111,PyTorch SIMD,4,9164,22779,10.2132,0.010213
15,136,101110011100001,Sequencial,4,2528,12766,28.3573,0.028357
15,136,101110011100001,PyTorch SIMD,4,2528,12766,7.8574,0.007857
15,137,011101001000110,Sequencial,4,6274,20212,66.7913,0.066791
15,137,011101001000110,PyTorch SIMD,4,6274,20212,8.9335,0.008934
15,138,000101010111110,Sequencial,4,6218,19931,120.2485,0.120248
15,138,000101010111110,PyTorch SIMD,4,6218,19931,8.8188,0.008819
15,139,000000101011011,Sequencial,4,3713,15020,39.7276,0.039728
15,139,000000101011011,PyTorch SIMD,4,3713,15020,8.1425,0.008142
15,140,111101111000010,Sequencial,3,220,3291,3.0267,0.003027
15,140,111101111000010,PyTorch SIMD,3,220,3291,2.0177,0.002018
15,141,001101111001101,Sequencial,4,2381,12383,26.4917,0.026492
15,141,001101111001101,PyTorch SIMD,4,2381,12383,7.5031,0.007503
15,142,000000100000011,Sequencial,2,10,749,0.2142,0.000214
15,142,000000100000011,PyTorch SIMD,2,10,749,0.5088,0.000509
15,143,110111011010110,Sequencial,5,16422,28532,166.02,0.16602
15,143,110111011010110,PyTorch SIMD,5,16422,28532,24.3768,0.024377
15,144,000110110010001,Sequencial,4,2066,10881,23.3891,0.023389
15,144,000110110010001,PyTorch SIMD,4,2066,10881,8.3685,0.008369
15,145,111011000110011,Sequencial,4,8510,22559,89.4731,0.089473
15,145,111011000110011,PyTorch SIMD,4,8510,22559,9.9565,0.009956
15,146,011100010001101,Sequencial,4,2231,11824,25.2131,0.025213
15,146,011100010001101,PyTorch SIMD,4,2231,11824,7.6991,0.007699
15,147,010011111011010,Sequencial,4,3049,13634,33.1676,0.033168
15,147,010011111011010,PyTorch SIMD,4,3049,13634,7.7375,0.007737
15,148,011011111011101,Sequencial,4,2122,11242,23.6763,0.023676
15,148,011011111011101,PyTorch SIMD,4,2122,11242,7.36,0.00736
15,149,111100000011111,Sequencial,2,55,1938,0.8892,0.000889
15,149,111100000011111,PyTorch SIMD,2,55,1938,0.5339,0.000534
15,150,001001110110110,Sequencial,4,4431,16777,47.6083,0.047608
15,150,001001110110110,PyTorch SIMD,4,4431,16777,8.1418,0.008142
15,151,100000000001010,Sequencial,3,213,2952,2.9131,0.002913
15,151,100000000001010,PyTorch SIMD,3,213,2952,2.065,0.002065
15,152,001101000010011,Sequencial,4,5176,18437,57.2013,0.057201
15,152,001101000010011,PyTorch SIMD,4,5176,18437,8.5552,0.008555
15,153,011100110101111,Sequencial,4,5042,17994,53.5484,0.053548
15,153,011100110101111,PyTorch SIMD,4,5042,17994,8.5513,0.008551
15,154,111111111011010,Sequencial,3,215,3087,2.9615,0.002961
15,154,111111111011010,PyTorch SIMD,3,215,3087,2.0795,0.002079
15,155,010111001010100,Sequencial,5,14673,27178,152.3472,0.152347
15,155,010111001010100,PyTorch SIMD,5,14673,27178,24.333,0.024333
15,156,100110000111111,Sequencial,3,1171,9450,14.6897,0.01469
15,156,100110000111111,PyTorch SIMD,3,1171,9450,2.7106,0.002711
15,157,000001111000100,Sequencial,2,4,324,0.0997,0.0001
15,157,000001111000100,PyTorch SIMD,2,4,324,0.4465,0.000447
15,158,100001100010101,Sequencial,5,9958,22982,105.4624,0.105462
15,158,100001100010101,PyTorch SIMD,5,9958,22982,24.2087,0.024209
15,159,000010111001110,Sequencial,3,824,7919,10.338,0.010338
15,159,000010111001110,PyTorch SIMD,3,824,7919,2.5084,0.002508
15,160,000111000001011,Sequencial,3,317,4335,4.6238,0.004624
15,160,000111000001011,PyTorch SIMD,3,317,4335,2.0065,0.002006
15,161,100010111001010,Sequencial,5,13075,26175,135.822,0.135822
15,161,100010111001010,PyTorch SIMD,5,13075,26175,24.9152,0.024915
15,162,000000000001100,Sequencial,1,1,19,0.0381,3.8e-05
15,162,000000000001100,PyTorch SIMD,1,1,19,0.2975,0.000297
15,163,001111000000000,Sequencial,1,1,53,0.0295,3e-05
15,163,001111000000000,PyTorch SIMD,1,1,53,0.1821,0.000182
15,164,110010011101010,Sequencial,5,13104,26222,135.3112,0.135311
15,164,110010011101010,PyTorch SIMD,5,13104,26222,25.1454,0.025145
15,165,000011010000000,Sequencial,2,9,681,0.2117,0.000212
15,165,000011010000000,PyTorch SIMD,2,9,681,0.5889,0.000589
15,166,111101011110111,Sequencial,4,4515,17068,48.2127,0.048213
15,166,111101011110111,PyTorch SIMD,4,4515,17068,9.6156,0.009616
15,167,011000100100100,Sequencial,4,3714,15034,40.4222,0.040422
15,167,011000100100100,PyTorch SIMD,4,3714,15034,8.0698,0.00807
15,168,011001001110011,Sequencial,4,7832,22133,83.412,0.083412
15,168,011001001110011,PyTorch SIMD,4,7832,22133,9.4804,0.00948
15,169,111000010010100,Sequencial,4,3659,14719,39.8312,0.039831
15,169,111000010010100,PyTorch SIMD,4,3659,14719,8.1248,0.008125
15,170,101010000100111,Sequencial,5,19465,30175,193.7222,0.193722
15,170,101010000100111,PyTorch SIMD,5,19465,30175,25.0538,0.025054
15,171,110001101001011,Sequencial,5,15354,27988,152.3572,0.152357
15,171,110001101001011,PyTorch SIMD,5,15354,27988,25.5124,0.025512
15,172,111000100100110,Sequencial,4,5706,19295,59.1994,0.059199
15,172,111000100100110,PyTorch SIMD,4,5706,19295,10.1307,0.010131
15,173,101000001011111,Sequencial,4,5865,19689,113.3187,0.113319
15,173,101000001011111,PyTorch SIMD,4,5865,19689,8.8104,0.00881
15,174,111111010100010,Sequencial,4,3043,13514,31.9688,0.031969
15,174,111111010100010,PyTorch SIMD,4,3043,13514,7.7051,0.007705
15,175,011101110011100,Sequencial,3,895,8298,10.6037,0.010604
15,175,011101110011100,PyTorch SIMD,3,895,8298,2.238,0.002238
15,176,011011001010011,Sequencial,5,17859,29424,173.5665,0.173566
15,176,011011001010011,PyTorch SIMD,5,17859,29424,24.5097,0.02451
15,177,001100100010111,Sequencial,4,4521,17155,47.7118,0.047712
15,177,001100100010111,PyTorch SIMD,4,4521,17155,8.7831,0.008783
15,178,111101011011010,Sequencial,5,13521,26574,134.7711,0.134771
15,178,111101011011010,PyTorch SIMD,5,13521,26574,23.665,0.023665
15,179,011111111000000,Sequencial,1,1,92,0.0539,5.4e-05
15,179,011111111000000,PyTorch SIMD,1,1,92,0.2752,0.000275
15,180,100100111001010,Sequencial,5,13124,26239,130.4591,0.130459
15,180,100100111001010,PyTorch SIMD,5,13124,26239,24.233,0.024233
15,181,101100100110000,Sequencial,4,7358,21676,75.2553,0.075255
15,181,101100100110000,PyTorch SIMD,4,7358,21676,9.849,0.009849
15,182,110011101100101,Sequencial,5,10075,23377,103.0545,0.103054
15,182,110011101100101,PyTorch SIMD,5,10075,23377,22.597,0.022597
15,183,110101111111001,Sequencial,4,2378,12327,26.3059,0.026306
15,183,110101111111001,PyTorch SIMD,4,2378,12327,7.9346,0.007935
15,184,110110000101011,Sequencial,5,14845,27536,148.0307,0.148031
15,184,110110000101011,PyTorch SIMD,5,14845,27536,24.3071,0.024307
15,185,111001010001110,Sequencial,4,6756,20868,70.434,0.070434
15,185,111001010001110,PyTorch SIMD,4,6756,20868,9.6175,0.009617
15,186,000101001111000,Sequencial,3,816,7685,10.0161,0.010016
15,186,000101001111000,PyTorch SIMD,3,816,7685,2.3855,0.002385
15,187,111010011000101,Sequencial,5,10174,23603,102.8843,0.102884
15,187,111010011000101,PyTorch SIMD,5,10174,23603,22.6688,0.022669
15,188,111000011111100,Sequencial,2,43,1903,0.7298,0.00073
15,188,111000011111100,PyTorch SIMD,2,43,1903,0.596,0.000596
15,189,100101001001001,Sequencial,6,23885,31423,236.7088,0.236709
15,189,100101001001001,PyTorch SIMD,6,23885,31423,39.7369,0.039737
15,190,111100001110110,Sequencial,3,399,5026,5.7682,0.005768
15,190,111100001110110,PyTorch SIMD,3,399,5026,2.1682,0.002168
15,191,100111110010010,Sequencial,4,3006,13456,31.7124,0.031712
15,191,100111110010010,PyTorch SIMD,4,3006,13456,7.4971,0.007497
15,192,010000001101110,Sequencial,3,453,5351,6.4062,0.006406
15,192,010000001101110,PyTorch SIMD,3,453,5351,2.2276,0.002228
15,193,011001101110000,Sequencial,3,682,7108,9.0286,0.009029
15,193,011001101110000,PyTorch SIMD,3,682,7108,2.128,0.002128
15,194,010010010110001,Sequencial,5,11460,25153,117.8864,0.117886
15,194,010010010110001,PyTorch SIMD,5,11460,25153,22.9221,0.022922
15,195,001101111101101,Sequencial,4,2067,10917,23.137,0.023137
15,195,001101111101101,PyTorch SIMD,4,2067,10917,8.061,0.008061
15,196,111111011111000,Sequencial,2,10,809,0.2337,0.000234
15,196,111111011111000,PyTorch SIMD,2,10,809,0.4898,0.00049
15,197,111110001100001,Sequencial,3,138,2711,1.9765,0.001976
15,197,111110001100001,PyTorch SIMD,3,138,2711,1.9074,0.001907
15,198,010000111011000,Sequencial,3,528,5920,7.1948,0.007195
15,198,010000111011000,PyTorch SIMD,3,528,5920,2.0763,0.002076
15,199,011010101100111,Sequencial,5,20702,30547,206.9815,0.206981
15,199,011010101100111,PyTorch SIMD,5,20702,30547,26.1252,0.026125
15,200,110010100101100,Sequencial,5,18203,29632,178.3887,0.178389
15,200,110010100101100,PyTorch SIMD,5,18203,29632,26.218,0.026218
15,201,011001001100100,Sequencial,4,3895,15852,42.0551,0.042055
15,201,011001001100100,PyTorch SIMD,4,3895,15852,8.7834,0.008783
15,202,100100000100100,Sequencial,4,3717,15090,39.0501,0.03905
15,202,100100000100100,PyTorch SIMD,4,3717,15090,7.9866,0.007987
15,203,100101000000111,Sequencial,4,7669,21838,134.8153,0.134815
15,203,100101000000111,PyTorch SIMD,4,7669,21838,9.2892,0.009289
15,204,001101101010111,Sequencial,5,16386,28426,159.391,0.159391
15,204,001101101010111,PyTorch SIMD,5,16386,28426,25.7584,0.025758
15,205,011111100110101,Sequencial,4,1953,10337,21.5684,0.021568
15,205,011111100110101,PyTorch SIMD,4,1953,10337,11.1315,0.011132
15,206,101001011010000,Sequencial,5,18243,29659,178.7719,0.178772
15,206,101001011010000,PyTorch SIMD,5,18243,29659,25.63,0.02563
15,207,110001000011110,Sequencial,3,828,7994,10.0,0.01
15,207,110001000011110,PyTorch SIMD,3,828,7994,2.6044,0.002604
15,208,001011110110111,Sequencial,4,4430,16760,47.0081,0.047008
15,208,001011110110111,PyTorch SIMD,4,4430,16760,10.2852,0.010285
15,209,101100100010101,Sequencial,6,22872,30956,222.6732,0.222673
15,209,101100100010101,PyTorch SIMD,6,22872,30956,38.4806,0.038481
15,210,100011101101011,Sequencial,5,14710,27293,145.7293,0.145729
15,210,100011101101011,PyTorch SIMD,5,14710,27293,24.1599,0.02416
15,211,100111111100101,Sequencial,4,1952,10317,21.356,0.021356
15,211,100111111100101,PyTorch SIMD,4,1952,10317,7.789,0.007789
15,212,000000010110011,Sequencial,3,604,6516,7.6896,0.00769
15,212,000000010110011,PyTorch SIMD,3,604,6516,2.1978,0.002198
15,213,100001110011000,Sequencial,3,1164,9346,13.7966,0.013797
15,213,100001110011000,PyTorch SIMD,3,1164,9346,2.2905,0.00229
15,214,001110100111101,Sequencial,4,2291,12108,25.5365,0.025536
15,214,001110100111101,PyTorch SIMD,4,2291,12108,7.3822,0.007382
15,215,111011000101110,Sequencial,4,5261,18705,56.148,0.056148
15,215,111011000101110,PyTorch SIMD,4,5261,18705,8.8077,0.008808
15,216,011101111110010,Sequencial,3,220,3293,3.1043,0.003104
15,216,011101111110010,PyTorch SIMD,3,220,3293,2.172,0.002172
15,217,100111100111100,Sequencial,3,1167,9399,14.1784,0.014178
15,217,100111100111100,PyTorch SIMD,3,1167,9399,2.3151,0.002315
15,218,110110110010100,Sequencial,5,14762,27395,149.2395,0.14924
15,218,110110110010100,PyTorch SIMD,5,14762,27395,23.9871,0.023987
15,219,001110101011110,Sequencial,4,5648,18971,60.5715,0.060571
15,219,001110101011110,PyTorch SIMD,4,5648,18971,9.5448,0.009545
15,220,000110010000111,Sequencial,3,682,7101,8.6696,0.00867
15,220,000110010000111,PyTorch SIMD,3,682,7101,2.2704,0.00227
15,221,111010011111110,Sequencial,3,905,8422,11.1753,0.011175
15,221,111010011111110,PyTorch SIMD,3,905,8422,2.2134,0.002213
15,222,010000100111100,Sequencial,3,747,7365,9.3601,0.00936
15,222,010000100111100,PyTorch SIMD,3,747,7365,2.1912,0.002191
15,223,010100010110001,Sequencial,5,11485,25185,117.7534,0.117753
15,223,010100010110001,PyTorch SIMD,5,11485,25185,22.9765,0.022977
15,224,100011000000111,Sequencial,3,1170,9428,14.0536,0.014054
15,224,100011000000111,PyTorch SIMD,3,1170,9428,2.7628,0.002763
15,225,001010100110110,Sequencial,5,17043,29016,170.0349,0.170035
15,225,001010100110110,PyTorch SIMD,5,17043,29016,26.0737,0.026074
15,226,001101101001000,Sequencial,4,4429,16733,46.0912,0.046091
15,226,001101101001000,PyTorch SIMD,4,4429,16733,8.7276,0.008728
15,227,101010000000110,Sequencial,4,8068,22167,82.3575,0.082358
15,227,101010000000110,PyTorch SIMD,4,8068,22167,9.5646,0.009565
15,228,001000101111101,Sequencial,4,2228,11761,23.9883,0.023988
15,228,001000101111101,PyTorch SIMD,4,2228,11761,7.3251,0.007325
15,229,101100010000110,Sequencial,4,6914,21176,71.2896,0.07129
15,229,101100010000110,PyTorch SIMD,4,6914,21176,8.8344,0.008834
15,230,111000010000000,Sequencial,2,9,692,0.1945,0.000195
15,230,111000010000000,PyTorch SIMD,2,9,692,0.5525,0.000552
15,231,000111001000111,Sequencial,3,613,6680,7.7892,0.007789
15,231,000111001000111,PyTorch SIMD,3,613,6680,2.1553,0.002155
15,232,001010110100000,Sequencial,4,5742,19334,59.1771,0.059177
15,232,001010110100000,PyTorch SIMD,4,5742,19334,8.4479,0.008448
15,233,010011001110010,Sequencial,4,3379,14584,35.5482,0.035548
15,233,010011001110010,PyTorch SIMD,4,3379,14584,7.847,0.007847
15,234,100111111010101,Sequencial,5,9958,22994,154.7661,0.154766
15,234,100111111010101,PyTorch SIMD,5,9958,22994,22.1408,0.022141
15,235,011111010110101,Sequencial,5,10031,23175,101.7892,0.101789
15,235,011111010110101,PyTorch SIMD,5,10031,23175,23.8615,0.023862
15,236,001111101011110,Sequencial,3,522,5691,6.9803,0.00698
15,236,001111101011110,PyTorch SIMD,3,522,5691,2.3775,0.002377
15,237,100011101011110,Sequencial,4,5653,19094,58.1809,0.058181
15,237,100011101011110,PyTorch SIMD,4,5653,19094,10.0742,0.010074
15,238,010110011011001,Sequencial,5,11247,24971,114.79,0.11479
15,238,010110011011001,PyTorch SIMD,5,11247,24971,23.2577,0.023258
15,239,011110011101110,Sequencial,3,458,5504,6.3205,0.006321
15,239,011110011101110,PyTorch SIMD,3,458,5504,2.22,0.00222
15,240,001100001010010,Sequencial,4,2998,13293,31.4466,0.031447
15,240,001100001010010,PyTorch SIMD,4,2998,13293,8.4911,0.008491
15,241,110011101001010,Sequencial,5,12999,26018,133.0186,0.133019
15,241,110011101001010,PyTorch SIMD,5,12999,26018,24.2631,0.024263
15,242,010100001110101,Sequencial,5,10201,23617,103.5468,0.103547
15,242,010100001110101,PyTorch SIMD,5,10201,23617,24.1771,0.024177
15,243,000000001100101,Sequencial,3,122,1954,1.6648,0.001665
15,243,000000001100101,PyTorch SIMD,3,122,1954,1.9829,0.001983
15,244,010101101000010,Sequencial,5,13750,26788,138.6728,0.138673
15,244,010101101000010,PyTorch SIMD,5,13750,26788,25.2272,0.025227
15,245,000100001010111,Sequencial,4,4377,16511,45.629,0.045629
15,245,000100001010111,PyTorch SIMD,4,4377,16511,9.2353,0.009235
15,246,101111110101001,Sequencial,5,10451,23844,105.3729,0.105373
15,246,101111110101001,PyTorch SIMD,5,10451,23844,23.0619,0.023062
15,247,011100101001001,Sequencial,5,10481,23880,106.1995,0.106199
15,247,011100101001001,PyTorch SIMD,5,10481,23880,21.5224,0.021522
15,248,001110010011111,Sequencial,3,690,7202,9.3353,0.009335
15,248,001110010011111,PyTorch SIMD,3,690,7202,2.5262,0.002526
15,249,110011110001100,Sequencial,3,1332,9712,15.1393,0.015139
15,249,110011110001100,PyTorch SIMD,3,1332,9712,2.5359,0.002536
15,250,011001010001101,Sequencial,5,11669,25324,117.5254,0.117525
15,250,011001010001101,PyTorch SIMD,5,11669,25324,24.4978,0.024498
16,1,1000010111011111,Sequencial,4,7819,31331,102.4966,0.102497
16,1,1000010111011111,PyTorch SIMD,4,7819,31331,14.5415,0.014541
16,2,1000100100011011,Sequencial,5,24387,50939,276.6604,0.27666
16,2,1000100100011011,PyTorch SIMD,5,24387,50939,45.1306,0.045131
16,3,0000010111111001,Sequencial,3,145,3017,2.2516,0.002252
16,3,0000010111111001,PyTorch SIMD,3,145,3017,2.6817,0.002682
16,4,1000101101100110,Sequencial,5,34380,57670,382.4304,0.38243
16,4,1000101101100110,PyTorch SIMD,5,34380,57670,48.4264,0.048426
16,5,0000000110101100,Sequencial,3,515,6856,7.9586,0.007959
16,5,0000000110101100,PyTorch SIMD,3,515,6856,3.0753,0.003075
16,6,1011111110100111,Sequencial,4,8071,32199,158.3613,0.158361
16,6,1011111110100111,PyTorch SIMD,4,8071,32199,14.3134,0.014313
16,7,1100110000000010,Sequencial,3,263,4724,4.1645,0.004165
16,7,1100110000000010,PyTorch SIMD,3,263,4724,2.5958,0.002596
16,8,1110110000111001,Sequencial,4,3173,19209,43.6941,0.043694
16,8,1110110000111001,PyTorch SIMD,4,3173,19209,10.7923,0.010792
16,9,1101100001101100,Sequencial,4,7203,30255,94.4626,0.094463
16,9,1101100001101100,PyTorch SIMD,4,7203,30255,12.066,0.012066
16,10,1110010001010101,Sequencial,6,39206,58696,429.7074,0.429707
16,10,1110010001010101,PyTorch SIMD,6,39206,58696,79.0615,0.079062
16,11,0110011111100010,Sequencial,3,264,4754,4.3359,0.004336
16,11,0110011111100010,PyTorch SIMD,3,264,4754,2.944,0.002944
16,12,0010111011111111,Sequencial,3,867,10166,13.4376,0.013438
16,12,0010111011111111,PyTorch SIMD,3,867,10166,2.9181,0.002918
16,13,0110010110100101,Sequencial,6,39588,59250,451.5706,0.451571
16,13,0110010110100101,PyTorch SIMD,6,39588,59250,81.2182,0.081218
16,14,1000011010000000,Sequencial,3,785,9605,12.3183,0.012318
16,14,1000011010000000,PyTorch SIMD,3,785,9605,3.0036,0.003004
16,15,1101100111001000,Sequencial,4,6318,28052,87.086,0.087086
16,15,1101100111001000,PyTorch SIMD,4,6318,28052,12.7444,0.012744
16,16,1011101011001111,Sequencial,5,35354,58010,400.2455,0.400246
16,16,1011101011001111,PyTorch SIMD,5,35354,58010,47.3454,0.047345
16,17,0110010000101100,Sequencial,4,7049,29752,91.6309,0.091631
16,17,0110010000101100,PyTorch SIMD,4,7049,29752,12.0236,0.012024
16,18,0111011101110011,Sequencial,4,9410,34578,117.347,0.117347
16,18,0111011101110011,PyTorch SIMD,4,9410,34578,13.5976,0.013598
16,19,0001101100101111,Sequencial,4,7047,29728,90.5176,0.090518
16,19,0001101100101111,PyTorch SIMD,4,7047,29728,12.2983,0.012298
16,20,0011011110011110,Sequencial,3,1125,12157,15.9156,0.015916
16,20,0011011110011110,PyTorch SIMD,3,1125,12157,2.9648,0.002965
16,21,0100111111111111,Sequencial,2,16,1433,0.4054,0.000405
16,21,0100111111111111,PyTorch SIMD,2,16,1433,0.5036,0.000504
16,22,1101101111001010,Sequencial,5,20086,46324,231.1432,0.231143
16,22,1101101111001010,PyTorch SIMD,5,20086,46324,42.2865,0.042287
16,23,1100111011001110,Sequencial,4,10425,36301,181.21,0.18121
16,23,1100111011001110,PyTorch SIMD,4,10425,36301,13.221,0.013221
16,24,1010001100001110,Sequencial,4,12852,38772,151.9634,0.151963
16,24,1010001100001110,PyTorch SIMD,4,12852,38772,14.2798,0.01428
16,25,1010100101010010,Sequencial,7,62160,65366,654.3033,0.654303
16,25,1010100101010010,PyTorch SIMD,7,62160,65366,98.2869,0.098287
16,26,1000110110011111,Sequencial,4,10887,37010,138.5574,0.138557
16,26,1000110110011111,PyTorch SIMD,4,10887,37010,13.6939,0.013694
16,27,1110000101101001,Sequencial,5,15707,41381,185.3298,0.18533
16,27,1110000101101001,PyTorch SIMD,5,15707,41381,40.8536,0.040854
16,28,0000011010101111,Sequencial,4,6820,28441,89.443,0.089443
16,28,0000011010101111,PyTorch SIMD,4,6820,28441,12.3125,0.012312
16,29,1100001011011111,Sequencial,4,7775,31190,98.9699,0.09897
16,29,1100001011011111,PyTorch SIMD,4,7775,31190,13.1389,0.013139
16,30,0101010010111110,Sequencial,5,32993,57003,367.4051,0.367405
16,30,0101010010111110,PyTorch SIMD,5,32993,57003,46.1808,0.046181
16,31,1000001000001111,Sequencial,3,954,10894,13.88,0.01388
16,31,1000001000001111,PyTorch SIMD,3,954,10894,2.8761,0.002876
16,32,1000111010100110,Sequencial,5,30793,55775,339.5276,0.339528
16,32,1000111010100110,PyTorch SIMD,5,30793,55775,47.7338,0.047734
16,33,0110101011100011,Sequencial,5,35283,57911,388.7523,0.388752
16,33,0110101011100011,PyTorch SIMD,5,35283,57911,48.6068,0.048607
16,34,1011101101000001,Sequencial,5,17128,43772,249.3337,0.249334
16,34,1011101101000001,PyTorch SIMD,5,17128,43772,38.48,0.03848
16,35,0110011111101000,Sequencial,3,442,6624,6.965,0.006965
16,35,0110011111101000,PyTorch SIMD,3,442,6624,2.8411,0.002841
16,36,0011101010010000,Sequencial,4,6884,28837,90.7855,0.090785
16,36,0011101010010000,PyTorch SIMD,4,6884,28837,13.2677,0.013268
16,37,1100000111100010,Sequencial,3,267,4801,4.3741,0.004374
16,37,1100000111100010,PyTorch SIMD,3,267,4801,2.6875,0.002687
16,38,1100100000100100,Sequencial,4,4954,23521,66.0402,0.06604
16,38,1100100000100100,PyTorch SIMD,4,4954,23521,11.6897,0.01169
16,39,1000001001000011,Sequencial,4,8591,32885,108.8409,0.108841
16,39,1000001001000011,PyTorch SIMD,4,8591,32885,13.3066,0.013307
16,40,1101111001110010,Sequencial,4,4421,22620,60.6148,0.060615
16,40,1101111001110010,PyTorch SIMD,4,4421,22620,11.1474,0.011147
16,41,0100011010101111,Sequencial,5,28417,53817,323.6784,0.323678
16,41,0100011010101111,PyTorch SIMD,5,28417,53817,44.9729,0.044973
16,42,0110000111111010,Sequencial,3,266,4790,4.214,0.004214
16,42,0110000111111010,PyTorch SIMD,3,266,4790,2.6337,0.002634
16,43,1101001111001011,Sequencial,5,25304,51578,290.7264,0.290726
16,43,1101001111001011,PyTorch SIMD,5,25304,51578,45.0689,0.045069
16,44,1110110000111111,Sequencial,3,1225,12840,17.6486,0.017649
16,44,1110110000111111,PyTorch SIMD,3,1225,12840,3.2062,0.003206
16,45,1111011000101011,Sequencial,5,23095,49369,266.3076,0.266308
16,45,1111011000101011,PyTorch SIMD,5,23095,49369,44.258,0.044258
16,46,0010111111110110,Sequencial,3,432,6307,6.8957,0.006896
16,46,0010111111110110,PyTorch SIMD,3,432,6307,2.7442,0.002744
16,47,0111001101001111,Sequencial,4,9027,33963,114.118,0.114118
16,47,0111001101001111,PyTorch SIMD,4,9027,33963,13.91,0.01391
16,48,0110001011100110,Sequencial,4,10353,36261,127.0948,0.127095
16,48,0110001011100110,PyTorch SIMD,4,10353,36261,15.7819,0.015782
16,49,0101001111011111,Sequencial,4,7968,31855,150.541,0.150541
16,49,0101001111011111,PyTorch SIMD,4,7968,31855,12.2241,0.012224
16,50,1001001111010100,Sequencial,5,23122,49396,258.773,0.258773
16,50,1001001111010100,PyTorch SIMD,5,23122,49396,42.8349,0.042835
16,51,1010010111100100,Sequencial,5,24675,51210,277.8331,0.277833
16,51,1010010111100100,PyTorch SIMD,5,24675,51210,41.5949,0.041595
16,52,1100010100011000,Sequencial,4,10021,35460,122.8659,0.122866
16,52,1100010100011000,PyTorch SIMD,4,10021,35460,14.4241,0.014424
16,53,0100001100000101,Sequencial,4,2528,15330,34.2853,0.034285
16,53,0100001100000101,PyTorch SIMD,4,2528,15330,10.7442,0.010744
16,54,0000100011101111,Sequencial,3,520,7122,7.7465,0.007747
16,54,0000100011101111,PyTorch SIMD,3,520,7122,2.6613,0.002661
16,55,0100010010111110,Sequencial,4,8640,33060,107.6555,0.107656
16,55,0100010010111110,PyTorch SIMD,4,8640,33060,12.3578,0.012358
16,56,1110110011101101,Sequencial,5,16327,42619,189.9421,0.189942
16,56,1110110011101101,PyTorch SIMD,5,16327,42619,41.5215,0.041522
16,57,1110111011101001,Sequencial,5,15728,41429,185.409,0.185409
16,57,1110111011101001,PyTorch SIMD,5,15728,41429,39.0438,0.039044
16,58,1111001001011111,Sequencial,4,7833,31444,101.4495,0.101449
16,58,1111001001011111,PyTorch SIMD,4,7833,31444,14.0767,0.014077
16,59,0000000111000010,Sequencial,2,3,271,0.0883,8.8e-05
16,59,0000000111000010,PyTorch SIMD,2,3,271,0.6151,0.000615
16,60,0110100111110011,Sequencial,4,12013,38222,145.5403,0.14554
16,60,0110100111110011,PyTorch SIMD,4,12013,38222,14.5135,0.014514
16,61,1111111100110011,Sequencial,3,1517,13997,22.025,0.022025
16,61,1111111100110011,PyTorch SIMD,3,1517,13997,3.1189,0.003119
16,62,1111010010110111,Sequencial,5,26426,52573,349.9011,0.349901
16,62,1111010010110111,PyTorch SIMD,5,26426,52573,44.0596,0.04406
16,63,0110001001111010,Sequencial,4,4228,22036,57.912,0.057912
16,63,0110001001111010,PyTorch SIMD,4,4228,22036,11.4119,0.011412
16,64,0010010111000110,Sequencial,4,10789,36760,131.4416,0.131442
16,64,0010010111000110,PyTorch SIMD,4,10789,36760,13.8928,0.013893
16,65,0100011100101000,Sequencial,4,5892,26154,75.4559,0.075456
16,65,0100011100101000,PyTorch SIMD,4,5892,26154,11.5948,0.011595
16,66,0010010010001111,Sequencial,4,9358,34341,115.3521,0.115352
16,66,0010010010001111,PyTorch SIMD,4,9358,34341,12.6102,0.01261
16,67,1101010011001010,Sequencial,6,46299,62127,504.5097,0.50451
16,67,1101010011001010,PyTorch SIMD,6,46299,62127,80.7527,0.080753
16,68,0101110001000001,Sequencial,4,2798,17234,40.4443,0.040444
16,68,0101110001000001,PyTorch SIMD,4,2798,17234,11.2933,0.011293
16,69,1110101100010001,Sequencial,5,16256,42423,197.805,0.197805
16,69,1110101100010001,PyTorch SIMD,5,16256,42423,42.6451,0.042645
16,70,1000111110000101,Sequencial,4,2529,15387,36.2309,0.036231
16,70,1000111110000101,PyTorch SIMD,4,2529,15387,11.0456,0.011046
16,71,1101011111011000,Sequencial,4,7918,31675,102.6369,0.102637
16,71,1101011111011000,PyTorch SIMD,4,7918,31675,13.3547,0.013355
16,72,1100110001110101,Sequencial,5,15510,40919,185.3861,0.185386
16,72,1100110001110101,PyTorch SIMD,5,15510,40919,41.6469,0.041647
16,73,1000001100010000,Sequencial,3,524,7290,8.3603,0.00836
16,73,1000001100010000,PyTorch SIMD,3,524,7290,2.8982,0.002898
16,74,1111011101100000,Sequencial,3,781,9442,11.8693,0.011869
16,74,1111011101100000,PyTorch SIMD,3,781,9442,2.7573,0.002757
16,75,0101111100001001,Sequencial,4,2604,15912,37.562,0.037562
16,75,0101111100001001,PyTorch SIMD,4,2604,15912,11.71,0.01171
16,76,1010000111001000,Sequencial,4,6313,27978,85.9772,0.085977
16,76,1010000111001000,PyTorch SIMD,4,6313,27978,12.8029,0.012803
16,77,1111010010110110,Sequencial,5,26426,52572,354.3505,0.35435
16,77,1111010010110110,PyTorch SIMD,5,26426,52572,44.7939,0.044794
16,78,0010110001000101,Sequencial,5,14998,39839,180.0214,0.180021
16,78,0010110001000101,PyTorch SIMD,5,14998,39839,38.5181,0.038518
16,79,1101111010100000,Sequencial,4,7704,30744,97.6676,0.097668
16,79,1101111010100000,PyTorch SIMD,4,7704,30744,14.0342,0.014034
16,80,1101000101110110,Sequencial,5,26740,52935,298.7093,0.298709
16,80,1101000101110110,PyTorch SIMD,5,26740,52935,45.0669,0.045067
16,81,1111010110111011,Sequencial,5,23763,50168,272.0413,0.272041
16,81,1111010110111011,PyTorch SIMD,5,23763,50168,40.9636,0.040964
16,82,0011100100100100,Sequencial,4,4951,23445,64.9424,0.064942
16,82,0011100100100100,PyTorch SIMD,4,4951,23445,13.063,0.013063
16,83,1000010010010000,Sequencial,4,6885,28864,87.8887,0.087889
16,83,1000010010010000,PyTorch SIMD,4,6885,28864,12.2914,0.012291
16,84,1100111110011010,Sequencial,4,4559,22847,62.7787,0.062779
16,84,1100111110011010,PyTorch SIMD,4,4559,22847,11.2218,0.011222
16,85,0011111011011100,Sequencial,3,605,7803,9.3874,0.009387
16,85,0011111011011100,PyTorch SIMD,3,605,7803,2.7397,0.00274
16,86,0010011011010011,Sequencial,5,29180,54772,324.2133,0.324213
16,86,0010011011010011,PyTorch SIMD,5,29180,54772,45.9708,0.045971
16,87,0111110100011111,Sequencial,3,896,10675,13.1702,0.01317
16,87,0111110100011111,PyTorch SIMD,3,896,10675,3.0043,0.003004
16,88,1101110011100100,Sequencial,4,5374,25490,70.7671,0.070767
16,88,1101110011100100,PyTorch SIMD,4,5374,25490,12.2158,0.012216
16,89,0001110011001001,Sequencial,4,2608,16004,38.2541,0.038254
16,89,0001110011001001,PyTorch SIMD,4,2608,16004,10.931,0.010931
16,90,0000010011011001,Sequencial,4,2731,16726,39.1208,0.039121
16,90,0000010011011001,PyTorch SIMD,4,2731,16726,10.9026,0.010903
16,91,1010001111000010,Sequencial,4,4416,22560,115.0261,0.115026
16,91,1010001111000010,PyTorch SIMD,4,4416,22560,11.2844,0.011284
16,92,1101000000111100,Sequencial,3,1210,12708,17.9623,0.017962
16,92,1101000000111100,PyTorch SIMD,3,1210,12708,3.0714,0.003071
16,93,1110111110110001,Sequencial,4,2797,17221,40.7091,0.040709
16,93,1110111110110001,PyTorch SIMD,4,2797,17221,10.8493,0.010849
16,94,0110100011100100,Sequencial,4,5277,25192,71.1363,0.071136
16,94,0110100011100100,PyTorch SIMD,4,5277,25192,11.9507,0.011951
16,95,1001111101000111,Sequencial,4,8890,33850,112.2054,0.112205
16,95,1001111101000111,PyTorch SIMD,4,8890,33850,12.968,0.012968
16,96,0110110110000101,Sequencial,5,15127,40330,181.3645,0.181365
16,96,0110110110000101,PyTorch SIMD,5,15127,40330,41.2213,0.041221
16,97,1101100000100001,Sequencial,4,2734,16824,39.616,0.039616
16,97,1101100000100001,PyTorch SIMD,4,2734,16824,10.9437,0.010944
16,98,1101000110011110,Sequencial,4,12611,38649,154.7749,0.154775
16,98,1101000110011110,PyTorch SIMD,4,12611,38649,14.4997,0.0145
16,99,0110101111100000,Sequencial,3,1034,11336,14.9549,0.014955
16,99,0110101111100000,PyTorch SIMD,3,1034,11336,3.0528,0.003053
16,100,1110001010101011,Sequencial,6,48653,62725,530.3348,0.530335
16,100,1110001010101011,PyTorch SIMD,6,48653,62725,81.713,0.081713
16,101,1011100100001101,Sequencial,5,17977,44822,212.9059,0.212906
16,101,1011100100001101,PyTorch SIMD,5,17977,44822,43.96,0.04396
16,102,0100100000101110,Sequencial,4,7094,29833,94.2231,0.094223
16,102,0100100000101110,PyTorch SIMD,4,7094,29833,12.5279,0.012528
16,103,1011101100001110,Sequencial,4,11408,37578,141.001,0.141001
16,103,1011101100001110,PyTorch SIMD,4,11408,37578,14.1045,0.014104
16,104,0101110101100101,Sequencial,6,39956,59562,487.9485,0.487949
16,104,0101110101100101,PyTorch SIMD,6,39956,59562,78.9296,0.07893
16,105,0000010101010001,Sequencial,5,16104,41844,191.9412,0.191941
16,105,0000010101010001,PyTorch SIMD,5,16104,41844,42.6205,0.042621
16,106,1001011000000110,Sequencial,4,11964,38120,144.8635,0.144864
16,106,1001011000000110,PyTorch SIMD,4,11964,38120,13.2528,0.013253
16,107,0011111110010001,Sequencial,3,140,2712,2.1093,0.002109
16,107,0011111110010001,PyTorch SIMD,3,140,2712,2.5513,0.002551
16,108,1101110100000000,Sequencial,3,868,10196,13.0814,0.013081
16,108,1101110100000000,PyTorch SIMD,3,868,10196,2.6887,0.002689
16,109,1000110010100011,Sequencial,5,30792,55767,342.4468,0.342447
16,109,1000110010100011,PyTorch SIMD,5,30792,55767,45.8191,0.045819
16,110,0110000010100110,Sequencial,4,7708,30846,95.6992,0.095699
16,110,0110000010100110,PyTorch SIMD,4,7708,30846,12.6604,0.01266
16,111,1110100111110110,Sequencial,4,6224,27808,80.4337,0.080434
16,111,1110100111110110,PyTorch SIMD,4,6224,27808,12.4756,0.012476
16,112,0011010000010010,Sequencial,4,3953,20518,55.1639,0.055164
16,112,0011010000010010,PyTorch SIMD,4,3953,20518,11.1857,0.011186
16,113,1101101110100110,Sequencial,5,31479,56270,350.2939,0.350294
16,113,1101101110100110,PyTorch SIMD,5,31479,56270,45.705,0.045705
16,114,1000001001101010,Sequencial,5,20055,46263,229.732,0.229732
16,114,1000001001101010,PyTorch SIMD,5,20055,46263,43.9507,0.043951
16,115,0110010001000101,Sequencial,5,14996,39798,176.676,0.176676
16,115,0110010001000101,PyTorch SIMD,5,14996,39798,38.5541,0.038554
16,116,1010101110111011,Sequencial,6,50224,63433,540.1505,0.540151
16,116,1010101110111011,PyTorch SIMD,6,50224,63433,84.2377,0.084238
16,117,1110000110111100,Sequencial,3,717,9272,11.6689,0.011669
16,117,1110000110111100,PyTorch SIMD,3,717,9272,3.0512,0.003051
16,118,1110000101101010,Sequencial,5,19997,46100,285.2036,0.285204
16,118,1110000101101010,PyTorch SIMD,5,19997,46100,44.3006,0.044301
16,119,0011110010110101,Sequencial,5,15002,39912,182.0176,0.182018
16,119,0011110010110101,PyTorch SIMD,5,15002,39912,40.2215,0.040222
16,120,0101000101110000,Sequencial,4,9457,34683,118.5114,0.118511
16,120,0101000101110000,PyTorch SIMD,4,9457,34683,14.4718,0.014472
16,121,0001001111000011,Sequencial,3,1201,12489,17.6981,0.017698
16,121,0001001111000011,PyTorch SIMD,3,1201,12489,3.3448,0.003345
16,122,1010001000010001,Sequencial,5,16223,42340,192.3428,0.192343
16,122,1010001000010001,PyTorch SIMD,5,16223,42340,42.0194,0.042019
16,123,1100000011100000,Sequencial,2,32,2148,0.6649,0.000665
16,123,1100000011100000,PyTorch SIMD,2,32,2148,0.6463,0.000646
16,124,0101001001101110,Sequencial,5,29392,54920,332.6469,0.332647
16,124,0101001001101110,PyTorch SIMD,5,29392,54920,47.4194,0.047419
16,125,0011000010111001,Sequencial,4,2806,17401,40.5204,0.04052
16,125,0011000010111001,PyTorch SIMD,4,2806,17401,12.373,0.012373
16,126,1000110001100010,Sequencial,4,4511,22774,61.9542,0.061954
16,126,1000110001100010,PyTorch SIMD,4,4511,22774,11.27,0.01127
16,127,0001111100100011,Sequencial,3,613,8180,9.7703,0.00977
16,127,0001111100100011,PyTorch SIMD,3,613,8180,2.7609,0.002761
16,128,1001101111111001,Sequencial,4,3046,18619,43.6372,0.043637
16,128,1001101111111001,PyTorch SIMD,4,3046,18619,10.6578,0.010658
16,129,1000001001100110,Sequencial,4,10883,36970,135.9655,0.135965
16,129,1000001001100110,PyTorch SIMD,4,10883,36970,13.9634,0.013963
16,130,1111010100111000,Sequencial,4,10029,35538,123.4889,0.123489
16,130,1111010100111000,PyTorch SIMD,4,10029,35538,13.023,0.013023
16,131,1111001010011100,Sequencial,4,9311,34282,117.1216,0.117122
16,131,1111001010011100,PyTorch SIMD,4,9311,34282,12.6096,0.01261
16,132,0101101011100010,Sequencial,5,21615,48112,293.2298,0.29323
16,132,0101101011100010,PyTorch SIMD,5,21615,48112,42.6947,0.042695
16,133,1011001111011101,Sequencial,5,16846,43436,193.5509,0.193551
16,133,1011001111011101,PyTorch SIMD,5,16846,43436,43.2204,0.04322
16,134,1110000010010110,Sequencial,4,6021,26918,77.268,0.077268
16,134,1110000010010110,PyTorch SIMD,4,6021,26918,13.6397,0.01364
16,135,0011011101001111,Sequencial,4,8700,33378,108.6949,0.108695
16,135,0011011101001111,PyTorch SIMD,4,8700,33378,16.6839,0.016684
16,136,0111010111011100,Sequencial,4,7815,31232,96.7436,0.096744
16,136,0111010111011100,PyTorch SIMD,4,7815,31232,12.1995,0.0122
16,137,0011000011011001,Sequencial,4,2742,16977,38.4715,0.038471
16,137,0011000011011001,PyTorch SIMD,4,2742,16977,11.114,0.011114
16,138,0011111000100110,Sequencial,3,614,8217,9.4498,0.00945
16,138,0011111000100110,PyTorch SIMD,3,614,8217,2.7122,0.002712
16,139,1101101000001100,Sequencial,4,10790,36772,133.0441,0.133044
16,139,1101101000001100,PyTorch SIMD,4,10790,36772,13.4096,0.01341
16,140,0011110001101000,Sequencial,3,436,6466,6.7779,0.006778
16,140,0011110001101000,PyTorch SIMD,3,436,6466,2.7171,0.002717
16,141,1011001111010101,Sequencial,6,39425,59106,431.712,0.431712
16,141,1011001111010101,PyTorch SIMD,6,39425,59106,79.8512,0.079851
16,142,0000011000000101,Sequencial,3,138,2535,2.1839,0.002184
16,142,0000011000000101,PyTorch SIMD,3,138,2535,2.5132,0.002513
16,143,0010001000110110,Sequencial,4,6113,27266,80.6349,0.080635
16,143,0010001000110110,PyTorch SIMD,4,6113,27266,12.0362,0.012036
16,144,1010110010111010,Sequencial,6,47743,62560,523.8167,0.523817
16,144,1010110010111010,PyTorch SIMD,6,47743,62560,81.7755,0.081775
16,145,1110110101001100,Sequencial,5,32516,56720,362.8326,0.362833
16,145,1110110101001100,PyTorch SIMD,5,32516,56720,46.1256,0.046126
16,146,0001101001001011,Sequencial,5,23768,50206,318.7016,0.318702
16,146,0001101001001011,PyTorch SIMD,5,23768,50206,40.282,0.040282
16,147,0101011101011111,Sequencial,5,30666,55571,339.4208,0.339421
16,147,0101011101011111,PyTorch SIMD,5,30666,55571,46.7756,0.046776
16,148,1111100111001010,Sequencial,4,3898,20334,53.7913,0.053791
16,148,1111100111001010,PyTorch SIMD,4,3898,20334,11.0617,0.011062
16,149,1110111011011100,Sequencial,4,7765,31048,98.5484,0.098548
16,149,1110111011011100,PyTorch SIMD,4,7765,31048,12.6631,0.012663
16,150,0001010111010010,Sequencial,5,20486,46836,237.4831,0.237483
16,150,0001010111010010,PyTorch SIMD,5,20486,46836,42.9299,0.04293
16,151,0011010101011001,Sequencial,6,42768,60937,463.0683,0.463068
16,151,0011010101011001,PyTorch SIMD,6,42768,60937,82.7653,0.082765
16,152,0001001011011001,Sequencial,5,16645,42990,201.6548,0.201655
16,152,0001001011011001,PyTorch SIMD,5,16645,42990,42.9618,0.042962
16,153,0111111111001001,Sequencial,3,139,2657,2.2522,0.002252
16,153,0111111111001001,PyTorch SIMD,3,139,2657,2.5022,0.002502
16,154,1010000100001011,Sequencial,5,24437,51007,285.4688,0.285469
16,154,1010000100001011,PyTorch SIMD,5,24437,51007,45.0961,0.045096
16,155,0111010111100010,Sequencial,4,4218,21876,59.1772,0.059177
16,155,0111010111100010,PyTorch SIMD,4,4218,21876,11.2816,0.011282
16,156,0001000001111001,Sequencial,3,148,3179,2.3747,0.002375
16,156,0001000001111001,PyTorch SIMD,3,148,3179,2.5114,0.002511
16,157,1111000110010010,Sequencial,4,3960,20677,55.3996,0.0554
16,157,1111000110010010,PyTorch SIMD,4,3960,20677,11.1241,0.011124
16,158,1001000010110010,Sequencial,5,21170,47756,249.9267,0.249927
16,158,1001000010110010,PyTorch SIMD,5,21170,47756,43.3329,0.043333
16,159,1111010111000100,Sequencial,4,5167,24642,121.5049,0.121505
16,159,1111010111000100,PyTorch SIMD,4,5167,24642,11.1574,0.011157
16,160,0010010100110001,Sequencial,5,17842,44559,203.8756,0.203876
16,160,0010010100110001,PyTorch SIMD,5,17842,44559,41.5252,0.041525
16,161,0101100110010001,Sequencial,5,16357,42661,192.4889,0.192489
16,161,0101100110010001,PyTorch SIMD,5,16357,42661,43.2426,0.043243
16,162,0001000110011000,Sequencial,3,1204,12565,17.8527,0.017853
16,162,0001000110011000,PyTorch SIMD,3,1204,12565,3.1269,0.003127
16,163,0011101110000001,Sequencial,3,146,3076,2.2012,0.002201
16,163,0011101110000001,PyTorch SIMD,3,146,3076,2.3425,0.002342
16,164,0101100100001111,Sequencial,4,10182,35983,126.238,0.126238
16,164,0101100100001111,PyTorch SIMD,4,10182,35983,14.5569,0.014557
16,165,1111010110110011,Sequencial,5,32785,56898,366.7286,0.366729
16,165,1111010110110011,PyTorch SIMD,5,32785,56898,47.2251,0.047225
16,166,1101011001001011,Sequencial,6,50295,63463,536.9115,0.536911
16,166,1101011001001011,PyTorch SIMD,6,50295,63463,78.6853,0.078685
16,167,0110011101010111,Sequencial,5,25914,51801,294.0832,0.294083
16,167,0110011101010111,PyTorch SIMD,5,25914,51801,44.7997,0.0448
16,168,1011111100011101,Sequencial,4,3286,19530,48.2639,0.048264
16,168,1011111100011101,PyTorch SIMD,4,3286,19530,10.9756,0.010976
16,169,1010110110001001,Sequencial,6,41506,60386,452.4276,0.452428
16,169,1010110110001001,PyTorch SIMD,6,41506,60386,79.9818,0.079982
16,170,1101010110101011,Sequencial,7,62726,65416,666.2345,0.666235
16,170,1101010110101011,PyTorch SIMD,7,62726,65416,99.506,0.099506
16,171,0111010000101100,Sequencial,4,7051,29770,148.874,0.148874
16,171,0111010000101100,PyTorch SIMD,4,7051,29770,12.0472,0.012047
16,172,1110000001110100,Sequencial,3,357,5769,5.796,0.005796
16,172,1110000001110100,PyTorch SIMD,3,357,5769,2.6442,0.002644
16,173,1011100011010000,Sequencial,4,7241,30287,94.5498,0.09455
16,173,1011100011010000,PyTorch SIMD,4,7241,30287,11.9862,0.011986
16,174,1001100111110101,Sequencial,5,15368,40886,182.0276,0.182028
16,174,1001100111110101,PyTorch SIMD,5,15368,40886,40.6969,0.040697
16,175,0011101001001011,Sequencial,5,23772,50218,276.5426,0.276543
16,175,0011101001001011,PyTorch SIMD,5,23772,50218,40.9781,0.040978
16,176,1011010110011110,Sequencial,5,36374,58310,398.155,0.398155
16,176,1011010110011110,PyTorch SIMD,5,36374,58310,49.0786,0.049079
16,177,1111100111010110,Sequencial,4,5896,26255,77.3606,0.077361
16,177,1111100111010110,PyTorch SIMD,4,5896,26255,11.5554,0.011555
16,178,0101010100000000,Sequencial,4,10014,35281,121.082,0.121082
16,178,0101010100000000,PyTorch SIMD,4,10014,35281,12.9794,0.012979
16,179,1001000011111110,Sequencial,3,1200,12468,17.4474,0.017447
16,179,1001000011111110,PyTorch SIMD,3,1200,12468,3.042,0.003042
16,180,1101110111000111,Sequencial,4,10794,36812,130.193,0.130193
16,180,1101110111000111,PyTorch SIMD,4,10794,36812,13.0119,0.013012
16,181,1111111111111010,Sequencial,2,3,333,0.1132,0.000113
16,181,1111111111111010,PyTorch SIMD,2,3,333,0.5956,0.000596
16,182,0101111001101101,Sequencial,5,16357,42664,190.6386,0.190639
16,182,0101111001101101,PyTorch SIMD,5,16357,42664,41.7964,0.041796
16,183,0111100010101010,Sequencial,5,19899,45659,234.4415,0.234441
16,183,0111100010101010,PyTorch SIMD,5,19899,45659,39.5901,0.03959
16,184,1100110111000001,Sequencial,4,2992,18434,42.8438,0.042844
16,184,1100110111000001,PyTorch SIMD,4,2992,18434,12.4284,0.012428
16,185,0000000000010111,Sequencial,2,5,464,0.1403,0.00014
16,185,0000000000010111,PyTorch SIMD,2,5,464,0.5741,0.000574
16,186,1111101101010101,Sequencial,6,39206,58702,481.5497,0.48155
16,186,1111101101010101,PyTorch SIMD,6,39206,58702,79.4144,0.079414
16,187,1111010101001111,Sequencial,5,32453,56615,365.1246,0.365125
16,187,1111010101001111,PyTorch SIMD,5,32453,56615,47.2724,0.047272
16,188,1001110101100010,Sequencial,5,21352,47887,244.0455,0.244045
16,188,1001110101100010,PyTorch SIMD,5,21352,47887,41.3534,0.041353
16,189,1111100110110110,Sequencial,4,5959,26589,78.8043,0.078804
16,189,1111100110110110,PyTorch SIMD,4,5959,26589,20.9027,0.020903
16,190,1100001001000100,Sequencial,4,5006,23771,66.334,0.066334
16,190,1100001001000100,PyTorch SIMD,4,5006,23771,12.0024,0.012002
16,191,0010011101110000,Sequencial,3,783,9531,12.3774,0.012377
16,191,0010011101110000,PyTorch SIMD,3,783,9531,2.7926,0.002793
16,192,1111000100100101,Sequencial,5,14950,39579,178.2663,0.178266
16,192,1111000100100101,PyTorch SIMD,5,14950,39579,42.3288,0.042329
16,193,0010001111010001,Sequencial,4,2669,16364,37.7414,0.037741
16,193,0010001111010001,PyTorch SIMD,4,2669,16364,11.0443,0.011044
16,194,1010111000001001,Sequencial,5,15860,41724,188.3897,0.18839
16,194,1010111000001001,PyTorch SIMD,5,15860,41724,42.111,0.042111
16,195,1010000110001001,Sequencial,5,15891,41763,188.2181,0.188218
16,195,1010000110001001,PyTorch SIMD,5,15891,41763,38.9167,0.038917
16,196,1011111110101110,Sequencial,4,6826,28648,88.6288,0.088629
16,196,1011111110101110,PyTorch SIMD,4,6826,28648,14.1809,0.014181
16,197,1110110011101000,Sequencial,4,6269,27911,82.1973,0.082197
16,197,1110110011101000,PyTorch SIMD,4,6269,27911,11.7286,0.011729
16,198,1010001000100010,Sequencial,5,20790,47246,292.3725,0.292372
16,198,1010001000100010,PyTorch SIMD,5,20790,47246,43.9329,0.043933
16,199,1101110000001000,Sequencial,3,433,6338,6.8303,0.00683
16,199,1101110000001000,PyTorch SIMD,3,433,6338,2.6058,0.002606
16,200,1101110100010001,Sequencial,5,16188,42238,191.0535,0.191053
16,200,1101110100010001,PyTorch SIMD,5,16188,42238,42.7597,0.04276
16,201,1000110110111100,Sequencial,4,8591,32899,107.4622,0.107462
16,201,1000110110111100,PyTorch SIMD,4,8591,32899,12.464,0.012464
16,202,1010000100110101,Sequencial,6,40200,59757,446.1776,0.446178
16,202,1010000100110101,PyTorch SIMD,6,40200,59757,80.5456,0.080546
16,203,0111000010000001,Sequencial,3,143,2876,2.3144,0.002314
16,203,0111000010000001,PyTorch SIMD,3,143,2876,2.6946,0.002695
16,204,0011111111101011,Sequencial,3,334,4947,5.482,0.005482
16,204,0011111111101011,PyTorch SIMD,3,334,4947,2.5154,0.002515
16,205,0011100011111011,Sequencial,3,361,5812,5.7352,0.005735
16,205,0011100011111011,PyTorch SIMD,3,361,5812,2.3809,0.002381
16,206,1010111010101111,Sequencial,6,53769,64234,595.3697,0.59537
16,206,1010111010101111,PyTorch SIMD,6,53769,64234,83.921,0.083921
16,207,1111000011001110,Sequencial,3,1742,14550,25.1798,0.02518
16,207,1111000011001110,PyTorch SIMD,3,1742,14550,3.3496,0.00335
16,208,0000010111110100,Sequencial,3,339,5195,5.4579,0.005458
16,208,0000010111110100,PyTorch SIMD,3,339,5195,2.4052,0.002405
16,209,1110101011000100,Sequencial,5,24351,50838,277.8644,0.277864
16,209,1110101011000100,PyTorch SIMD,5,24351,50838,44.8163,0.044816
16,210,0100000010100010,Sequencial,4,4004,20729,56.4586,0.056459
16,210,0100000010100010,PyTorch SIMD,4,4004,20729,12.2617,0.012262
16,211,0110101110010111,Sequencial,5,27436,53470,308.8349,0.308835
16,211,0110101110010111,PyTorch SIMD,5,27436,53470,44.9264,0.044926
16,212,1001011111110101,Sequencial,5,15211,40611,179.4643,0.179464
16,212,1001011111110101,PyTorch SIMD,5,15211,40611,38.9304,0.03893
16,213,0101011011010110,Sequencial,6,51847,63823,553.9349,0.553935
16,213,0101011011010110,PyTorch SIMD,6,51847,63823,84.6431,0.084643
16,214,0011010110101100,Sequencial,5,28456,53894,372.1397,0.37214
16,214,0011010110101100,PyTorch SIMD,5,28456,53894,44.1173,0.044117
16,215,0111110010110011,Sequencial,4,8929,33872,110.8379,0.110838
16,215,0111110010110011,PyTorch SIMD,4,8929,33872,12.5751,0.012575
16,216,0110111001011100,Sequencial,4,7972,31920,100.5938,0.100594
16,216,0110111001011100,PyTorch SIMD,4,7972,31920,13.0505,0.01305
16,217,1100000001011100,Sequencial,3,622,8397,9.4126,0.009413
16,217,1100000001011100,PyTorch SIMD,3,622,8397,2.7303,0.00273
16,218,0110000000100100,Sequencial,3,335,4965,5.3105,0.005311
16,218,0110000000100100,PyTorch SIMD,3,335,4965,2.3464,0.002346
16,219,0000100000100100,Sequencial,3,335,4954,5.2035,0.005204
16,219,0000100000100100,PyTorch SIMD,3,335,4954,2.2917,0.002292
16,220,0010000110000100,Sequencial,3,343,5373,5.521,0.005521
16,220,0010000110000100,PyTorch SIMD,3,343,5373,2.3925,0.002393
16,221,0111100000111001,Sequencial,3,166,3785,2.5151,0.002515
16,221,0111100000111001,PyTorch SIMD,3,166,3785,2.2453,0.002245
16,222,1010101011111001,Sequencial,6,44532,61541,486.6139,0.486614
16,222,1010101011111001,PyTorch SIMD,6,44532,61541,81.3645,0.081364
16,223,0100100010000010,Sequencial,4,4115,21409,57.1455,0.057146
16,223,0100100010000010,PyTorch SIMD,4,4115,21409,11.3425,0.011342
16,224,0000100100100010,Sequencial,4,4005,20761,55.5266,0.055527
16,224,0000100100100010,PyTorch SIMD,4,4005,20761,11.3849,0.011385
16,225,1101000000011110,Sequencial,3,1210,12707,17.8284,0.017828
16,225,1101000000011110,PyTorch SIMD,3,1210,12707,3.0435,0.003043
16,226,0011000110011100,Sequencial,3,1778,14583,25.1417,0.025142
16,226,0011000110011100,PyTorch SIMD,3,1778,14583,2.9954,0.002995
16,227,0101011011000001,Sequencial,5,17882,44659,211.5424,0.211542
16,227,0101011011000001,PyTorch SIMD,5,17882,44659,42.6919,0.042692
16,228,0110010100100101,Sequencial,6,39562,59189,436.018,0.436018
16,228,0110010100100101,PyTorch SIMD,6,39562,59189,80.8371,0.080837
16,229,1101101111001111,Sequencial,4,11358,37460,141.5316,0.141532
16,229,1101101111001111,PyTorch SIMD,4,11358,37460,15.1458,0.015146
16,230,1000011110101100,Sequencial,4,6827,28669,86.7638,0.086764
16,230,1000011110101100,PyTorch SIMD,4,6827,28669,11.8248,0.011825
16,231,1010110000000010,Sequencial,4,4368,22428,112.9795,0.11298
16,231,1010110000000010,PyTorch SIMD,4,4368,22428,11.1561,0.011156
16,232,0000101010001001,Sequencial,5,15690,41256,183.7977,0.183798
16,232,0000101010001001,PyTorch SIMD,5,15690,41256,41.4187,0.041419
16,233,0110011100101111,Sequencial,4,7379,30540,93.5469,0.093547
16,233,0110011100101111,PyTorch SIMD,4,7379,30540,12.0002,0.012
16,234,1100010101100000,Sequencial,4,9308,34260,116.5057,0.116506
16,234,1100010101100000,PyTorch SIMD,4,9308,34260,13.4156,0.013416
16,235,0111111110101100,Sequencial,3,515,6877,7.8617,0.007862
16,235,0111111110101100,PyTorch SIMD,3,515,6877,2.7308,0.002731
16,236,1000111101100000,Sequencial,3,785,9626,11.5577,0.011558
16,236,1000111101100000,PyTorch SIMD,3,785,9626,2.5825,0.002583
16,237,1101101101000101,Sequencial,6,39794,59442,433.9336,0.433934
16,237,1101101101000101,PyTorch SIMD,6,39794,59442,79.204,0.079204
16,238,1011010001100100,Sequencial,5,24912,51381,293.3715,0.293372
16,238,1011010001100100,PyTorch SIMD,5,24912,51381,44.8115,0.044812
16,239,1101111101001110,Sequencial,4,8795,33649,110.8032,0.110803
16,239,1101111101001110,PyTorch SIMD,4,8795,33649,12.4271,0.012427
16,240,0011100101001010,Sequencial,5,19944,45861,233.4729,0.233473
16,240,0011100101001010,PyTorch SIMD,5,19944,45861,43.0234,0.043023
16,241,0011001001001101,Sequencial,5,17097,43712,199.2941,0.199294
16,241,0011001001001101,PyTorch SIMD,5,17097,43712,39.567,0.039567
16,242,1010101000110111,Sequencial,6,53262,64140,583.1915,0.583192
16,242,1010101000110111,PyTorch SIMD,6,53262,64140,83.385,0.083385
16,243,1101011000011111,Sequencial,4,11881,38006,196.2882,0.196288
16,243,1101011000011111,PyTorch SIMD,4,11881,38006,15.2388,0.015239
16,244,1110010110010000,Sequencial,4,6996,29519,88.0284,0.088028
16,244,1110010110010000,PyTorch SIMD,4,6996,29519,11.8497,0.01185
16,245,1110111010110101,Sequencial,6,39746,59358,430.6443,0.430644
16,245,1110111010110101,PyTorch SIMD,6,39746,59358,82.2331,0.082233
16,246,1010001101100110,Sequencial,5,34827,57831,387.5566,0.387557
16,246,1010001101100110,PyTorch SIMD,5,34827,57831,49.001,0.049001
16,247,0011011000001110,Sequencial,3,1131,12288,16.2233,0.016223
16,247,0011011000001110,PyTorch SIMD,3,1131,12288,3.3015,0.003301
16,248,1101000110111001,Sequencial,5,17197,43947,199.9929,0.199993
16,248,1101000110111001,PyTorch SIMD,5,17197,43947,43.1847,0.043185
16,249,1011000101101011,Sequencial,6,48932,62948,529.8448,0.529845
16,249,1011000101101011,PyTorch SIMD,6,48932,62948,78.3178,0.078318
16,250,0100001000010010,Sequencial,4,3952,20489,55.9816,0.055982
16,250,0100001000010010,PyTorch SIMD,4,3952,20489,11.4061,0.011406
17,1,01010000010110101,Sequencial,6,66507,111050,805.3937,0.805394
17,1,01010000010110101,PyTorch SIMD,6,66507,111050,160.9883,0.160988
17,2,11110000101101101,Sequencial,5,23571,70795,380.8629,0.380863
17,2,11110000101101101,PyTorch SIMD,5,23571,70795,76.5704,0.07657
17,3,01001011011111101,Sequencial,5,26108,75763,350.4998,0.3505
17,3,01001011011111101,PyTorch SIMD,5,26108,75763,76.2065,0.076207
17,4,00011111011101100,Sequencial,3,591,9243,11.0641,0.011064
17,4,00011111011101100,PyTorch SIMD,3,591,9243,3.6179,0.003618
17,5,10101010001100111,Sequencial,6,108248,127841,1295.227,1.295227
17,5,10101010001100111,PyTorch SIMD,6,108248,127841,177.4271,0.177427
17,6,10101111011000001,Sequencial,5,26188,75969,362.64,0.36264
17,6,10101111011000001,PyTorch SIMD,5,26188,75969,76.9416,0.076942
17,7,01001110001110101,Sequencial,5,22367,68365,306.808,0.306808
17,7,01001110001110101,PyTorch SIMD,5,22367,68365,74.4033,0.074403
17,8,11010101110111110,Sequencial,5,52051,103825,709.171,0.709171
17,8,11010101110111110,PyTorch SIMD,5,52051,103825,82.5553,0.082555
17,9,11101000111100110,Sequencial,4,17263,63497,234.425,0.234425
17,9,11101000111100110,PyTorch SIMD,4,17263,63497,23.1078,0.023108
17,10,01011100111000011,Sequencial,4,18483,64596,247.8976,0.247898
17,10,01011100111000011,PyTorch SIMD,4,18483,64596,20.4303,0.02043
17,11,01001010010111101,Sequencial,6,73786,116084,866.6106,0.866611
17,11,01001010010111101,PyTorch SIMD,6,73786,116084,161.9348,0.161935
17,12,00110101101010010,Sequencial,6,80172,118702,999.8831,0.999883
17,12,00110101101010010,PyTorch SIMD,6,80172,118702,167.3106,0.167311
17,13,10010011001101001,Sequencial,6,70016,113577,934.9966,0.934997
17,13,10010011001101001,PyTorch SIMD,6,70016,113577,163.6163,0.163616
17,14,10001001010000011,Sequencial,5,54084,105043,691.0879,0.691088
17,14,10001001010000011,PyTorch SIMD,5,54084,105043,83.6178,0.083618
17,15,10101100000010000,Sequencial,4,9502,46828,137.0255,0.137025
17,15,10101100000010000,PyTorch SIMD,4,9502,46828,20.7272,0.020727
17,16,01111111011111111,Sequencial,2,10,1091,0.2898,0.00029
17,16,01111111011111111,PyTorch SIMD,2,10,1091,0.6599,0.00066
17,17,10010110100001011,Sequencial,6,89404,123035,1079.2223,1.079222
17,17,10010110100001011,PyTorch SIMD,6,89404,123035,166.033,0.166033
17,18,00000000010111010,Sequencial,3,278,5276,5.5044,0.005504
17,18,00000000010111010,PyTorch SIMD,3,278,5276,3.5118,0.003512
17,19,01101010111010111,Sequencial,6,91753,123796,1132.4844,1.132484
17,19,01101010111010111,PyTorch SIMD,6,91753,123796,172.9556,0.172956
17,20,10011010110001011,Sequencial,6,89771,123135,1142.3296,1.14233
17,20,10011010110001011,PyTorch SIMD,6,89771,123135,168.4587,0.168459
17,21,10100001011001010,Sequencial,6,79243,118307,986.5264,0.986526
17,21,10100001011001010,PyTorch SIMD,6,79243,118307,168.0788,0.168079
17,22,11011011111111000,Sequencial,3,1290,16368,24.5084,0.024508
17,22,11011011111111000,PyTorch SIMD,3,1290,16368,4.1447,0.004145
17,23,01010101111110011,Sequencial,5,60242,108286,763.478,0.763478
17,23,01010101111110011,PyTorch SIMD,5,60242,108286,85.4264,0.085426
17,24,10011100110100001,Sequencial,5,24595,73272,327.2775,0.327278
17,24,10011100110100001,PyTorch SIMD,5,24595,73272,73.7669,0.073767
17,25,01101011000100101,Sequencial,6,66151,110546,862.4645,0.862464
17,25,01101011000100101,PyTorch SIMD,6,66151,110546,159.696,0.159696
17,26,00111110111000111,Sequencial,3,1111,15241,20.6111,0.020611
17,26,00111110111000111,PyTorch SIMD,3,1111,15241,3.8838,0.003884
17,27,01011011101111011,Sequencial,5,36577,88725,489.2337,0.489234
17,27,01011011101111011,PyTorch SIMD,5,36577,88725,77.5856,0.077586
17,28,10010111011101000,Sequencial,5,41436,94372,529.99,0.52999
17,28,10010111011101000,PyTorch SIMD,5,41436,94372,79.6056,0.079606
17,29,01100011001110000,Sequencial,3,2273,21299,38.8639,0.038864
17,29,01100011001110000,PyTorch SIMD,3,2273,21299,4.0123,0.004012
17,30,11111111001001010,Sequencial,4,5036,29885,74.5947,0.074595
17,30,11111111001001010,PyTorch SIMD,4,5036,29885,18.5452,0.018545
17,31,10100101100000111,Sequencial,5,60821,108630,760.1919,0.760192
17,31,10100101100000111,PyTorch SIMD,5,60821,108630,81.7646,0.081765
17,32,00110001010110101,Sequencial,6,66372,110795,858.1517,0.858152
17,32,00110001010110101,PyTorch SIMD,6,66372,110795,162.9966,0.162997
17,33,00001011101111110,Sequencial,3,897,12693,17.0074,0.017007
17,33,00001011101111110,PyTorch SIMD,3,897,12693,3.9383,0.003938
17,34,10010000100001011,Sequencial,5,37059,89480,499.0635,0.499063
17,34,10010000100001011,PyTorch SIMD,5,37059,89480,77.5134,0.077513
17,35,10100110000001110,Sequencial,4,18422,64497,245.6315,0.245632
17,35,10100110000001110,PyTorch SIMD,4,18422,64497,23.9971,0.023997
17,36,01000000110011110,Sequencial,3,1672,19201,28.9424,0.028942
17,36,01000000110011110,PyTorch SIMD,3,1672,19201,3.7584,0.003758
17,37,11100001111000100,Sequencial,3,415,7694,7.0343,0.007034
17,37,11100001111000100,PyTorch SIMD,3,415,7694,2.9333,0.002933
17,38,10011010000110111,Sequencial,5,42272,95337,530.8708,0.530871
17,38,10011010000110111,PyTorch SIMD,5,42272,95337,74.794,0.074794
17,39,10100011101001101,Sequencial,6,74294,116299,935.873,0.935873
17,39,10100011101001101,PyTorch SIMD,6,74294,116299,163.4037,0.163404
17,40,10100000101111110,Sequencial,4,12832,55663,188.1055,0.188106
17,40,10100000101111110,PyTorch SIMD,4,12832,55663,22.574,0.022574
17,41,01011111000101100,Sequencial,4,9568,47196,138.5384,0.138538
17,41,01011111000101100,PyTorch SIMD,4,9568,47196,17.5519,0.017552
17,42,11101111110011100,Sequencial,3,1487,18068,26.059,0.026059
17,42,11101111110011100,PyTorch SIMD,3,1487,18068,3.7744,0.003774
17,43,01111000101001001,Sequencial,5,22835,68890,302.3595,0.302359
17,43,01111000101001001,PyTorch SIMD,5,22835,68890,70.6581,0.070658
17,44,01101010101000000,Sequencial,5,51182,102668,640.8315,0.640832
17,44,01101010101000000,PyTorch SIMD,5,51182,102668,82.2159,0.082216
17,45,00001111010001011,Sequencial,4,6631,36914,96.2555,0.096255
17,45,00001111010001011,PyTorch SIMD,4,6631,36914,18.8975,0.018898
17,46,01111010011111011,Sequencial,4,6821,38070,151.2166,0.151217
17,46,01111010011111011,PyTorch SIMD,4,6821,38070,16.5932,0.016593
17,47,10111100011011110,Sequencial,4,10783,50705,147.6613,0.147661
17,47,10111100011011110,PyTorch SIMD,4,10783,50705,18.5435,0.018543
17,48,01100010000110111,Sequencial,4,8108,42384,114.4763,0.114476
17,48,01100010000110111,PyTorch SIMD,4,8108,42384,16.6679,0.016668
17,49,00101001101100000,Sequencial,4,12713,55146,171.0133,0.171013
17,49,00101001101100000,PyTorch SIMD,4,12713,55146,19.1243,0.019124
17,50,01011110111010010,Sequencial,5,30622,80643,390.5499,0.39055
17,50,01011110111010010,PyTorch SIMD,5,30622,80643,73.0306,0.073031
17,51,00111000000110101,Sequencial,4,3228,22462,48.7949,0.048795
17,51,00111000000110101,PyTorch SIMD,4,3228,22462,18.554,0.018554
17,52,00000110101001100,Sequencial,4,11437,51519,159.5542,0.159554
17,52,00000110101001100,PyTorch SIMD,4,11437,51519,17.8978,0.017898
17,53,00111110101001001,Sequencial,5,22835,68892,354.8337,0.354834
17,53,00111110101001001,PyTorch SIMD,5,22835,68892,69.6538,0.069654
17,54,01110000100010011,Sequencial,4,9199,45362,128.2161,0.128216
17,54,01110000100010011,PyTorch SIMD,4,9199,45362,21.7269,0.021727
17,55,00010110100000110,Sequencial,4,13680,57311,187.3443,0.187344
17,55,00010110100000110,PyTorch SIMD,4,13680,57311,18.8211,0.018821
17,56,11111100000001111,Sequencial,2,50,3103,1.051,0.001051
17,56,11111100000001111,PyTorch SIMD,2,50,3103,0.7335,0.000733
17,57,01000010111100110,Sequencial,4,14755,59650,197.8363,0.197836
17,57,01000010111100110,PyTorch SIMD,4,14755,59650,18.99,0.01899
17,58,11110011111101101,Sequencial,4,3400,24080,50.6724,0.050672
17,58,11110011111101101,PyTorch SIMD,4,3400,24080,15.0864,0.015086
17,59,10111101010010001,Sequencial,6,70590,114094,858.1955,0.858195
17,59,10111101010010001,PyTorch SIMD,6,70590,114094,159.8734,0.159873
17,60,11001011111101010,Sequencial,5,30068,79744,401.6327,0.401633
17,60,11001011111101010,PyTorch SIMD,5,30068,79744,75.9619,0.075962
17,61,00001110011100111,Sequencial,3,2050,20762,89.2211,0.089221
17,61,00001110011100111,PyTorch SIMD,3,2050,20762,4.2449,0.004245
17,62,00000110111010111,Sequencial,4,7767,39928,113.0264,0.113026
17,62,00000110111010111,PyTorch SIMD,4,7767,39928,19.5878,0.019588
17,63,01000010101010111,Sequencial,6,91281,123375,1072.1988,1.072199
17,63,01000010101010111,PyTorch SIMD,6,91281,123375,170.0664,0.170066
17,64,11001001111010000,Sequencial,4,9450,46742,143.498,0.143498
17,64,11001001111010000,PyTorch SIMD,4,9450,46742,21.278,0.021278
17,65,01000001010101111,Sequencial,5,44092,96142,564.0235,0.564023
17,65,01000001010101111,PyTorch SIMD,5,44092,96142,77.4707,0.077471
17,66,10010010001100000,Sequencial,4,15479,60643,213.4111,0.213411
17,66,10010010001100000,PyTorch SIMD,4,15479,60643,22.2788,0.022279
17,67,11011011111011000,Sequencial,4,10537,49609,199.8213,0.199821
17,67,11011011111011000,PyTorch SIMD,4,10537,49609,17.2733,0.017273
17,68,01010111101110000,Sequencial,4,12713,55161,168.906,0.168906
17,68,01010111101110000,PyTorch SIMD,4,12713,55161,17.9113,0.017911
17,69,01101110100100011,Sequencial,5,48562,101079,598.9841,0.598984
17,69,01101110100100011,PyTorch SIMD,5,48562,101079,77.7155,0.077716
17,70,00101000011011100,Sequencial,4,10597,49858,146.632,0.146632
17,70,00101000011011100,PyTorch SIMD,4,10597,49858,21.1445,0.021145
17,71,10100000011011001,Sequencial,5,24518,73142,319.1062,0.319106
17,71,10100000011011001,PyTorch SIMD,5,24518,73142,70.0477,0.070048
17,72,11101011100100011,Sequencial,5,49546,102051,617.6066,0.617607
17,72,11101011100100011,PyTorch SIMD,5,49546,102051,81.6395,0.081639
17,73,00110001011001110,Sequencial,4,14110,58434,242.7046,0.242705
17,73,00110001011001110,PyTorch SIMD,4,14110,58434,21.9709,0.021971
17,74,01011001111110001,Sequencial,4,4128,28787,60.9842,0.060984
17,74,01011001111110001,PyTorch SIMD,4,4128,28787,15.0645,0.015064
17,75,10010001110100010,Sequencial,5,31217,81799,396.5284,0.396528
17,75,10010001110100010,PyTorch SIMD,5,31217,81799,71.9073,0.071907
17,76,10000101110110000,Sequencial,4,11568,52202,161.2672,0.161267
17,76,10000101110110000,PyTorch SIMD,4,11568,52202,21.5812,0.021581
17,77,10111110001000001,Sequencial,4,3546,25194,54.3969,0.054397
17,77,10111110001000001,PyTorch SIMD,4,3546,25194,15.2249,0.015225
17,78,00100110001101010,Sequencial,5,30182,79966,393.6553,0.393655
17,78,00100110001101010,PyTorch SIMD,5,30182,79966,72.2496,0.07225
17,79,10010010000100111,Sequencial,5,49250,101815,666.7422,0.666742
17,79,10010010000100111,PyTorch SIMD,5,49250,101815,81.5352,0.081535
17,80,00011001111010100,Sequencial,4,6415,35351,91.3496,0.09135
17,80,00011001111010100,PyTorch SIMD,4,6415,35351,20.1569,0.020157
17,81,00110110001010110,Sequencial,5,40031,92326,520.425,0.520425
17,81,00110110001010110,PyTorch SIMD,5,40031,92326,75.6688,0.075669
17,82,10100011000011111,Sequencial,4,18421,64493,244.7252,0.244725
17,82,10100011000011111,PyTorch SIMD,4,18421,64493,22.8316,0.022832
17,83,00010110001111111,Sequencial,3,1406,17671,23.6938,0.023694
17,83,00010110001111111,PyTorch SIMD,3,1406,17671,3.668,0.003668
17,84,01111110100110111,Sequencial,4,7991,41738,110.8389,0.110839
17,84,01111110100110111,PyTorch SIMD,4,7991,41738,16.4063,0.016406
17,85,00000010010101001,Sequencial,5,22780,68541,300.9308,0.300931
17,85,00000010010101001,PyTorch SIMD,5,22780,68541,69.7765,0.069776
17,86,01001111101110001,Sequencial,4,3621,25771,111.5481,0.111548
17,86,01001111101110001,PyTorch SIMD,4,3621,25771,18.7439,0.018744
17,87,01101101001011100,Sequencial,5,48912,101502,619.312,0.619312
17,87,01101101001011100,PyTorch SIMD,5,48912,101502,81.4005,0.081401
17,88,00010101010010100,Sequencial,6,85172,120768,1035.8808,1.035881
17,88,00010101010010100,PyTorch SIMD,6,85172,120768,169.6099,0.16961
17,89,01111111011010110,Sequencial,4,7766,39891,120.7987,0.120799
17,89,01111111011010110,PyTorch SIMD,4,7766,39891,20.5384,0.020538
17,90,11111101000101101,Sequencial,5,23655,71181,327.6052,0.327605
17,90,11111101000101101,PyTorch SIMD,5,23655,71181,71.9175,0.071917
17,91,00010111100100110,Sequencial,4,10601,49977,151.7652,0.151765
17,91,00010111100100110,PyTorch SIMD,4,10601,49977,21.6881,0.021688
17,92,10111001010001111,Sequencial,5,54209,105338,725.118,0.725118
17,92,10111001010001111,PyTorch SIMD,5,54209,105338,79.2434,0.079243
17,93,10011100000110101,Sequencial,5,22405,68394,298.5527,0.298553
17,93,10011100000110101,PyTorch SIMD,5,22405,68394,73.3829,0.073383
17,94,01011101001011001,Sequencial,6,72516,115462,880.0107,0.880011
17,94,01011101001011001,PyTorch SIMD,6,72516,115462,164.4923,0.164492
17,95,11101011101100010,Sequencial,5,32019,82951,434.6334,0.434633
17,95,11101011101100010,PyTorch SIMD,5,32019,82951,75.5736,0.075574
17,96,11100000110110100,Sequencial,4,6567,36463,98.8145,0.098815
17,96,11100000110110100,PyTorch SIMD,4,6567,36463,18.391,0.018391
17,97,11010111010101111,Sequencial,6,96056,125172,1196.8087,1.196809
17,97,11010111010101111,PyTorch SIMD,6,96056,125172,173.9367,0.173937
17,98,11101001001011101,Sequencial,6,72480,115427,917.2375,0.917237
17,98,11101001001011101,PyTorch SIMD,6,72480,115427,164.4601,0.16446
17,99,01001100100110010,Sequencial,5,32528,83673,438.47,0.43847
17,99,01001100100110010,PyTorch SIMD,5,32528,83673,76.8005,0.0768
17,100,00111110101001101,Sequencial,5,24877,73553,339.2204,0.33922
17,100,00111110101001101,PyTorch SIMD,5,24877,73553,75.4114,0.075411
17,101,10101101001001111,Sequencial,6,103632,127299,1224.0729,1.224073
17,101,10101101001001111,PyTorch SIMD,6,103632,127299,186.3315,0.186331
17,102,00100110010011111,Sequencial,4,12838,55768,244.4948,0.244495
17,102,00100110010011111,PyTorch SIMD,4,12838,55768,22.7233,0.022723
17,103,01101110001010110,Sequencial,5,40071,92420,518.6807,0.518681
17,103,01101110001010110,PyTorch SIMD,5,40071,92420,75.4314,0.075431
17,104,01001010000011111,Sequencial,4,15409,60306,205.4449,0.205445
17,104,01001010000011111,PyTorch SIMD,4,15409,60306,22.0427,0.022043
17,105,11010010011010010,Sequencial,6,80711,119041,966.9247,0.966925
17,105,11010010011010010,PyTorch SIMD,6,80711,119041,163.3291,0.163329
17,106,10100011000011111,Sequencial,4,18421,64493,262.4017,0.262402
17,106,10100011000011111,PyTorch SIMD,4,18421,64493,24.4726,0.024473
17,107,11010100101110101,Sequencial,7,111305,128754,1347.5917,1.347592
17,107,11010100101110101,PyTorch SIMD,7,111305,128754,220.2474,0.220247
17,108,01111000110110101,Sequencial,5,21918,66677,320.7909,0.320791
17,108,01111000110110101,PyTorch SIMD,5,21918,66677,80.5685,0.080568
17,109,10010110101110011,Sequencial,6,105043,127532,1245.3967,1.245397
17,109,10010110101110011,PyTorch SIMD,6,105043,127532,176.6046,0.176605
17,110,10001011100110001,Sequencial,5,27631,77677,382.244,0.382244
17,110,10001011100110001,PyTorch SIMD,5,27631,77677,75.5216,0.075522
17,111,10111010110000110,Sequencial,5,58613,107714,728.4835,0.728483
17,111,10111010110000110,PyTorch SIMD,5,58613,107714,85.5881,0.085588
17,112,00010010101011001,Sequencial,6,71974,114912,917.1743,0.917174
17,112,00010010101011001,PyTorch SIMD,6,71974,114912,162.4962,0.162496
17,113,01000010100100010,Sequencial,5,31042,81260,424.2967,0.424297
17,113,01000010100100010,PyTorch SIMD,5,31042,81260,76.2326,0.076233
17,114,10001101100000011,Sequencial,4,15651,61212,214.183,0.214183
17,114,10001101100000011,PyTorch SIMD,4,15651,61212,22.9712,0.022971
17,115,11000011111000101,Sequencial,4,3239,22702,49.9881,0.049988
17,115,11000011111000101,PyTorch SIMD,4,3239,22702,15.0907,0.015091
17,116,00111100100000011,Sequencial,3,1002,13980,17.7615,0.017762
17,116,00111100100000011,PyTorch SIMD,3,1002,13980,3.6031,0.003603
17,117,11110111100011010,Sequencial,4,5623,33778,84.338,0.084338
17,117,11110111100011010,PyTorch SIMD,4,5623,33778,15.8597,0.01586
17,118,11011101010000010,Sequencial,5,31945,82755,408.4264,0.408426
17,118,11011101010000010,PyTorch SIMD,5,31945,82755,72.2997,0.0723
17,119,11110010011111100,Sequencial,3,1224,16238,21.3709,0.021371
17,119,11110010011111100,PyTorch SIMD,3,1224,16238,3.7005,0.003701
17,120,10010011101100011,Sequencial,5,55440,106209,735.5096,0.73551
17,120,10010011101100011,PyTorch SIMD,5,55440,106209,82.1983,0.082198
17,121,11001101100010001,Sequencial,5,23691,71317,308.0016,0.308002
17,121,11001101100010001,PyTorch SIMD,5,23691,71317,73.8959,0.073896
17,122,10100111000001100,Sequencial,4,18414,64393,251.1767,0.251177
17,122,10100111000001100,PyTorch SIMD,4,18414,64393,23.6933,0.023693
17,123,10110011110101010,Sequencial,6,78628,117757,931.0664,0.931066
17,123,10110011110101010,PyTorch SIMD,6,78628,117757,162.673,0.162673
17,124,00000011101111110,Sequencial,2,9,963,0.3173,0.000317
17,124,00000011101111110,PyTorch SIMD,2,9,963,0.7768,0.000777
17,125,00001001010100111,Sequencial,5,47883,99831,622.1977,0.622198
17,125,00001001010100111,PyTorch SIMD,5,47883,99831,82.774,0.082774
17,126,10010010000101111,Sequencial,5,45943,98913,632.8102,0.63281
17,126,10010010000101111,PyTorch SIMD,5,45943,98913,80.8187,0.080819
17,127,01111110001000111,Sequencial,3,814,12353,14.3031,0.014303
17,127,01111110001000111,PyTorch SIMD,3,814,12353,3.6989,0.003699
17,128,00100111001110111,Sequencial,4,8344,43362,117.4011,0.117401
17,128,00100111001110111,PyTorch SIMD,4,8344,43362,20.6953,0.020695
17,129,10100100001110111,Sequencial,5,42510,95479,544.2631,0.544263
17,129,10100100001110111,PyTorch SIMD,5,42510,95479,75.8387,0.075839
17,130,11101010011100011,Sequencial,5,60368,108478,737.6817,0.737682
17,130,11101010011100011,PyTorch SIMD,5,60368,108478,83.3043,0.083304
17,131,00100110111010111,Sequencial,5,39898,91834,518.561,0.518561
17,131,00100110111010111,PyTorch SIMD,5,39898,91834,77.0154,0.077015
17,132,11010000000010110,Sequencial,4,8289,43193,169.6739,0.169674
17,132,11010000000010110,PyTorch SIMD,4,8289,43193,19.4137,0.019414
17,133,10101111010110000,Sequencial,5,51315,103131,628.5432,0.628543
17,133,10101111010110000,PyTorch SIMD,5,51315,103131,78.9526,0.078953
17,134,11101001111101001,Sequencial,5,23107,69993,306.3721,0.306372
17,134,11101001111101001,PyTorch SIMD,5,23107,69993,73.7421,0.073742
17,135,01010100010010111,Sequencial,6,93664,124610,1117.8333,1.117833
17,135,01010100010010111,PyTorch SIMD,6,93664,124610,172.6004,0.1726
17,136,11110101111000011,Sequencial,4,15411,60387,225.1187,0.225119
17,136,11110101111000011,PyTorch SIMD,4,15411,60387,23.6612,0.023661
17,137,01011000100111111,Sequencial,4,13810,57893,247.9746,0.247975
17,137,01011000100111111,PyTorch SIMD,4,13810,57893,18.5665,0.018566
17,138,11001001011100001,Sequencial,5,26154,75927,335.0125,0.335012
17,138,11001001011100001,PyTorch SIMD,5,26154,75927,70.1216,0.070122
17,139,01101111101010010,Sequencial,5,30507,80247,397.333,0.397333
17,139,01101111101010010,PyTorch SIMD,5,30507,80247,75.7371,0.075737
17,140,01111100101010010,Sequencial,5,30502,80146,392.6206,0.392621
17,140,01111100101010010,PyTorch SIMD,5,30502,80146,75.5439,0.075544
17,141,11111001011100010,Sequencial,4,5383,32644,81.3067,0.081307
17,141,11111001011100010,PyTorch SIMD,4,5383,32644,19.3514,0.019351
17,142,10001011011010001,Sequencial,6,70827,114350,857.5635,0.857563
17,142,10001011011010001,PyTorch SIMD,6,70827,114350,159.9179,0.159918
17,143,01011010111110111,Sequencial,5,41764,94663,600.0802,0.60008
17,143,01011010111110111,PyTorch SIMD,5,41764,94663,78.7566,0.078757
17,144,01001011010000000,Sequencial,4,12654,54905,177.7141,0.177714
17,144,01001011010000000,PyTorch SIMD,4,12654,54905,22.069,0.022069
17,145,01011100001101110,Sequencial,4,9574,47231,132.2626,0.132263
17,145,01011100001101110,PyTorch SIMD,4,9574,47231,17.2751,0.017275
17,146,00101011011110001,Sequencial,5,26106,75723,340.4008,0.340401
17,146,00101011011110001,PyTorch SIMD,5,26106,75723,71.1036,0.071104
17,147,10110100000001011,Sequencial,5,38160,90710,487.5022,0.487502
17,147,10110100000001011,PyTorch SIMD,5,38160,90710,78.4684,0.078468
17,148,01011110111111110,Sequencial,3,1097,14749,19.3484,0.019348
17,148,01011110111111110,PyTorch SIMD,3,1097,14749,3.6633,0.003663
17,149,10000010011111010,Sequencial,4,5503,33220,81.2478,0.081248
17,149,10000010011111010,PyTorch SIMD,4,5503,33220,19.1178,0.019118
17,150,01000111111100111,Sequencial,3,1670,19157,83.1573,0.083157
17,150,01000111111100111,PyTorch SIMD,3,1670,19157,3.8678,0.003868
17,151,01111000111110010,Sequencial,3,308,6347,5.6944,0.005694
17,151,01111000111110010,PyTorch SIMD,3,308,6347,2.9869,0.002987
17,152,01000100011010110,Sequencial,5,39984,92140,502.3915,0.502392
17,152,01000100011010110,PyTorch SIMD,5,39984,92140,75.7232,0.075723
17,153,10010101101011001,Sequencial,7,114979,129488,1372.0369,1.372037
17,153,10010101101011001,PyTorch SIMD,7,114979,129488,222.507,0.222507
17,154,11101101001110111,Sequencial,5,41843,94890,564.3233,0.564323
17,154,11101101001110111,PyTorch SIMD,5,41843,94890,79.8576,0.079858
17,155,01111111000111101,Sequencial,3,188,4909,3.7994,0.003799
17,155,01111111000111101,PyTorch SIMD,3,188,4909,3.256,0.003256
17,156,01011111110100001,Sequencial,4,3469,24549,55.3498,0.05535
17,156,01011111110100001,PyTorch SIMD,4,3469,24549,18.671,0.018671
17,157,11110011110000001,Sequencial,3,179,4687,3.6019,0.003602
17,157,11110011110000001,PyTorch SIMD,3,179,4687,3.2923,0.003292
17,158,01110101111010011,Sequencial,5,45904,98846,643.991,0.643991
17,158,01110101111010011,PyTorch SIMD,5,45904,98846,77.9485,0.077948
17,159,01101000000110010,Sequencial,4,5624,33781,83.0837,0.083084
17,159,01101000000110010,PyTorch SIMD,4,5624,33781,17.6051,0.017605
17,160,11101000101111010,Sequencial,5,32059,83094,416.4488,0.416449
17,160,11101000101111010,PyTorch SIMD,5,32059,83094,72.521,0.072521
17,161,11001100111011110,Sequencial,4,11056,51112,152.1318,0.152132
17,161,11001100111011110,PyTorch SIMD,4,11056,51112,21.3361,0.021336
17,162,01110101000010001,Sequencial,5,23640,71013,316.4254,0.316425
17,162,01110101000010001,PyTorch SIMD,5,23640,71013,70.4418,0.070442
17,163,10101110011011100,Sequencial,5,50120,102456,620.3839,0.620384
17,163,10101110011011100,PyTorch SIMD,5,50120,102456,81.8531,0.081853
17,164,11101011010101110,Sequencial,6,96030,125126,1201.1922,1.201192
17,164,11101011010101110,PyTorch SIMD,6,96030,125126,172.8098,0.17281
17,165,01011101010101000,Sequencial,6,91280,123359,1132.5942,1.132594
17,165,01011101010101000,PyTorch SIMD,6,91280,123359,170.1682,0.170168
17,166,11100001101001101,Sequencial,5,25246,74487,349.0985,0.349099
17,166,11100001101001101,PyTorch SIMD,5,25246,74487,76.2308,0.076231
17,167,00101001010010010,Sequencial,6,80334,118810,986.9968,0.986997
17,167,00101001010010010,PyTorch SIMD,6,80334,118810,167.576,0.167576
17,168,01101011001111011,Sequencial,5,38087,90596,508.0925,0.508092
17,168,01101011001111011,PyTorch SIMD,5,38087,90596,79.2896,0.07929
17,169,11111011001110101,Sequencial,5,22172,67843,348.1773,0.348177
17,169,11111011001110101,PyTorch SIMD,5,22172,67843,72.551,0.072551
17,170,00100111001111100,Sequencial,3,1582,18720,27.9598,0.02796
17,170,00100111001111100,PyTorch SIMD,3,1582,18720,3.9984,0.003998
17,171,00100101011001100,Sequencial,5,56559,106675,700.1693,0.700169
17,171,00100101011001100,PyTorch SIMD,5,56559,106675,83.8846,0.083885
17,172,10011110010111000,Sequencial,4,11924,53652,168.3921,0.168392
17,172,10011110010111000,PyTorch SIMD,4,11924,53652,21.2481,0.021248
17,173,11100010101110111,Sequencial,5,40918,93540,510.3528,0.510353
17,173,11100010101110111,PyTorch SIMD,5,40918,93540,75.788,0.075788
17,174,00100111001110100,Sequencial,4,7048,39006,101.1557,0.101156
17,174,00100111001110100,PyTorch SIMD,4,7048,39006,18.1033,0.018103
17,175,01010111100001100,Sequencial,4,17031,62882,279.3234,0.279323
17,175,01010111100001100,PyTorch SIMD,4,17031,62882,19.7644,0.019764
17,176,11101010101010010,Sequencial,7,118590,129970,1356.3183,1.356318
17,176,11101010101010010,PyTorch SIMD,7,118590,129970,220.5762,0.220576
17,177,01100001100010011,Sequencial,4,9734,47619,154.6032,0.154603
17,177,01100001100010011,PyTorch SIMD,4,9734,47619,21.3439,0.021344
17,178,11110110001010011,Sequencial,5,44271,96789,573.878,0.573878
17,178,11110110001010011,PyTorch SIMD,5,44271,96789,77.1032,0.077103
17,179,11001111110010100,Sequencial,4,6418,35404,95.3526,0.095353
17,179,11001111110010100,PyTorch SIMD,4,6418,35404,19.2754,0.019275
17,180,01101010101110110,Sequencial,6,93377,124429,1100.7469,1.100747
17,180,01101010101110110,PyTorch SIMD,6,93377,124429,169.4415,0.169441
17,181,11010111101111000,Sequencial,4,12713,55166,236.2976,0.236298
17,181,11010111101111000,PyTorch SIMD,4,12713,55166,22.6212,0.022621
17,182,10111000010110101,Sequencial,6,66563,111124,828.4773,0.828477
17,182,10111000010110101,PyTorch SIMD,6,66563,111124,157.8414,0.157841
17,183,10110111100100101,Sequencial,6,66178,110602,827.7298,0.82773
17,183,10110111100100101,PyTorch SIMD,6,66178,110602,161.864,0.161864
17,184,01111000100010110,Sequencial,4,7990,41725,123.7425,0.123742
17,184,01111000100010110,PyTorch SIMD,4,7990,41725,21.2056,0.021206
17,185,01101011011010010,Sequencial,6,80480,118923,979.4701,0.97947
17,185,01101011011010010,PyTorch SIMD,6,80480,118923,163.1238,0.163124
17,186,10010010001000110,Sequencial,5,52093,103941,729.0273,0.729027
17,186,10010010001000110,PyTorch SIMD,5,52093,103941,83.4971,0.083497
17,187,10001011111110111,Sequencial,4,8164,42599,117.7079,0.117708
17,187,10001011111110111,PyTorch SIMD,4,8164,42599,20.3833,0.020383
17,188,11011000111101110,Sequencial,4,9571,47218,132.5928,0.132593
17,188,11011000111101110,PyTorch SIMD,4,9571,47218,17.616,0.017616
17,189,10111000001000110,Sequencial,4,11865,53445,163.7927,0.163793
17,189,10111000001000110,PyTorch SIMD,4,11865,53445,18.7108,0.018711
17,190,10100000010001110,Sequencial,4,12832,55647,173.1181,0.173118
17,190,10100000010001110,PyTorch SIMD,4,12832,55647,18.9127,0.018913
17,191,00100001000110101,Sequencial,5,22065,67336,290.293,0.290293
17,191,00100001000110101,PyTorch SIMD,5,22065,67336,69.3021,0.069302
17,192,10101001101001101,Sequencial,7,116233,129628,1404.9767,1.404977
17,192,10101001101001101,PyTorch SIMD,7,116233,129628,226.9721,0.226972
17,193,10010011001001001,Sequencial,6,68980,112952,880.0964,0.880096
17,193,10010011001001001,PyTorch SIMD,6,68980,112952,166.8543,0.166854
17,194,01000100111010001,Sequencial,5,23729,71394,332.0279,0.332028
17,194,01000100111010001,PyTorch SIMD,5,23729,71394,74.5095,0.07451
17,195,10111100101001010,Sequencial,6,78742,117822,956.7049,0.956705
17,195,10111100101001010,PyTorch SIMD,6,78742,117822,165.8462,0.165846
17,196,10010100000001101,Sequencial,5,27506,77419,380.9189,0.380919
17,196,10010100000001101,PyTorch SIMD,5,27506,77419,76.205,0.076205
17,197,01001111100001001,Sequencial,4,3316,23234,109.2183,0.109218
17,197,01001111100001001,PyTorch SIMD,4,3316,23234,19.1083,0.019108
17,198,00000101100101111,Sequencial,4,9325,46109,133.7494,0.133749
17,198,00000101100101111,PyTorch SIMD,4,9325,46109,17.9123,0.017912
17,199,00111110010110110,Sequencial,4,7851,40776,113.2431,0.113243
17,199,00111110010110110,PyTorch SIMD,4,7851,40776,16.5724,0.016572
17,200,11110110110011000,Sequencial,4,14584,59078,195.5243,0.195524
17,200,11110110110011000,PyTorch SIMD,4,14584,59078,18.714,0.018714
17,201,01000010100001111,Sequencial,4,13547,56604,180.7579,0.180758
17,201,01000010100001111,PyTorch SIMD,4,13547,56604,18.48,0.01848
17,202,00001100001001001,Sequencial,4,3307,22847,49.3875,0.049388
17,202,00001100001001001,PyTorch SIMD,4,3307,22847,15.274,0.015274
17,203,00011011000101000,Sequencial,4,7769,39995,109.0342,0.109034
17,203,00011011000101000,PyTorch SIMD,4,7769,39995,16.5142,0.016514
17,204,00010101111010100,Sequencial,5,34981,85787,437.2994,0.437299
17,204,00010101111010100,PyTorch SIMD,5,34981,85787,73.0791,0.073079
17,205,00111010101101101,Sequencial,6,70586,114059,896.8613,0.896861
17,205,00111010101101101,PyTorch SIMD,6,70586,114059,163.0279,0.163028
17,206,01000001100111100,Sequencial,3,1673,19228,32.4596,0.03246
17,206,01000001100111100,PyTorch SIMD,3,1673,19228,4.6367,0.004637
17,207,10011111010110110,Sequencial,5,40463,92798,530.9936,0.530994
17,207,10011111010110110,PyTorch SIMD,5,40463,92798,79.217,0.079217
17,208,00111010110100101,Sequencial,6,66096,110427,828.737,0.828737
17,208,00111010110100101,PyTorch SIMD,6,66096,110427,162.2043,0.162204
17,209,00010100111111000,Sequencial,3,1289,16280,23.7687,0.023769
17,209,00010100111111000,PyTorch SIMD,3,1289,16280,3.9075,0.003908
17,210,10110011111011001,Sequencial,5,24561,73245,340.4413,0.340441
17,210,10110011111011001,PyTorch SIMD,5,24561,73245,76.1885,0.076188
17,211,00011010100000010,Sequencial,4,5374,32363,138.4614,0.138461
17,211,00011010100000010,PyTorch SIMD,4,5374,32363,19.5976,0.019598
17,212,00010001111110000,Sequencial,2,15,1524,0.414,0.000414
17,212,00010001111110000,PyTorch SIMD,2,15,1524,0.7244,0.000724
17,213,11010101001101010,Sequencial,7,118327,129956,1403.0386,1.403039
17,213,11010101001101010,PyTorch SIMD,7,118327,129956,221.2774,0.221277
17,214,01111110100001100,Sequencial,3,1004,14070,20.8755,0.020875
17,214,01111110100001100,PyTorch SIMD,3,1004,14070,4.2723,0.004272
17,215,01110010100111100,Sequencial,4,13563,56881,209.3883,0.209388
17,215,01110010100111100,PyTorch SIMD,4,13563,56881,20.9686,0.020969
17,216,11111000111010110,Sequencial,4,7786,40408,114.5586,0.114559
17,216,11111000111010110,PyTorch SIMD,4,7786,40408,16.9028,0.016903
17,217,00100110001011111,Sequencial,4,10722,50485,155.9388,0.155939
17,217,00100110001011111,PyTorch SIMD,4,10722,50485,17.768,0.017768
17,218,00001011111100101,Sequencial,4,3222,22195,48.7714,0.048771
17,218,00001011111100101,PyTorch SIMD,4,3222,22195,15.5552,0.015555
17,219,10110011010011010,Sequencial,6,83200,120065,1057.3331,1.057333
17,219,10110011010011010,PyTorch SIMD,6,83200,120065,162.7114,0.162711
17,220,01000111101001101,Sequencial,5,25171,74380,351.9122,0.351912
17,220,01000111101001101,PyTorch SIMD,5,25171,74380,75.3755,0.075376
17,221,10011011010010100,Sequencial,6,85224,120896,1037.7701,1.03777
17,221,10011011010010100,PyTorch SIMD,6,85224,120896,168.2871,0.168287
17,222,11010100100000110,Sequencial,5,56912,106919,738.0702,0.73807
17,222,11010100100000110,PyTorch SIMD,5,56912,106919,84.616,0.084616
17,223,00000011110100110,Sequencial,3,703,10949,12.3537,0.012354
17,223,00000011110100110,PyTorch SIMD,3,703,10949,3.7728,0.003773
17,224,10101001011000110,Sequencial,6,107064,127762,1283.7419,1.283742
17,224,10101001011000110,PyTorch SIMD,6,107064,127762,177.7554,0.177755
17,225,11001001001011011,Sequencial,6,86919,121935,1115.7748,1.115775
17,225,11001001001011011,PyTorch SIMD,6,86919,121935,170.295,0.170295
17,226,01010101001111011,Sequencial,6,89708,123075,1104.6316,1.104632
17,226,01010101001111011,PyTorch SIMD,6,89708,123075,170.1627,0.170163
17,227,01011100010000010,Sequencial,4,5315,32127,84.8047,0.084805
17,227,01011100010000010,PyTorch SIMD,4,5315,32127,20.723,0.020723
17,228,00000001101001111,Sequencial,3,806,12104,15.8493,0.015849
17,228,00000001101001111,PyTorch SIMD,3,806,12104,3.9038,0.003904
17,229,00000000010110100,Sequencial,3,382,6569,7.3002,0.0073
17,229,00000000010110100,PyTorch SIMD,3,382,6569,3.2322,0.003232
17,230,01011010000100100,Sequencial,5,35626,87056,473.8959,0.473896
17,230,01011010000100100,PyTorch SIMD,5,35626,87056,74.9026,0.074903
17,231,01010001110001110,Sequencial,4,17760,63850,244.1991,0.244199
17,231,01010001110001110,PyTorch SIMD,4,17760,63850,24.3009,0.024301
17,232,00001011101111011,Sequencial,4,6612,36605,92.1691,0.092169
17,232,00001011101111011,PyTorch SIMD,4,6612,36605,16.2324,0.016232
17,233,00101100100000100,Sequencial,4,6678,37064,146.1228,0.146123
17,233,00101100100000100,PyTorch SIMD,4,6678,37064,16.2132,0.016213
17,234,11101110101110100,Sequencial,5,36499,88469,461.2646,0.461265
17,234,11101110101110100,PyTorch SIMD,5,36499,88469,73.063,0.073063
17,235,01011110100000100,Sequencial,4,6679,37106,96.2323,0.096232
17,235,01011110100000100,PyTorch SIMD,4,6679,37106,19.3081,0.019308
17,236,11000100010011010,Sequencial,5,32023,82995,412.8534,0.412853
17,236,11000100010011010,PyTorch SIMD,5,32023,82995,72.7313,0.072731
17,237,01001000011001001,Sequencial,5,23096,69917,300.2549,0.300255
17,237,01001000011001001,PyTorch SIMD,5,23096,69917,74.0406,0.074041
17,238,01110111100110110,Sequencial,4,8226,42907,121.2017,0.121202
17,238,01110111100110110,PyTorch SIMD,4,8226,42907,21.0586,0.021059
17,239,01011000100110011,Sequencial,5,57735,107411,764.8271,0.764827
17,239,01011000100110011,PyTorch SIMD,5,57735,107411,81.0171,0.081017
17,240,00111111101110011,Sequencial,3,903,13044,15.7774,0.015777
17,240,00111111101110011,PyTorch SIMD,3,903,13044,3.9489,0.003949
17,241,01011111000011100,Sequencial,3,1588,18865,27.4546,0.027455
17,241,01011111000011100,PyTorch SIMD,3,1588,18865,3.7378,0.003738
17,242,00010101011001111,Sequencial,5,56475,106507,695.1316,0.695132
17,242,00010101011001111,PyTorch SIMD,5,56475,106507,84.5116,0.084512
17,243,11000010011111110,Sequencial,3,1207,16054,21.7252,0.021725
17,243,11000010011111110,PyTorch SIMD,3,1207,16054,3.8073,0.003807
17,244,11101101011101110,Sequencial,5,45117,97803,567.4518,0.567452
17,244,11101101011101110,PyTorch SIMD,5,45117,97803,80.5105,0.080511
17,245,00011000001101001,Sequencial,4,3318,23288,52.2796,0.05228
17,245,00011000001101001,PyTorch SIMD,4,3318,23288,17.6291,0.017629
17,246,10100101011011111,Sequencial,6,100800,126705,1194.5083,1.194508
17,246,10100101011011111,PyTorch SIMD,6,100800,126705,172.7933,0.172793
17,247,00000001110011101,Sequencial,3,173,4484,3.6661,0.003666
17,247,00000001110011101,PyTorch SIMD,3,173,4484,3.4253,0.003425
17,248,11111110110000001,Sequencial,3,162,3821,3.0371,0.003037
17,248,11111110110000001,PyTorch SIMD,3,162,3821,3.1018,0.003102
17,249,01110110111001111,Sequencial,4,14585,59091,262.1688,0.262169
17,249,01110110111001111,PyTorch SIMD,4,14585,59091,22.5461,0.022546
17,250,10011010111111010,Sequencial,5,32737,83808,426.4986,0.426499
17,250,10011010111111010,PyTorch SIMD,5,32737,83808,72.8788,0.072879
18,1,101010010101111111,Sequencial,6,186809,247743,2488.4973,2.488497
18,1,101010010101111111,PyTorch SIMD,6,186809,247743,388.8726,0.388873
18,2,100001011010011101,Sequencial,6,123186,216117,1843.6412,1.843641
18,2,100001011010011101,PyTorch SIMD,6,123186,216117,353.5351,0.353535
18,3,111001101101111101,Sequencial,5,36435,123042,637.1435,0.637143
18,3,111001101101111101,PyTorch SIMD,5,36435,123042,134.2483,0.134248
18,4,011100100111110111,Sequencial,4,10553,63932,207.8855,0.207885
18,4,011100100111110111,PyTorch SIMD,4,10553,63932,28.1874,0.028187
18,5,011011111111110011,Sequencial,3,1805,25116,36.2374,0.036237
18,5,011011111111110011,PyTorch SIMD,3,1805,25116,4.8612,0.004861
18,6,001010010110011110,Sequencial,5,92421,194383,1364.4787,1.364479
18,6,001010010110011110,PyTorch SIMD,5,92421,194383,149.3817,0.149382
18,7,101100110011110101,Sequencial,6,111339,205566,1568.5772,1.568577
18,7,101100110011110101,PyTorch SIMD,6,111339,205566,349.8763,0.349876
18,8,001101101111011011,Sequencial,5,52712,147740,921.8931,0.921893
18,8,001101101111011011,PyTorch SIMD,5,52712,147740,135.1123,0.135112
18,9,001011010101001011,Sequencial,7,230926,258886,3155.2726,3.155273
18,9,001011010101001011,PyTorch SIMD,7,230926,258886,555.182,0.555182
18,10,101000100000100011,Sequencial,5,75445,179616,1208.0794,1.208079
18,10,101000100000100011,PyTorch SIMD,5,75445,179616,144.1251,0.144125
18,11,001011000110001110,Sequencial,4,25353,104096,485.7452,0.485745
18,11,001011000110001110,PyTorch SIMD,4,25353,104096,36.2907,0.036291
18,12,000010111100000001,Sequencial,3,183,4983,3.8655,0.003865
18,12,000010111100000001,PyTorch SIMD,3,183,4983,3.9642,0.003964
18,13,111100100111011011,Sequencial,5,52770,148036,772.0443,0.772044
18,13,111100100111011011,PyTorch SIMD,5,52770,148036,130.6629,0.130663
18,14,011000011001001010,Sequencial,5,43634,131845,742.1096,0.74211
18,14,011000011001001010,PyTorch SIMD,5,43634,131845,131.3021,0.131302
18,15,110011011010111010,Sequencial,6,137549,224323,1898.0519,1.898052
18,15,110011011010111010,PyTorch SIMD,6,137549,224323,359.6674,0.359667
18,16,011011111001011011,Sequencial,5,52883,148348,855.9583,0.855958
18,16,011011111001011011,PyTorch SIMD,5,52883,148348,140.5415,0.140541
18,17,101011000001010010,Sequencial,6,134246,221999,1898.3748,1.898375
18,17,101011000001010010,PyTorch SIMD,6,134246,221999,357.2606,0.357261
18,18,001001001110110110,Sequencial,5,60694,160168,956.92,0.95692
18,18,001001001110110110,PyTorch SIMD,5,60694,160168,137.562,0.137562
18,19,001000001111100010,Sequencial,3,321,7361,7.1021,0.007102
18,19,001000001111100010,PyTorch SIMD,3,321,7361,4.5238,0.004524
18,20,001100111010000101,Sequencial,5,31403,108823,581.7568,0.581757
18,20,001100111010000101,PyTorch SIMD,5,31403,108823,127.7826,0.127783
18,21,001000010100001001,Sequencial,5,32722,112926,542.0935,0.542094
18,21,001000010100001001,PyTorch SIMD,5,32722,112926,126.112,0.126112
18,22,001111100101010110,Sequencial,5,59582,157132,900.905,0.900905
18,22,001111100101010110,PyTorch SIMD,5,59582,157132,139.6325,0.139632
18,23,000110010001100110,Sequencial,4,21037,96868,433.4951,0.433495
18,23,000110010001100110,PyTorch SIMD,4,21037,96868,31.1973,0.031197
18,24,111110111101110100,Sequencial,4,8499,54176,151.5361,0.151536
18,24,111110111101110100,PyTorch SIMD,4,8499,54176,23.8711,0.023871
18,25,111011101110011001,Sequencial,5,38789,127666,588.5378,0.588538
18,25,111011101110011001,PyTorch SIMD,5,38789,127666,125.5752,0.125575
18,26,010100111100111101,Sequencial,5,41043,130257,643.1637,0.643164
18,26,010100111100111101,PyTorch SIMD,5,41043,130257,130.0216,0.130022
18,27,110110101100100100,Sequencial,6,147697,230501,2052.8936,2.052894
18,27,110110101100100100,PyTorch SIMD,6,147697,230501,361.1083,0.361108
18,28,110111010101010011,Sequencial,7,239675,260269,3251.06,3.25106
18,28,110111010101010011,PyTorch SIMD,7,239675,260269,534.4714,0.534471
18,29,010010101110011100,Sequencial,5,94716,195600,1489.2394,1.489239
18,29,010010101110011100,PyTorch SIMD,5,94716,195600,151.9313,0.151931
18,30,110101001100110001,Sequencial,6,129142,218455,1787.7912,1.787791
18,30,110101001100110001,PyTorch SIMD,6,129142,218455,353.0639,0.353064
18,31,110111110111011100,Sequencial,4,13616,74480,289.1448,0.289145
18,31,110111110111011100,PyTorch SIMD,4,13616,74480,31.9566,0.031957
18,32,000101000010101100,Sequencial,5,66802,167863,1031.6278,1.031628
18,32,000101000010101100,PyTorch SIMD,5,66802,167863,137.0143,0.137014
18,33,111000011111000011,Sequencial,3,2253,28654,45.0798,0.04508
18,33,111000011111000011,PyTorch SIMD,3,2253,28654,5.0815,0.005081
18,34,000100001100100101,Sequencial,5,31266,107732,509.8883,0.509888
18,34,000100001100100101,PyTorch SIMD,5,31266,107732,125.9862,0.125986
18,35,001110101110110111,Sequencial,5,60606,159819,978.1964,0.978196
18,35,001110101110110111,PyTorch SIMD,5,60606,159819,138.2271,0.138227
18,36,010010110000011100,Sequencial,4,23038,100558,393.2915,0.393291
18,36,010010110000011100,PyTorch SIMD,4,23038,100558,31.8475,0.031847
18,37,110110100100001111,Sequencial,5,88432,191553,1240.3917,1.240392
18,37,110110100100001111,PyTorch SIMD,5,88432,191553,143.9523,0.143952
18,38,100001100110101101,Sequencial,6,115084,209464,1652.5788,1.652579
18,38,100001100110101101,PyTorch SIMD,6,115084,209464,344.2231,0.344223
18,39,101110100110010011,Sequencial,6,173244,243183,2393.2587,2.393259
18,39,101110100110010011,PyTorch SIMD,6,173244,243183,354.2633,0.354263
18,40,110000100111110010,Sequencial,4,7064,49209,158.9652,0.158965
18,40,110000100111110010,PyTorch SIMD,4,7064,49209,27.7089,0.027709
18,41,110100101011000101,Sequencial,7,203467,252171,2793.0384,2.793038
18,41,110100101011000101,PyTorch SIMD,7,203467,252171,549.5236,0.549524
18,42,011000101100111010,Sequencial,5,48672,142433,830.7458,0.830746
18,42,011000101100111010,PyTorch SIMD,5,48672,142433,136.7703,0.13677
18,43,001001010000110110,Sequencial,5,62997,164133,1014.7808,1.014781
18,43,001001010000110110,PyTorch SIMD,5,62997,164133,137.5799,0.13758
18,44,110001101110100010,Sequencial,5,45428,136698,701.2403,0.70124
18,44,110001101110100010,PyTorch SIMD,5,45428,136698,132.2599,0.13226
18,45,001011010100100101,Sequencial,7,201069,251045,2918.4832,2.918483
18,45,001011010100100101,PyTorch SIMD,7,201069,251045,537.2719,0.537272
18,46,001001110110110011,Sequencial,5,79394,183398,1286.6035,1.286604
18,46,001001110110110011,PyTorch SIMD,5,79394,183398,146.1577,0.146158
18,47,111010101100111000,Sequencial,5,94614,195373,1360.2842,1.360284
18,47,111010101100111000,PyTorch SIMD,5,94614,195373,151.4943,0.151494
18,48,000100000010010010,Sequencial,4,6521,44618,125.4697,0.12547
18,48,000100000010010010,PyTorch SIMD,4,6521,44618,24.9933,0.024993
18,49,100101111101010011,Sequencial,6,168118,241104,2328.0536,2.328054
18,49,100101111101010011,PyTorch SIMD,6,168118,241104,374.381,0.374381
18,50,111010101000000100,Sequencial,5,55271,152948,902.6502,0.90265
18,50,111010101000000100,PyTorch SIMD,5,55271,152948,122.9883,0.122988
18,51,011101101000101100,Sequencial,5,68791,171690,1072.449,1.072449
18,51,011101101000101100,PyTorch SIMD,5,68791,171690,142.0173,0.142017
18,52,110011001010101110,Sequencial,6,166974,240196,2273.1677,2.273168
18,52,110011001010101110,PyTorch SIMD,6,166974,240196,386.3299,0.38633
18,53,101001011000000101,Sequencial,6,110124,204984,1684.0079,1.684008
18,53,101001011000000101,PyTorch SIMD,6,110124,204984,351.1177,0.351118
18,54,111010011111010000,Sequencial,4,12346,71022,269.6724,0.269672
18,54,111010011111010000,PyTorch SIMD,4,12346,71022,31.6968,0.031697
18,55,001111011100100101,Sequencial,5,31263,107656,521.2912,0.521291
18,55,001111011100100101,PyTorch SIMD,5,31263,107656,127.2395,0.12724
18,56,010011010111001001,Sequencial,6,113220,207812,1666.4074,1.666407
18,56,010011010111001001,PyTorch SIMD,6,113220,207812,352.4759,0.352476
18,57,001110111100010100,Sequencial,4,8255,51931,180.3732,0.180373
18,57,001110111100010100,PyTorch SIMD,4,8255,51931,30.9934,0.030993
18,58,111100101111001111,Sequencial,4,21158,97071,389.3399,0.38934
18,58,111100101111001111,PyTorch SIMD,4,21158,97071,35.7876,0.035788
18,59,110011110111011111,Sequencial,4,13624,74698,246.6889,0.246689
18,59,110011110111011111,PyTorch SIMD,4,13624,74698,25.9293,0.025929
18,60,000100111010011000,Sequencial,4,16898,86032,292.8307,0.292831
18,60,000100111010011000,PyTorch SIMD,4,16898,86032,26.6819,0.026682
18,61,101000010011110110,Sequencial,5,63129,164544,952.1877,0.952188
18,61,101000010011110110,PyTorch SIMD,5,63129,164544,136.7529,0.136753
18,62,001111101010101010,Sequencial,6,131073,218611,1854.7857,1.854786
18,62,001111101010101010,PyTorch SIMD,6,131073,218611,360.4585,0.360459
18,63,101000011110101000,Sequencial,5,60001,158889,1012.1966,1.012197
18,63,101000011110101000,PyTorch SIMD,5,60001,158889,142.5231,0.142523
18,64,001111111000011101,Sequencial,3,204,6126,4.7704,0.00477
18,64,001111111000011101,PyTorch SIMD,3,204,6126,4.5186,0.004519
18,65,100100110010001111,Sequencial,5,85928,189769,1255.4727,1.255473
18,65,100100110010001111,PyTorch SIMD,5,85928,189769,146.0933,0.146093
18,66,001010010010010011,Sequencial,6,169150,241539,2363.136,2.363136
18,66,001010010010010011,PyTorch SIMD,6,169150,241539,375.6173,0.375617
18,67,001110111101101011,Sequencial,5,51634,144554,853.4168,0.853417
18,67,001110111101101011,PyTorch SIMD,5,51634,144554,136.6472,0.136647
18,68,110010011011111001,Sequencial,5,37359,125213,601.9433,0.601943
18,68,110010011011111001,PyTorch SIMD,5,37359,125213,132.6999,0.1327
18,69,011000001100001111,Sequencial,3,2796,30309,56.3447,0.056345
18,69,011000001100001111,PyTorch SIMD,3,2796,30309,6.4942,0.006494
18,70,100011111101110111,Sequencial,4,10244,61550,245.1671,0.245167
18,70,100011111101110111,PyTorch SIMD,4,10244,61550,26.4845,0.026485
18,71,100100110001110000,Sequencial,4,25007,103554,410.2967,0.410297
18,71,100100110001110000,PyTorch SIMD,4,25007,103554,29.8274,0.029827
18,72,110000111100100111,Sequencial,4,14699,78425,255.5099,0.25551
18,72,110000111100100111,PyTorch SIMD,4,14699,78425,25.8848,0.025885
18,73,011011110001011010,Sequencial,5,45595,137229,729.3601,0.72936
18,73,011011110001011010,PyTorch SIMD,5,45595,137229,127.1639,0.127164
18,74,010001101111010000,Sequencial,4,12118,69445,230.2826,0.230283
18,74,010001101111010000,PyTorch SIMD,4,12118,69445,29.0463,0.029046
18,75,000011000111101101,Sequencial,4,4263,34334,79.7553,0.079755
18,75,000011000111101101,PyTorch SIMD,4,4263,34334,23.4588,0.023459
18,76,010101010100110100,Sequencial,7,232999,259231,3156.6432,3.156643
18,76,010101010100110100,PyTorch SIMD,7,232999,259231,557.6936,0.557694
18,77,111001011010111100,Sequencial,5,78519,181779,1303.888,1.303888
18,77,111001011010111100,PyTorch SIMD,5,78519,181779,145.7812,0.145781
18,78,101011110011001000,Sequencial,5,64815,166177,980.5259,0.980526
18,78,101011110011001000,PyTorch SIMD,5,64815,166177,138.9727,0.138973
18,79,110110111101100001,Sequencial,5,36531,123364,662.5163,0.662516
18,79,110110111101100001,PyTorch SIMD,5,36531,123364,128.2269,0.128227
18,80,000111101011100000,Sequencial,3,1134,17987,23.9471,0.023947
18,80,000111101011100000,PyTorch SIMD,3,1134,17987,4.8994,0.004899
18,81,001111100100100100,Sequencial,4,8341,52648,162.7331,0.162733
18,81,001111100100100100,PyTorch SIMD,4,8341,52648,26.4917,0.026492
18,82,010110010111001110,Sequencial,5,93301,195030,1342.3099,1.34231
18,82,010110010111001110,PyTorch SIMD,5,93301,195030,149.7873,0.149787
18,83,001010100111001111,Sequencial,5,97334,196819,1442.6404,1.44264
18,83,001010100111001111,PyTorch SIMD,5,97334,196819,153.7162,0.153716
18,84,011110101001101101,Sequencial,6,115939,210529,1608.4407,1.608441
18,84,011110101001101101,PyTorch SIMD,6,115939,210529,349.1242,0.349124
18,85,101010010000011001,Sequencial,6,127426,217998,1825.674,1.825674
18,85,101010010000011001,PyTorch SIMD,6,127426,217998,349.564,0.349564
18,86,101111101111001010,Sequencial,5,43844,132916,777.224,0.777224
18,86,101111101111001010,PyTorch SIMD,5,43844,132916,133.4331,0.133433
18,87,100001111111111110,Sequencial,2,19,2220,0.6463,0.000646
18,87,100001111111111110,PyTorch SIMD,2,19,2220,0.8265,0.000826
18,88,011100101100000110,Sequencial,4,21039,96901,374.5101,0.37451
18,88,011100101100000110,PyTorch SIMD,4,21039,96901,31.3388,0.031339
18,89,011010110100101001,Sequencial,7,205822,252796,2787.3185,2.787319
18,89,011010110100101001,PyTorch SIMD,7,205822,252796,533.9215,0.533921
18,90,010001010100110100,Sequencial,6,151766,233031,2167.5763,2.167576
18,90,010001010100110100,PyTorch SIMD,6,151766,233031,363.4729,0.363473
18,91,110101001111001110,Sequencial,5,99824,198063,1469.373,1.469373
18,91,110101001111001110,PyTorch SIMD,5,99824,198063,139.2701,0.13927
18,92,101110000011110101,Sequencial,5,31957,111423,569.8592,0.569859
18,92,101110000011110101,PyTorch SIMD,5,31957,111423,123.9755,0.123976
18,93,111101100001011111,Sequencial,4,13921,76657,261.241,0.261241
18,93,111101100001011111,PyTorch SIMD,4,13921,76657,29.2694,0.029269
18,94,000011000111010001,Sequencial,4,4263,34330,77.945,0.077945
18,94,000011000111010001,PyTorch SIMD,4,4263,34330,22.7072,0.022707
18,95,110010110100011010,Sequencial,6,140526,225939,1975.4205,1.975421
18,95,110010110100011010,PyTorch SIMD,6,140526,225939,353.3277,0.353328
18,96,000100010011011111,Sequencial,4,13689,74947,288.8505,0.28885
18,96,000100010011011111,PyTorch SIMD,4,13689,74947,31.1853,0.031185
18,97,010100101000100101,Sequencial,7,201194,251120,2710.5668,2.710567
18,97,010100101000100101,PyTorch SIMD,7,201194,251120,523.888,0.523888
18,98,011011100110100110,Sequencial,5,76771,180888,1259.7651,1.259765
18,98,011011100110100110,PyTorch SIMD,5,76771,180888,141.606,0.141606
18,99,011010111110100000,Sequencial,4,13834,75865,262.899,0.262899
18,99,011010111110100000,PyTorch SIMD,4,13834,75865,29.3152,0.029315
18,100,010101110011111011,Sequencial,5,57296,155877,853.4566,0.853457
18,100,010101110011111011,PyTorch SIMD,5,57296,155877,133.1592,0.133159
18,101,001000001001001110,Sequencial,4,15113,79399,340.6448,0.340645
18,101,001000001001001110,PyTorch SIMD,4,15113,79399,28.8297,0.02883
18,102,110100111011000000,Sequencial,4,18246,89849,314.3216,0.314322
18,102,110100111011000000,PyTorch SIMD,4,18246,89849,27.1207,0.027121
18,103,111110100110001100,Sequencial,4,22210,99254,364.7899,0.36479
18,103,111110100110001100,PyTorch SIMD,4,22210,99254,28.262,0.028262
18,104,100110100010100011,Sequencial,6,175554,244154,2369.8883,2.369888
18,104,100110100010100011,PyTorch SIMD,6,175554,244154,371.3876,0.371388
18,105,111001001001111010,Sequencial,5,47897,141365,798.8674,0.798867
18,105,111001001001111010,PyTorch SIMD,5,47897,141365,135.2704,0.13527
18,106,101010111001010110,Sequencial,7,236398,259855,3163.2653,3.163265
18,106,101010111001010110,PyTorch SIMD,7,236398,259855,551.1687,0.551169
18,107,100110010001110001,Sequencial,5,38936,128048,753.4032,0.753403
18,107,100110010001110001,PyTorch SIMD,5,38936,128048,134.2426,0.134243
18,108,001001011111101001,Sequencial,5,32883,113790,540.5238,0.540524
18,108,001001011111101001,PyTorch SIMD,5,32883,113790,127.1932,0.127193
18,109,100100000011110111,Sequencial,4,10755,64889,204.8664,0.204866
18,109,100100000011110111,PyTorch SIMD,4,10755,64889,26.0632,0.026063
18,110,110011000001111010,Sequencial,4,7882,51531,146.8414,0.146841
18,110,110011000001111010,PyTorch SIMD,4,7882,51531,24.1582,0.024158
18,111,001010101100100001,Sequencial,6,118812,212975,1695.7904,1.69579
18,111,001010101100100001,PyTorch SIMD,6,118812,212975,351.1838,0.351184
18,112,010101110001001111,Sequencial,5,81190,185538,1249.6165,1.249616
18,112,010101110001001111,PyTorch SIMD,5,81190,185538,143.3008,0.143301
18,113,010110001001000010,Sequencial,5,46046,137890,771.6663,0.771666
18,113,010110001001000010,PyTorch SIMD,5,46046,137890,129.9498,0.12995
18,114,100100101111010000,Sequencial,5,69345,172476,1026.4799,1.02648
18,114,100100101111010000,PyTorch SIMD,5,69345,172476,149.2218,0.149222
18,115,111100000101001111,Sequencial,4,15048,79204,276.5501,0.27655
18,115,111100000101001111,PyTorch SIMD,4,15048,79204,31.978,0.031978
18,116,100000111000000111,Sequencial,3,2138,27971,40.7499,0.04075
18,116,100000111000000111,PyTorch SIMD,3,2138,27971,5.8879,0.005888
18,117,110000000010101000,Sequencial,4,10069,59589,231.752,0.231752
18,117,110000000010101000,PyTorch SIMD,4,10069,59589,27.3287,0.027329
18,118,110010010010110101,Sequencial,7,202142,251653,2656.1947,2.656195
18,118,110010010010110101,PyTorch SIMD,7,202142,251653,525.3174,0.525317
18,119,000100000101001000,Sequencial,4,10159,60512,233.0317,0.233032
18,119,000100000101001000,PyTorch SIMD,4,10159,60512,36.3899,0.03639
18,120,000100001001110010,Sequencial,4,6907,47973,138.8519,0.138852
18,120,000100001001110010,PyTorch SIMD,4,6907,47973,26.0681,0.026068
18,121,110100110010100010,Sequencial,6,135940,223268,1941.3912,1.941391
18,121,110100110010100010,PyTorch SIMD,6,135940,223268,358.3177,0.358318
18,122,010101001110100101,Sequencial,7,201514,251279,2775.3217,2.775322
18,122,010101001110100101,PyTorch SIMD,7,201514,251279,534.5573,0.534557
18,123,000001100010110011,Sequencial,4,15750,82808,346.2038,0.346204
18,123,000001100010110011,PyTorch SIMD,4,15750,82808,31.7698,0.03177
18,124,110000101110001000,Sequencial,4,10476,63388,252.8766,0.252877
18,124,110000101110001000,PyTorch SIMD,4,10476,63388,25.6374,0.025637
18,125,101011100110011100,Sequencial,5,103149,198900,1460.8877,1.460888
18,125,101011100110011100,PyTorch SIMD,5,103149,198900,149.244,0.149244
18,126,011111100000000001,Sequencial,2,2,252,0.1075,0.000108
18,126,011111100000000001,PyTorch SIMD,2,2,252,0.8949,0.000895
18,127,100100110110011110,Sequencial,5,92867,194802,1385.0051,1.385005
18,127,100100110110011110,PyTorch SIMD,5,92867,194802,147.4141,0.147414
18,128,110100101111000011,Sequencial,5,95618,196318,1356.2051,1.356205
18,128,110100101111000011,PyTorch SIMD,5,95618,196318,149.2489,0.149249
18,129,000110111101101011,Sequencial,5,51634,144553,785.6296,0.78563
18,129,000110111101101011,PyTorch SIMD,5,51634,144553,133.6557,0.133656
18,130,100111100000111101,Sequencial,4,5373,42629,157.8255,0.157825
18,130,100111100000111101,PyTorch SIMD,4,5373,42629,26.0698,0.02607
18,131,110101010000110011,Sequencial,6,195283,249328,2563.5381,2.563538
18,131,110101010000110011,PyTorch SIMD,6,195283,249328,382.1127,0.382113
18,132,110001011010100010,Sequencial,6,135864,223136,1875.6206,1.875621
18,132,110001011010100010,PyTorch SIMD,6,135864,223136,358.3041,0.358304
18,133,110001011000110111,Sequencial,5,63856,165393,1026.7866,1.026787
18,133,110001011000110111,PyTorch SIMD,5,63856,165393,127.2877,0.127288
18,134,001010110010001000,Sequencial,5,61310,161372,887.8227,0.887823
18,134,001010110010001000,PyTorch SIMD,5,61310,161372,137.6938,0.137694
18,135,111000111111111110,Sequencial,2,49,3752,1.2491,0.001249
18,135,111000111111111110,PyTorch SIMD,2,49,3752,1.3207,0.001321
18,136,101100100110010001,Sequencial,6,116570,211179,1622.6524,1.622652
18,136,101100100110010001,PyTorch SIMD,6,116570,211179,349.7678,0.349768
18,137,101001100001100010,Sequencial,5,50366,143757,807.2603,0.80726
18,137,101001100001100010,PyTorch SIMD,5,50366,143757,136.6718,0.136672
18,138,001001100000100111,Sequencial,4,14054,77194,263.6855,0.263685
18,138,001001100000100111,PyTorch SIMD,4,14054,77194,29.0309,0.029031
18,139,100001010101111110,Sequencial,5,83370,186467,1199.4,1.1994
18,139,100001010101111110,PyTorch SIMD,5,83370,186467,151.0308,0.151031
18,140,101011101001111111,Sequencial,5,92830,194757,1262.9111,1.262911
18,140,101011101001111111,PyTorch SIMD,5,92830,194757,150.8731,0.150873
18,141,010100100101000011,Sequencial,6,181641,246177,2375.438,2.375438
18,141,010100100101000011,PyTorch SIMD,6,181641,246177,381.641,0.381641
18,142,110100100110011010,Sequencial,6,142640,226509,1934.7724,1.934772
18,142,110100100110011010,PyTorch SIMD,6,142640,226509,359.3584,0.359358
18,143,100100100101101000,Sequencial,6,161211,238050,2134.337,2.134337
18,143,100100100101101000,PyTorch SIMD,6,161211,238050,371.0958,0.371096
18,144,001010011010100011,Sequencial,6,175891,244319,2366.0385,2.366039
18,144,001010011010100011,PyTorch SIMD,6,175891,244319,374.3014,0.374301
18,145,100101110110111111,Sequencial,5,79314,183208,1161.6116,1.161612
18,145,100101110110111111,PyTorch SIMD,5,79314,183208,130.2613,0.130261
18,146,000110110100100001,Sequencial,5,34615,118297,582.3201,0.58232
18,146,000110110100100001,PyTorch SIMD,5,34615,118297,114.2179,0.114218
18,147,110111001000111001,Sequencial,5,38176,126800,584.8134,0.584813
18,147,110111001000111001,PyTorch SIMD,5,38176,126800,144.4795,0.144479
18,148,010110101001000010,Sequencial,6,137804,224526,1802.6016,1.802602
18,148,010110101001000010,PyTorch SIMD,6,137804,224526,362.5828,0.362583
18,149,000110000100111110,Sequencial,3,1150,18867,27.5673,0.027567
18,149,000110000100111110,PyTorch SIMD,3,1150,18867,6.7276,0.006728
18,150,101000100100110010,Sequencial,6,140351,225851,1927.5187,1.927519
18,150,101000100100110010,PyTorch SIMD,6,140351,225851,357.4595,0.357459
18,151,000011010001011100,Sequencial,4,13695,75148,281.3092,0.281309
18,151,000011010001011100,PyTorch SIMD,4,13695,75148,31.6836,0.031684
18,152,110101100100011000,Sequencial,5,89220,192272,1287.049,1.287049
18,152,110101100100011000,PyTorch SIMD,5,89220,192272,145.0261,0.145026
18,153,101000010111010100,Sequencial,6,145213,228703,1891.3125,1.891312
18,153,101000010111010100,PyTorch SIMD,6,145213,228703,359.0297,0.35903
18,154,001011001100011001,Sequencial,5,41178,130465,666.4668,0.666467
18,154,001011001100011001,PyTorch SIMD,5,41178,130465,133.1947,0.133195
18,155,110010001110000101,Sequencial,5,31776,110839,548.0458,0.548046
18,155,110010001110000101,PyTorch SIMD,5,31776,110839,125.8268,0.125827
18,156,111100110100111010,Sequencial,5,47653,141026,711.6864,0.711686
18,156,111100110100111010,PyTorch SIMD,5,47653,141026,135.3514,0.135351
18,157,100101111011011001,Sequencial,6,118315,212538,1594.5825,1.594582
18,157,100101111011011001,PyTorch SIMD,6,118315,212538,351.6461,0.351646
18,158,110110111111011010,Sequencial,5,45506,136927,777.6738,0.777674
18,158,110110111111011010,PyTorch SIMD,5,45506,136927,134.5055,0.134506
18,159,011100101011100111,Sequencial,5,88055,191188,1204.3846,1.204385
18,159,011100101011100111,PyTorch SIMD,5,88055,191188,149.6393,0.149639
18,160,000101010001100100,Sequencial,5,55841,153909,852.4625,0.852463
18,160,000101010001100100,PyTorch SIMD,5,55841,153909,135.8867,0.135887
18,161,010110010111001010,Sequencial,6,132635,221004,1749.7316,1.749732
18,161,010110010111001010,PyTorch SIMD,6,132635,221004,351.9805,0.35198
18,162,100000100111010011,Sequencial,5,69940,173320,1112.0893,1.112089
18,162,100000100111010011,PyTorch SIMD,5,69940,173320,142.0105,0.14201
18,163,111111100001011011,Sequencial,4,8370,53264,154.6777,0.154678
18,163,111111100001011011,PyTorch SIMD,4,8370,53264,24.9337,0.024934
18,164,101001001101010011,Sequencial,7,240964,260511,3014.7467,3.014747
18,164,101001001101010011,PyTorch SIMD,7,240964,260511,553.3229,0.553323
18,165,100111110010011111,Sequencial,4,17122,87057,368.0312,0.368031
18,165,100111110010011111,PyTorch SIMD,4,17122,87057,32.9059,0.032906
18,166,111010101010001111,Sequencial,6,186327,247463,2535.1384,2.535138
18,166,111010101010001111,PyTorch SIMD,6,186327,247463,381.241,0.381241
18,167,001101010010111100,Sequencial,5,79753,183751,1169.9513,1.169951
18,167,001101010010111100,PyTorch SIMD,5,79753,183751,145.0104,0.14501
18,168,100100000110000011,Sequencial,4,24997,103393,458.5147,0.458515
18,168,100100000110000011,PyTorch SIMD,4,24997,103393,30.5942,0.030594
18,169,110010111100010111,Sequencial,5,64246,165823,882.4334,0.882433
18,169,110010111100010111,PyTorch SIMD,5,64246,165823,133.8431,0.133843
18,170,010100100111111100,Sequencial,4,21834,97877,364.6023,0.364602
18,170,010100100111111100,PyTorch SIMD,4,21834,97877,32.4959,0.032496
18,171,011101011111000111,Sequencial,4,21765,97751,400.6781,0.400678
18,171,011101011111000111,PyTorch SIMD,4,21765,97751,27.8178,0.027818
18,172,001100111100111111,Sequencial,3,2666,29955,48.8049,0.048805
18,172,001100111100111111,PyTorch SIMD,3,2666,29955,5.0058,0.005006
18,173,011001001010111110,Sequencial,5,78570,181982,1054.1815,1.054182
18,173,011001001010111110,PyTorch SIMD,5,78570,181982,143.0184,0.143018
18,174,101011110110011101,Sequencial,6,126544,217730,1743.3031,1.743303
18,174,101011110110011101,PyTorch SIMD,6,126544,217730,357.5631,0.357563
18,175,101100011001000110,Sequencial,5,82272,186182,1203.6183,1.203618
18,175,101100011001000110,PyTorch SIMD,5,82272,186182,148.2742,0.148274
18,176,011110110000011111,Sequencial,3,1619,23931,33.4958,0.033496
18,176,011110110000011111,PyTorch SIMD,3,1619,23931,5.0386,0.005039
18,177,100110101111010010,Sequencial,6,135011,222649,1858.921,1.858921
18,177,100110101111010010,PyTorch SIMD,6,135011,222649,356.5973,0.356597
18,178,000001011101111111,Sequencial,3,1021,16729,24.0664,0.024066
18,178,000001011101111111,PyTorch SIMD,3,1021,16729,5.6906,0.005691
18,179,010111011100011000,Sequencial,4,21907,98292,405.601,0.405601
18,179,010111011100011000,PyTorch SIMD,4,21907,98292,33.5645,0.033564
18,180,000100000101101111,Sequencial,4,11892,67703,210.771,0.210771
18,180,000100000101101111,PyTorch SIMD,4,11892,67703,25.8456,0.025846
18,181,100000001010101111,Sequencial,5,66587,166931,919.6657,0.919666
18,181,100000001010101111,PyTorch SIMD,5,66587,166931,137.0408,0.137041
18,182,011100110000111000,Sequencial,3,2924,30613,106.9138,0.106914
18,182,011100110000111000,PyTorch SIMD,3,2924,30613,5.3903,0.00539
18,183,111111010101100001,Sequencial,5,36363,122495,548.7587,0.548759
18,183,111111010101100001,PyTorch SIMD,5,36363,122495,126.4012,0.126401
18,184,010011001111110000,Sequencial,3,2028,27091,40.1826,0.040183
18,184,010011001111110000,PyTorch SIMD,3,2028,27091,4.93,0.00493
18,185,111011100001010110,Sequencial,5,59962,158866,850.784,0.850784
18,185,111011100001010110,PyTorch SIMD,5,59962,158866,136.5158,0.136516
18,186,110101001110010110,Sequencial,6,165448,239547,2170.676,2.170676
18,186,110101001110010110,PyTorch SIMD,6,165448,239547,369.167,0.369167
18,187,101010111110001010,Sequencial,6,133237,221389,1807.3036,1.807304
18,187,101010111110001010,PyTorch SIMD,6,133237,221389,356.0366,0.356037
18,188,011010100001111011,Sequencial,5,56374,154824,915.0411,0.915041
18,188,011010100001111011,PyTorch SIMD,5,56374,154824,137.9972,0.137997
18,189,001100000101100100,Sequencial,4,8510,54488,159.5355,0.159536
18,189,001100000101100100,PyTorch SIMD,4,8510,54488,24.8814,0.024881
18,190,001000100111110111,Sequencial,4,10540,63628,188.2376,0.188238
18,190,001000100111110111,PyTorch SIMD,4,10540,63628,25.4228,0.025423
18,191,111000100010111001,Sequencial,5,35665,121437,533.5113,0.533511
18,191,111000100010111001,PyTorch SIMD,5,35665,121437,124.4907,0.124491
18,192,100100011110111101,Sequencial,5,35807,121895,598.4255,0.598426
18,192,100100011110111101,PyTorch SIMD,5,35807,121895,126.4507,0.126451
18,193,110001011110000110,Sequencial,4,22169,99214,365.1079,0.365108
18,193,110001011110000110,PyTorch SIMD,4,22169,99214,30.1647,0.030165
18,194,011011001111100001,Sequencial,4,5120,41350,90.5543,0.090554
18,194,011011001111100001,PyTorch SIMD,4,5120,41350,22.8468,0.022847
18,195,110100100000001100,Sequencial,4,21838,97980,349.6085,0.349608
18,195,110100100000001100,PyTorch SIMD,4,21838,97980,27.931,0.027931
18,196,110101111100101011,Sequencial,6,146108,229407,1888.5017,1.888502
18,196,110101111100101011,PyTorch SIMD,6,146108,229407,356.424,0.356424
18,197,110000000010000100,Sequencial,3,432,8512,10.3784,0.010378
18,197,110000000010000100,PyTorch SIMD,3,432,8512,5.8171,0.005817
18,198,011011100101000110,Sequencial,5,78666,182285,1159.7558,1.159756
18,198,011011100101000110,PyTorch SIMD,5,78666,182285,145.3066,0.145307
18,199,001111100101011011,Sequencial,5,52575,147198,808.0544,0.808054
18,199,001111100101011011,PyTorch SIMD,5,52575,147198,132.9418,0.132942
18,200,001000010011000101,Sequencial,5,31586,109818,489.1538,0.489154
18,200,001000010011000101,PyTorch SIMD,5,31586,109818,127.866,0.127866
18,201,111111111000111110,Sequencial,2,43,3588,1.1547,0.001155
18,201,111111111000111110,PyTorch SIMD,2,43,3588,0.8786,0.000879
18,202,001111000011001001,Sequencial,4,4168,33268,80.125,0.080125
18,202,001111000011001001,PyTorch SIMD,4,4168,33268,25.9759,0.025976
18,203,001000011111110110,Sequencial,3,559,10876,11.5062,0.011506
18,203,001000011111110110,PyTorch SIMD,3,559,10876,4.5883,0.004588
18,204,100100100001001010,Sequencial,6,131661,219794,1792.9366,1.792937
18,204,100100100001001010,PyTorch SIMD,6,131661,219794,354.2628,0.354263
18,205,000101000101100111,Sequencial,5,85055,188943,1225.1712,1.225171
18,205,000101000101100111,PyTorch SIMD,5,85055,188943,146.4485,0.146449
18,206,100001010001110100,Sequencial,5,55844,153989,822.7947,0.822795
18,206,100001010001110100,PyTorch SIMD,5,55844,153989,133.318,0.133318
18,207,101101000101111110,Sequencial,5,85149,189156,1204.473,1.204473
18,207,101101000101111110,PyTorch SIMD,5,85149,189156,146.7973,0.146797
18,208,110111101101011111,Sequencial,5,72938,175315,1022.2229,1.022223
18,208,110111101101011111,PyTorch SIMD,5,72938,175315,140.5478,0.140548
18,209,101011000010010101,Sequencial,7,199580,250178,2584.9569,2.584957
18,209,101011000010010101,PyTorch SIMD,7,199580,250178,534.6943,0.534694
18,210,010100001110110011,Sequencial,5,81574,185755,1209.1528,1.209153
18,210,010100001110110011,PyTorch SIMD,5,81574,185755,145.4625,0.145463
18,211,001010010011100001,Sequencial,5,38737,127435,648.6794,0.648679
18,211,001010010011100001,PyTorch SIMD,5,38737,127435,129.8852,0.129885
18,212,001010101101101101,Sequencial,7,209629,254115,2658.1845,2.658184
18,212,001010101101101101,PyTorch SIMD,7,209629,254115,540.5454,0.540545
18,213,101110011001111000,Sequencial,4,26970,105646,503.7978,0.503798
18,213,101110011001111000,PyTorch SIMD,4,26970,105646,36.5217,0.036522
18,214,101100101001110101,Sequencial,7,204070,252357,2646.9117,2.646912
18,214,101100101001110101,PyTorch SIMD,7,204070,252357,536.2418,0.536242
18,215,100001001110101011,Sequencial,6,144098,227218,1998.8772,1.998877
18,215,100001001110101011,PyTorch SIMD,6,144098,227218,375.1044,0.375104
18,216,111100111101001101,Sequencial,5,36000,122370,744.7882,0.744788
18,216,111100111101001101,PyTorch SIMD,5,36000,122370,133.7084,0.133708
18,217,001011110100111101,Sequencial,5,37411,125401,585.7304,0.58573
18,217,001011110100111101,PyTorch SIMD,5,37411,125401,128.3122,0.128312
18,218,111110000011010011,Sequencial,4,12678,72277,235.6386,0.235639
18,218,111110000011010011,PyTorch SIMD,4,12678,72277,27.4701,0.02747
18,219,001101010010101111,Sequencial,6,167365,240534,2223.6645,2.223665
18,219,001101010010101111,PyTorch SIMD,6,167365,240534,374.4568,0.374457
18,220,101000001100001110,Sequencial,4,25842,104406,468.8114,0.468811
18,220,101000001100001110,PyTorch SIMD,4,25842,104406,34.8065,0.034806
18,221,001100110111000111,Sequencial,4,20093,94528,333.7669,0.333767
18,221,001100110111000111,PyTorch SIMD,4,20093,94528,28.0321,0.028032
18,222,110000000110111000,Sequencial,3,924,16204,17.7983,0.017798
18,222,110000000110111000,PyTorch SIMD,3,924,16204,4.2782,0.004278
18,223,111101110000111010,Sequencial,4,7206,49993,127.1636,0.127164
18,223,111101110000111010,PyTorch SIMD,4,7206,49993,23.8428,0.023843
18,224,001000000010101100,Sequencial,4,11805,66967,266.43,0.26643
18,224,001000000010101100,PyTorch SIMD,4,11805,66967,25.6098,0.02561
18,225,000100010001110011,Sequencial,4,20709,95619,331.9706,0.331971
18,225,000100010001110011,PyTorch SIMD,4,20709,95619,27.746,0.027746
18,226,010010010010101010,Sequencial,7,218618,255798,2750.4689,2.750469
18,226,010010010010101010,PyTorch SIMD,7,218618,255798,551.1784,0.551178
18,227,101111000001111001,Sequencial,4,5293,42275,124.5569,0.124557
18,227,101111000001111001,PyTorch SIMD,4,5293,42275,27.6086,0.027609
18,228,100100111100010101,Sequencial,6,107119,200628,1543.3217,1.543322
18,228,100100111100010101,PyTorch SIMD,6,107119,200628,342.3462,0.342346
18,229,011100010111000101,Sequencial,5,31536,109695,535.1167,0.535117
18,229,011100010111000101,PyTorch SIMD,5,31536,109695,132.3176,0.132318
18,230,111110001011010000,Sequencial,4,11979,68592,231.4172,0.231417
18,230,111110001011010000,PyTorch SIMD,4,11979,68592,29.8148,0.029815
18,231,110011011100111101,Sequencial,5,39703,129008,638.3437,0.638344
18,231,110011011100111101,PyTorch SIMD,5,39703,129008,127.2009,0.127201
18,232,100010001010111000,Sequencial,5,78615,182094,1101.9802,1.10198
18,232,100010001010111000,PyTorch SIMD,5,78615,182094,145.5149,0.145515
18,233,100110111011101111,Sequencial,5,68174,170542,1035.2013,1.035201
18,233,100110111011101111,PyTorch SIMD,5,68174,170542,138.7498,0.13875
18,234,110001100000101110,Sequencial,4,12955,72779,237.3182,0.237318
18,234,110001100000101110,PyTorch SIMD,4,12955,72779,29.0294,0.029029
18,235,010000001111001011,Sequencial,4,9153,58395,161.0919,0.161092
18,235,010000001111001011,PyTorch SIMD,4,9153,58395,24.2422,0.024242
18,236,111110111110111101,Sequencial,4,4430,35755,79.6271,0.079627
18,236,111110111110111101,PyTorch SIMD,4,4430,35755,22.8134,0.022813
18,237,110000001111110011,Sequencial,3,2241,28537,42.0031,0.042003
18,237,110000001111110011,PyTorch SIMD,3,2241,28537,4.7807,0.004781
18,238,101111010110110010,Sequencial,6,137805,224540,1841.2758,1.841276
18,238,101111010110110010,PyTorch SIMD,6,137805,224540,362.2541,0.362254
18,239,110001001111100000,Sequencial,3,1599,23629,39.4526,0.039453
18,239,110001001111100000,PyTorch SIMD,3,1599,23629,6.1751,0.006175
18,240,010110000111101010,Sequencial,5,44104,133829,705.2582,0.705258
18,240,010110000111101010,PyTorch SIMD,5,44104,133829,134.1192,0.134119
18,241,101010111101110101,Sequencial,7,203097,252051,2595.039,2.595039
18,241,101010111101110101,PyTorch SIMD,7,203097,252051,542.4488,0.542449
18,242,011111010011001001,Sequencial,5,32836,113662,627.6667,0.627667
18,242,011111010011001001,PyTorch SIMD,5,32836,113662,129.7862,0.129786
18,243,000101111001111111,Sequencial,3,1704,24460,37.1165,0.037117
18,243,000101111001111111,PyTorch SIMD,3,1704,24460,5.2834,0.005283
18,244,001000101000110001,Sequencial,5,37961,125936,589.6313,0.589631
18,244,001000101000110001,PyTorch SIMD,5,37961,125936,126.5269,0.126527
18,245,100010011110010110,Sequencial,5,64508,166033,979.6047,0.979605
18,245,100010011110010110,PyTorch SIMD,5,64508,166033,138.2288,0.138229
18,246,101010010000110000,Sequencial,5,95171,195876,1300.5169,1.300517
18,246,101010010000110000,PyTorch SIMD,5,95171,195876,149.5915,0.149591
18,247,101101100110010011,Sequencial,6,174042,243300,2307.0838,2.307084
18,247,101101100110010011,PyTorch SIMD,6,174042,243300,371.8765,0.371877
18,248,101010010010101010,Sequencial,8,255797,261870,3260.4432,3.260443
18,248,101010010010101010,PyTorch SIMD,8,255797,261870,612.9154,0.612915
18,249,011011101000111001,Sequencial,5,38128,126668,667.1154,0.667115
18,249,011011101000111001,PyTorch SIMD,5,38128,126668,152.9378,0.152938
18,250,011001000001101100,Sequencial,4,12270,70551,279.6239,0.279624
18,250,011001000001101100,PyTorch SIMD,4,12270,70551,28.2484,0.028248
19,1,1010110011110100101,Sequencial,7,358984,484773,5233.0573,5.233057
19,1,1010110011110100101,PyTorch SIMD,7,358984,484773,1287.6342,1.287634
19,2,1100111000101101011,Sequencial,6,238975,420368,3791.6755,3.791676
19,2,1100111000101101011,PyTorch SIMD,6,238975,420368,749.7745,0.749774
19,3,1100110111110111100,Sequencial,4,19780,120933,548.0015,0.548001
19,3,1100110111110111100,PyTorch SIMD,4,19780,120933,40.3277,0.040328
19,4,0010010001000011001,Sequencial,5,53235,202854,926.2987,0.926299
19,4,0010010001000011001,PyTorch SIMD,5,53235,202854,213.2517,0.213252
19,5,0100100010000010100,Sequencial,5,75014,240068,1315.5622,1.315562
19,5,0100100010000010100,PyTorch SIMD,5,75014,240068,221.7003,0.2217
19,6,1110010010000000000,Sequencial,3,1542,27009,37.1455,0.037146
19,6,1110010010000000000,PyTorch SIMD,3,1542,27009,6.0008,0.006001
19,7,0100101010010011011,Sequencial,7,430885,510545,6314.1945,6.314195
19,7,0100101010010011011,PyTorch SIMD,7,430885,510545,1330.6327,1.330633
19,8,0111111011101010001,Sequencial,5,46985,182959,977.0088,0.977009
19,8,0111111011101010001,PyTorch SIMD,5,46985,182959,209.8647,0.209865
19,9,0010010010011101010,Sequencial,6,216137,403308,3337.007,3.337007
19,9,0010010010011101010,PyTorch SIMD,6,216137,403308,722.645,0.722645
19,10,1001111100100011000,Sequencial,4,24008,137351,557.0668,0.557067
19,10,1001111100100011000,PyTorch SIMD,4,24008,137351,44.7376,0.044738
19,11,0000001000101010100,Sequencial,5,74737,237837,1286.5879,1.286588
19,11,0000001000101010100,PyTorch SIMD,5,74737,237837,225.6674,0.225667
19,12,1100110001111000101,Sequencial,5,45250,177743,850.9254,0.850925
19,12,1100110001111000101,PyTorch SIMD,5,45250,177743,212.354,0.212354
19,13,1000110101001100100,Sequencial,6,253704,434265,3855.9447,3.855945
19,13,1000110101001100100,PyTorch SIMD,6,253704,434265,740.9806,0.740981
19,14,1111100110000001010,Sequencial,4,8116,63407,214.654,0.214654
19,14,1111100110000001010,PyTorch SIMD,4,8116,63407,38.3331,0.038333
19,15,1111111100101110100,Sequencial,4,10774,78660,252.2295,0.25223
19,15,1111111100101110100,PyTorch SIMD,4,10774,78660,35.3119,0.035312
19,16,1001011000111010011,Sequencial,6,296209,460116,4493.1176,4.493118
19,16,1001011000111010011,PyTorch SIMD,6,296209,460116,774.655,0.774655
19,17,1101011110001101100,Sequencial,5,104667,296044,1851.5023,1.851502
19,17,1101011110001101100,PyTorch SIMD,5,104667,296044,235.9713,0.235971
19,18,0111001010100101010,Sequencial,7,398611,499529,5905.0199,5.90502
19,18,0111001010100101010,PyTorch SIMD,7,398611,499529,1294.1283,1.294128
19,19,0001100100001011111,Sequencial,4,17691,112166,458.6197,0.45862
19,19,0001100100001011111,PyTorch SIMD,4,17691,112166,40.4914,0.040491
19,20,1011111010010100000,Sequencial,5,108214,298502,1805.191,1.805191
19,20,1011111010010100000,PyTorch SIMD,5,108214,298502,236.1467,0.236147
19,21,0110111000110011000,Sequencial,4,34655,163982,696.9652,0.696965
19,21,0110111000110011000,PyTorch SIMD,4,34655,163982,45.2319,0.045232
19,22,1000100100110100001,Sequencial,6,189795,383774,2895.6469,2.895647
19,22,1000100100110100001,PyTorch SIMD,6,189795,383774,709.1625,0.709162
19,23,0100011000111011011,Sequencial,5,76640,245542,1442.3652,1.442365
19,23,0100011000111011011,PyTorch SIMD,5,76640,245542,222.2216,0.222222
19,24,1010101011010101100,Sequencial,8,514884,523952,7490.9474,7.490947
19,24,1010101011010101100,PyTorch SIMD,8,514884,523952,1576.4651,1.576465
19,25,0101001000101010101,Sequencial,8,480543,519368,7214.8312,7.214831
19,25,0101001000101010101,PyTorch SIMD,8,480543,519368,1559.3649,1.559365
19,26,0010110110110001010,Sequencial,6,215724,402743,3418.1017,3.418102
19,26,0010110110110001010,PyTorch SIMD,6,215724,402743,719.4267,0.719427
19,27,0001010110101010100,Sequencial,7,417793,505447,6264.7884,6.264788
19,27,0001010110101010100,PyTorch SIMD,7,417793,505447,1320.4443,1.320444
19,28,1000000100001000110,Sequencial,4,19689,120034,566.3718,0.566372
19,28,1000000100001000110,PyTorch SIMD,4,19689,120034,40.0312,0.040031
19,29,1101101100111010111,Sequencial,6,264861,441399,4002.7757,4.002776
19,29,1101101100111010111,PyTorch SIMD,6,264861,441399,761.87,0.76187
19,30,1000100010100111101,Sequencial,6,199264,392025,3190.0597,3.19006
19,30,1000100010100111101,PyTorch SIMD,6,199264,392025,715.1591,0.715159
19,31,1100100100100001100,Sequencial,5,133439,332891,2267.9713,2.267971
19,31,1100100100100001100,PyTorch SIMD,5,133439,332891,233.2217,0.233222
19,32,0011010001010011011,Sequencial,6,248929,430519,3877.7108,3.877711
19,32,0011010001010011011,PyTorch SIMD,6,248929,430519,734.1087,0.734109
19,33,0001000011101010001,Sequencial,5,46989,183102,948.2912,0.948291
19,33,0001000011101010001,PyTorch SIMD,5,46989,183102,213.1242,0.213124
19,34,0111110110001000010,Sequencial,4,8388,65987,189.5141,0.189514
19,34,0111110110001000010,PyTorch SIMD,4,8388,65987,35.9893,0.035989
19,35,1001111101001010101,Sequencial,7,354575,480813,5382.5879,5.382588
19,35,1001111101001010101,PyTorch SIMD,7,354575,480813,1286.6332,1.286633
19,36,0001100010111000011,Sequencial,4,25828,143334,683.3065,0.683306
19,36,0001100010111000011,PyTorch SIMD,4,25828,143334,44.8392,0.044839
19,37,1001111100101100111,Sequencial,5,130968,330312,2074.6059,2.074606
19,37,1001111100101100111,PyTorch SIMD,5,130968,330312,252.0473,0.252047
19,38,0010010000111111111,Sequencial,3,1923,31743,106.0797,0.10608
19,38,0010010000111111111,PyTorch SIMD,3,1923,31743,6.089,0.006089
19,39,0101011100100001000,Sequencial,5,90492,272613,1499.5358,1.499536
19,39,0101011100100001000,PyTorch SIMD,5,90492,272613,232.8955,0.232895
19,40,1000000000101001111,Sequencial,4,19417,117650,469.7086,0.469709
19,40,1000000000101001111,PyTorch SIMD,4,19417,117650,39.7111,0.039711
19,41,0110011111010110100,Sequencial,5,77116,246229,1258.9404,1.25894
19,41,0110011111010110100,PyTorch SIMD,5,77116,246229,228.4036,0.228404
19,42,0110100110010011110,Sequencial,5,129248,329204,2099.7149,2.099715
19,42,0110100110010011110,PyTorch SIMD,5,129248,329204,245.6354,0.245635
19,43,0111100111000001110,Sequencial,3,3617,42914,84.3246,0.084325
19,43,0111100111000001110,PyTorch SIMD,3,3617,42914,6.9795,0.00698
19,44,1110010100111011110,Sequencial,5,111713,306507,1852.1444,1.852144
19,44,1110010100111011110,PyTorch SIMD,5,111713,306507,241.0704,0.24107
19,45,0010000101100110100,Sequencial,5,80959,256355,1445.3709,1.445371
19,45,0010000101100110100,PyTorch SIMD,5,80959,256355,226.1594,0.226159
19,46,0111010001111010111,Sequencial,5,87521,265085,1465.8945,1.465895
19,46,0111010001111010111,PyTorch SIMD,5,87521,265085,228.1536,0.228154
19,47,0011011100100111001,Sequencial,5,52279,200918,981.8706,0.981871
19,47,0011011100100111001,PyTorch SIMD,5,52279,200918,212.4861,0.212486
19,48,1100110000100101001,Sequencial,6,177842,367917,2831.1421,2.831142
19,48,1100110000100101001,PyTorch SIMD,6,177842,367917,703.6757,0.703676
19,49,1100100011000111000,Sequencial,4,33690,162432,737.4157,0.737416
19,49,1100100011000111000,PyTorch SIMD,4,33690,162432,43.1085,0.043108
19,50,1011101011000010011,Sequencial,6,292934,459161,4391.349,4.391349
19,50,1011101011000010011,PyTorch SIMD,6,292934,459161,765.6153,0.765615
19,51,1111001011100110010,Sequencial,5,70193,234884,1352.1502,1.35215
19,51,1111001011100110010,PyTorch SIMD,5,70193,234884,222.4203,0.22242
19,52,1011101010011101010,Sequencial,7,403210,501886,6052.4711,6.052471
19,52,1011101010011101010,PyTorch SIMD,7,403210,501886,1324.4046,1.324405
19,53,1110101111001011001,Sequencial,6,190460,384407,3100.6822,3.100682
19,53,1110101111001011001,PyTorch SIMD,6,190460,384407,716.3498,0.71635
19,54,1011000011011010111,Sequencial,6,263057,439241,4168.1203,4.16812
19,54,1011000011011010111,PyTorch SIMD,6,263057,439241,772.8132,0.772813
19,55,1110001101100110001,Sequencial,5,54638,206372,1144.3879,1.144388
19,55,1110001101100110001,PyTorch SIMD,5,54638,206372,198.226,0.198226
19,56,1110011110111110010,Sequencial,4,8665,68962,193.0636,0.193064
19,56,1110011110111110010,PyTorch SIMD,4,8665,68962,34.6989,0.034699
19,57,1111011000110111111,Sequencial,4,19953,122237,410.6565,0.410657
19,57,1111011000110111111,PyTorch SIMD,4,19953,122237,37.7479,0.037748
19,58,0001101010101010110,Sequencial,7,437177,511445,6598.1566,6.598157
19,58,0001101010101010110,PyTorch SIMD,7,437177,511445,1338.6296,1.33863
19,59,0010111010010111011,Sequencial,6,246765,428868,3961.276,3.961276
19,59,0010111010010111011,PyTorch SIMD,6,246765,428868,748.5718,0.748572
19,60,0101011100111010110,Sequencial,6,265123,441551,4201.8229,4.201823
19,60,0101011100111010110,PyTorch SIMD,6,265123,441551,752.8613,0.752861
19,61,1001011001001000011,Sequencial,6,314720,470062,4917.5951,4.917595
19,61,1001011001001000011,PyTorch SIMD,6,314720,470062,788.1334,0.788133
19,62,1010111110000110011,Sequencial,5,162623,353540,2706.3514,2.706351
19,62,1010111110000110011,PyTorch SIMD,5,162623,353540,262.8514,0.262851
19,63,1110101101110111001,Sequencial,6,193147,386924,3050.0087,3.050009
19,63,1110101101110111001,PyTorch SIMD,6,193147,386924,716.1012,0.716101
19,64,0000100101110110011,Sequencial,5,119120,316098,2037.731,2.037731
19,64,0000100101110110011,PyTorch SIMD,5,119120,316098,242.3682,0.242368
19,65,0000101001011110000,Sequencial,4,23510,134063,552.5966,0.552597
19,65,0000101001011110000,PyTorch SIMD,4,23510,134063,40.1731,0.040173
19,66,1110001101100100000,Sequencial,4,17611,111585,348.737,0.348737
19,66,1110001101100100000,PyTorch SIMD,4,17611,111585,39.4365,0.039437
19,67,0011111011110001011,Sequencial,4,11133,82078,223.3651,0.223365
19,67,0011111011110001011,PyTorch SIMD,4,11133,82078,33.1962,0.033196
19,68,0100001011110110110,Sequencial,5,88577,267600,1472.5383,1.472538
19,68,0100001011110110110,PyTorch SIMD,5,88577,267600,225.1273,0.225127
19,69,1111001001100010101,Sequencial,6,170109,356635,2729.1819,2.729182
19,69,1111001001100010101,PyTorch SIMD,6,170109,356635,695.3236,0.695324
19,70,0000011101011000100,Sequencial,4,10854,79076,281.0886,0.281089
19,70,0000011101011000100,PyTorch SIMD,4,10854,79076,39.1946,0.039195
19,71,0000000010111110101,Sequencial,4,5042,44239,115.6511,0.115651
19,71,0000000010111110101,PyTorch SIMD,4,5042,44239,33.5765,0.033577
19,72,0001001110000100101,Sequencial,5,43896,171134,857.6525,0.857653
19,72,0001001110000100101,PyTorch SIMD,5,43896,171134,206.9515,0.206951
19,73,1100000111001010001,Sequencial,5,47002,183408,870.3874,0.870387
19,73,1100000111001010001,PyTorch SIMD,5,47002,183408,209.6313,0.209631
19,74,1011100110100010001,Sequencial,6,184241,377263,2897.8298,2.89783
19,74,1011100110100010001,PyTorch SIMD,6,184241,377263,707.4263,0.707426
19,75,0101101101100001001,Sequencial,6,180387,372421,2912.4319,2.912432
19,75,0101101101100001001,PyTorch SIMD,6,180387,372421,704.3869,0.704387
19,76,0100100110101101111,Sequencial,6,285357,454352,4501.8481,4.501848
19,76,0100100110101101111,PyTorch SIMD,6,285357,454352,774.2182,0.774218
19,77,1101001011100010000,Sequencial,5,102800,293460,1841.5014,1.841501
19,77,1101001011100010000,PyTorch SIMD,5,102800,293460,238.2861,0.238286
19,78,0111101001101010000,Sequencial,5,98397,283466,1644.8041,1.644804
19,78,0111101001101010000,PyTorch SIMD,5,98397,283466,235.9426,0.235943
19,79,1110001001100001111,Sequencial,4,30934,156869,676.5196,0.67652
19,79,1110001001100001111,PyTorch SIMD,4,30934,156869,44.0707,0.044071
19,80,0011100101010100001,Sequencial,6,187785,380275,2936.583,2.936583
19,80,0011100101010100001,PyTorch SIMD,6,187785,380275,711.0914,0.711091
19,81,0100011100010011011,Sequencial,5,78539,250990,1417.4068,1.417407
19,81,0100011100010011011,PyTorch SIMD,5,78539,250990,224.6356,0.224636
19,82,0101110110010000001,Sequencial,5,51058,197285,972.4719,0.972472
19,82,0101110110010000001,PyTorch SIMD,5,51058,197285,212.8326,0.212833
19,83,0101100010010110100,Sequencial,6,246790,428907,3837.0249,3.837025
19,83,0101100010010110100,PyTorch SIMD,6,246790,428907,760.3774,0.760377
19,84,0111000000000011111,Sequencial,2,54,4634,2.3299,0.00233
19,84,0111000000000011111,PyTorch SIMD,2,54,4634,1.5114,0.001511
19,85,1100001101011100011,Sequencial,5,132839,332286,2283.1214,2.283121
19,85,1100001101011100011,PyTorch SIMD,5,132839,332286,249.0257,0.249026
19,86,0100110100101011100,Sequencial,6,298842,461993,4618.1093,4.618109
19,86,0100110100101011100,PyTorch SIMD,6,298842,461993,781.257,0.781257
19,87,0101100101101110111,Sequencial,6,269509,444962,4228.062,4.228062
19,87,0101100101101110111,PyTorch SIMD,6,269509,444962,771.3936,0.771394
19,88,0110100010010110000,Sequencial,5,119123,316134,2046.8025,2.046802
19,88,0110100010010110000,PyTorch SIMD,5,119123,316134,245.5568,0.245557
19,89,0010110010011100011,Sequencial,5,146456,345451,2366.38,2.36638
19,89,0010110010011100011,PyTorch SIMD,5,146456,345451,260.9162,0.260916
19,90,1010000010000000011,Sequencial,4,27236,146855,638.254,0.638254
19,90,1010000010000000011,PyTorch SIMD,4,27236,146855,41.5926,0.041593
19,91,1100101101100110010,Sequencial,6,233048,416753,3586.2941,3.586294
19,91,1100101101100110010,PyTorch SIMD,6,233048,416753,740.5358,0.740536
19,92,1111101111000101111,Sequencial,4,15771,104514,443.9951,0.443995
19,92,1111101111000101111,PyTorch SIMD,4,15771,104514,45.3719,0.045372
19,93,1011001001001110100,Sequencial,6,253995,434483,3923.8257,3.923826
19,93,1011001001001110100,PyTorch SIMD,6,253995,434483,742.7769,0.742777
19,94,0000101001000001000,Sequencial,4,13231,91203,341.1733,0.341173
19,94,0000101001000001000,PyTorch SIMD,4,13231,91203,38.998,0.038998
19,95,1011111110100100011,Sequencial,5,109654,302592,1861.6909,1.861691
19,95,1011111110100100011,PyTorch SIMD,5,109654,302592,241.7594,0.241759
19,96,1000010111001100101,Sequencial,6,175218,366293,2864.6444,2.864644
19,96,1000010111001100101,PyTorch SIMD,6,175218,366293,709.8926,0.709893
19,97,1110101111001100111,Sequencial,5,157305,351794,2594.3611,2.594361
19,97,1110101111001100111,PyTorch SIMD,5,157305,351794,252.5749,0.252575
19,98,1000111011010111011,Sequencial,6,245893,427465,3817.4231,3.817423
19,98,1000111011010111011,PyTorch SIMD,6,245893,427465,745.7021,0.745702
19,99,1100010011011111111,Sequencial,4,23606,135132,620.7526,0.620753
19,99,1100010011011111111,PyTorch SIMD,4,23606,135132,40.8415,0.040841
19,100,0100001111100111111,Sequencial,3,2422,37056,53.6914,0.053691
19,100,0100001111100111111,PyTorch SIMD,3,2422,37056,8.105,0.008105
19,101,0101101110000100100,Sequencial,5,76438,244835,1280.0452,1.280045
19,101,0101101110000100100,PyTorch SIMD,5,76438,244835,226.7864,0.226786
19,102,1010001110101110101,Sequencial,7,361098,486366,5478.3897,5.47839
19,102,1010001110101110101,PyTorch SIMD,7,361098,486366,1291.509,1.291509
19,103,1111101101011000000,Sequencial,4,23327,132522,636.6024,0.636602
19,103,1111101101011000000,PyTorch SIMD,4,23327,132522,45.1569,0.045157
19,104,0100111010110001110,Sequencial,5,139035,338446,2200.8555,2.200856
19,104,0100111010110001110,PyTorch SIMD,5,139035,338446,258.7478,0.258748
19,105,1101010000011000101,Sequencial,6,175497,366453,2800.0648,2.800065
19,105,1101010000011000101,PyTorch SIMD,6,175497,366453,709.7057,0.709706
19,106,1011011110011100000,Sequencial,4,33098,160921,794.5681,0.794568
19,106,1011011110011100000,PyTorch SIMD,4,33098,160921,45.6493,0.045649
19,107,0111010100001011011,Sequencial,6,244297,426429,3846.9229,3.846923
19,107,0111010100001011011,PyTorch SIMD,6,244297,426429,746.2787,0.746279
19,108,0101110010100010100,Sequencial,6,239049,420462,3803.7346,3.803735
19,108,0101110010100010100,PyTorch SIMD,6,239049,420462,747.4749,0.747475
19,109,0110001110111010011,Sequencial,5,101522,291240,1794.7249,1.794725
19,109,0110001110111010011,PyTorch SIMD,5,101522,291240,236.8464,0.236846
19,110,1100000001000010001,Sequencial,4,5265,47206,120.3293,0.120329
19,110,1100000001000010001,PyTorch SIMD,4,5265,47206,36.1546,0.036155
19,111,1101101001111101001,Sequencial,6,181146,373274,2886.2679,2.886268
19,111,1101101001111101001,PyTorch SIMD,6,181146,373274,713.507,0.713507
19,112,0111101001000110101,Sequencial,6,173530,363859,2879.8411,2.879841
19,112,0111101001000110101,PyTorch SIMD,6,173530,363859,706.4242,0.706424
19,113,1100011110010110011,Sequencial,5,124059,321764,2152.9554,2.152955
19,113,1100011110010110011,PyTorch SIMD,5,124059,321764,232.9538,0.232954
19,114,0100110010111110110,Sequencial,5,91458,274901,1535.806,1.535806
19,114,0100110010111110110,PyTorch SIMD,5,91458,274901,217.6835,0.217684
19,115,0011100011000110010,Sequencial,4,9543,74050,262.9532,0.262953
19,115,0011100011000110010,PyTorch SIMD,4,9543,74050,33.161,0.033161
19,116,1001100001010111101,Sequencial,6,192419,386099,3061.7471,3.061747
19,116,1001100001010111101,PyTorch SIMD,6,192419,386099,718.1875,0.718187
19,117,1110011011010010001,Sequencial,6,183583,375980,2961.1023,2.961102
19,117,1110011011010010001,PyTorch SIMD,6,183583,375980,706.4821,0.706482
19,118,0101011110011110000,Sequencial,4,33006,160442,775.6283,0.775628
19,118,0101011110011110000,PyTorch SIMD,4,33006,160442,45.0365,0.045037
19,119,0011001011000001010,Sequencial,5,62772,216723,1050.2424,1.050242
19,119,0011001011000001010,PyTorch SIMD,5,62772,216723,212.872,0.212872
19,120,0011101000111101100,Sequencial,4,15689,103947,390.8358,0.390836
19,120,0011101000111101100,PyTorch SIMD,4,15689,103947,37.2146,0.037215
19,121,0100101001010000100,Sequencial,6,248890,430353,3771.1737,3.771174
19,121,0100101001010000100,PyTorch SIMD,6,248890,430353,749.8828,0.749883
19,122,0101011100111011001,Sequencial,6,190763,384637,3099.37,3.09937
19,122,0101011100111011001,PyTorch SIMD,6,190763,384637,715.5947,0.715595
19,123,0000110010010011100,Sequencial,4,21524,126746,559.5999,0.5596
19,123,0000110010010011100,PyTorch SIMD,4,21524,126746,37.9893,0.037989
19,124,1101010110001101110,Sequencial,6,294101,459579,4507.8711,4.507871
19,124,1101010110001101110,PyTorch SIMD,6,294101,459579,778.1107,0.778111
19,125,1111000000100001111,Sequencial,3,1315,25003,41.8012,0.041801
19,125,1111000000100001111,PyTorch SIMD,3,1315,25003,7.2201,0.00722
19,126,0101101111101111000,Sequencial,4,21770,128434,514.0321,0.514032
19,126,0101101111101111000,PyTorch SIMD,4,21770,128434,40.7855,0.040786
19,127,0111101010101010101,Sequencial,8,480493,519265,7243.7313,7.243731
19,127,0111101010101010101,PyTorch SIMD,8,480493,519265,1556.4022,1.556402
19,128,0011111000001001000,Sequencial,3,618,13003,22.1456,0.022146
19,128,0011111000001001000,PyTorch SIMD,3,618,13003,9.556,0.009556
19,129,0110011000101000010,Sequencial,5,65739,224877,1327.4475,1.327447
19,129,0110011000101000010,PyTorch SIMD,5,65739,224877,219.8767,0.219877
19,130,0110100110100100100,Sequencial,6,243457,425438,3789.2925,3.789292
19,130,0110100110100100100,PyTorch SIMD,6,243457,425438,746.5826,0.746583
19,131,1110110001101100010,Sequencial,5,66994,228750,1246.6571,1.246657
19,131,1110110001101100010,PyTorch SIMD,5,66994,228750,219.8949,0.219895
19,132,1100111010010110011,Sequencial,6,316818,471001,4810.8232,4.810823
19,132,1100111010010110011,PyTorch SIMD,6,316818,471001,788.7043,0.788704
19,133,0110001001111010101,Sequencial,6,170112,356660,2813.6461,2.813646
19,133,0110001001111010101,PyTorch SIMD,6,170112,356660,700.852,0.700852
19,134,1001010110011101100,Sequencial,6,294167,459641,4650.5087,4.650509
19,134,1001010110011101100,PyTorch SIMD,6,294167,459641,773.4393,0.773439
19,135,0011011011001010000,Sequencial,5,98329,282949,1731.5764,1.731576
19,135,0011011011001010000,PyTorch SIMD,5,98329,282949,234.5149,0.234515
19,136,1111111100011001110,Sequencial,3,3020,40962,72.4012,0.072401
19,136,1111111100011001110,PyTorch SIMD,3,3020,40962,6.5908,0.006591
19,137,1101010100101111111,Sequencial,6,325572,474339,4918.6737,4.918674
19,137,1101010100101111111,PyTorch SIMD,6,325572,474339,784.7419,0.784742
19,138,0101010110100110000,Sequencial,6,333568,476962,5174.1393,5.174139
19,138,0101010110100110000,PyTorch SIMD,6,333568,476962,787.8547,0.787855
19,139,0011010110111011001,Sequencial,6,188939,382559,3109.0635,3.109064
19,139,0011010110111011001,PyTorch SIMD,6,188939,382559,708.4925,0.708493
19,140,1011011010010110111,Sequencial,7,443120,513587,6753.3452,6.753345
19,140,1011011010010110111,PyTorch SIMD,7,443120,513587,1347.3357,1.347336
19,141,0110110110010111010,Sequencial,6,225868,412433,3620.1025,3.620102
19,141,0110110110010111010,PyTorch SIMD,6,225868,412433,732.7863,0.732786
19,142,1001010011101110101,Sequencial,7,361772,486789,5581.0675,5.581068
19,142,1001010011101110101,PyTorch SIMD,7,361772,486789,1288.2825,1.288283
19,143,1101010110011111001,Sequencial,6,208236,397322,3380.1546,3.380155
19,143,1101010110011111001,PyTorch SIMD,6,208236,397322,721.0942,0.721094
19,144,1110001101010011010,Sequencial,6,227310,413375,3699.9008,3.699901
19,144,1110001101010011010,PyTorch SIMD,6,227310,413375,757.9706,0.757971
19,145,1001000000100000100,Sequencial,4,10859,79313,284.6609,0.284661
19,145,1001000000100000100,PyTorch SIMD,4,10859,79313,38.2217,0.038222
19,146,0111100111001001111,Sequencial,4,20730,124994,445.119,0.445119
19,146,0111100111001001111,PyTorch SIMD,4,20730,124994,38.9704,0.03897
19,147,1111101000011100010,Sequencial,4,8926,71059,237.1451,0.237145
19,147,1111101000011100010,PyTorch SIMD,4,8926,71059,36.5798,0.03658
19,148,0010000101110010101,Sequencial,6,170001,356088,2607.9951,2.607995
19,148,0010000101110010101,PyTorch SIMD,6,170001,356088,708.874,0.708874
19,149,1001001000001010000,Sequencial,5,98392,283306,1748.1972,1.748197
19,149,1001001000001010000,PyTorch SIMD,5,98392,283306,232.594,0.232594
19,150,1100000001100111011,Sequencial,4,11908,86324,268.6034,0.268603
19,150,1100000001100111011,PyTorch SIMD,4,11908,86324,36.3187,0.036319
19,151,1100011101010100010,Sequencial,6,221547,407914,3394.1308,3.394131
19,151,1100011101010100010,PyTorch SIMD,6,221547,407914,725.6402,0.72564
19,152,0001101100001101010,Sequencial,5,62890,217261,1256.9005,1.256901
19,152,0001101100001101010,PyTorch SIMD,5,62890,217261,214.9437,0.214944
19,153,0011000011101001110,Sequencial,4,20855,125088,436.7835,0.436783
19,153,0011000011101001110,PyTorch SIMD,4,20855,125088,41.1743,0.041174
19,154,0111000001111110011,Sequencial,3,2682,39454,58.1372,0.058137
19,154,0111000001111110011,PyTorch SIMD,3,2682,39454,7.8774,0.007877
19,155,0101000001110011000,Sequencial,4,34319,162740,680.0138,0.680014
19,155,0101000001110011000,PyTorch SIMD,4,34319,162740,44.3305,0.044331
19,156,0001000100001011110,Sequencial,4,17683,111826,335.6238,0.335624
19,156,0001000100001011110,PyTorch SIMD,4,17683,111826,35.6754,0.035675
19,157,0101001100000101111,Sequencial,5,105222,296607,1701.4974,1.701497
19,157,0101001100000101111,PyTorch SIMD,5,105222,296607,233.3224,0.233322
19,158,0001110000111011110,Sequencial,3,918,19195,23.2176,0.023218
19,158,0001110000111011110,PyTorch SIMD,3,918,19195,5.9094,0.005909
19,159,0010110111011010111,Sequencial,6,262885,438879,4090.1108,4.090111
19,159,0010110111011010111,PyTorch SIMD,6,262885,438879,753.1527,0.753153
19,160,1111111111010110111,Sequencial,4,12961,88464,337.8883,0.337888
19,160,1111111111010110111,PyTorch SIMD,4,12961,88464,38.7283,0.038728
19,161,1100101011101011111,Sequencial,6,298706,461737,4581.9359,4.581936
19,161,1100101011101011111,PyTorch SIMD,6,298706,461737,768.3416,0.768342
19,162,0011101001010101100,Sequencial,6,281556,450760,4400.6708,4.400671
19,162,0011101001010101100,PyTorch SIMD,6,281556,450760,766.1369,0.766137
19,163,0001000000111011010,Sequencial,4,8301,65185,221.4352,0.221435
19,163,0001000000111011010,PyTorch SIMD,4,8301,65185,38.0779,0.038078
19,164,1111010011101001101,Sequencial,6,194363,388335,3067.8249,3.067825
19,164,1111010011101001101,PyTorch SIMD,6,194363,388335,720.4418,0.720442
19,165,1011001100000011100,Sequencial,4,37238,167409,867.1689,0.867169
19,165,1011001100000011100,PyTorch SIMD,4,37238,167409,42.5463,0.042546
19,166,0011001000101110110,Sequencial,5,89514,270138,1452.6797,1.45268
19,166,0011001000101110110,PyTorch SIMD,5,89514,270138,228.327,0.228327
19,167,0111011110001001001,Sequencial,5,45701,178733,898.7921,0.898792
19,167,0111011110001001001,PyTorch SIMD,5,45701,178733,209.7321,0.209732
19,168,1101101101101000111,Sequencial,6,315834,470622,4792.1518,4.792152
19,168,1101101101101000111,PyTorch SIMD,6,315834,470622,790.6316,0.790632
19,169,1011010110010010111,Sequencial,7,445382,514121,6745.3386,6.745339
19,169,1011010110010010111,PyTorch SIMD,7,445382,514121,1342.9252,1.342925
19,170,1011010010111010011,Sequencial,7,457926,516654,6978.303,6.978303
19,170,1011010010111010011,PyTorch SIMD,7,457926,516654,1353.9609,1.353961
19,171,0000010001110110110,Sequencial,4,12966,88709,347.2643,0.347264
19,171,0000010001110110110,PyTorch SIMD,4,12966,88709,38.8712,0.038871
19,172,1100111001100000001,Sequencial,4,7101,61777,221.1515,0.221152
19,172,1100111001100000001,PyTorch SIMD,4,7101,61777,33.7268,0.033727
19,173,1000010010101001110,Sequencial,6,311105,467480,4712.8185,4.712818
19,173,1000010010101001110,PyTorch SIMD,6,311105,467480,777.5561,0.777556
19,174,0100000000011101010,Sequencial,4,8109,63129,274.8365,0.274836
19,174,0100000000011101010,PyTorch SIMD,4,8109,63129,37.4443,0.037444
19,175,1111001010001001010,Sequencial,6,214321,400346,3296.1686,3.296169
19,175,1111001010001001010,PyTorch SIMD,6,214321,400346,723.513,0.723513
19,176,0000111010001101010,Sequencial,5,62707,216330,1226.1721,1.226172
19,176,0000111010001101010,PyTorch SIMD,5,62707,216330,215.9436,0.215944
19,177,0010010000101111100,Sequencial,4,21770,128413,456.852,0.456852
19,177,0010010000101111100,PyTorch SIMD,4,21770,128413,39.419,0.039419
19,178,0110010000010111110,Sequencial,4,19865,121551,431.8338,0.431834
19,178,0110010000010111110,PyTorch SIMD,4,19865,121551,40.7274,0.040727
19,179,1000010000111100011,Sequencial,4,31850,158588,597.797,0.597797
19,179,1000010000111100011,PyTorch SIMD,4,31850,158588,44.4677,0.044468
19,180,1111011100111100111,Sequencial,4,33419,161969,661.5643,0.661564
19,180,1111011100111100111,PyTorch SIMD,4,33419,161969,41.9692,0.041969
19,181,0101110111111110110,Sequencial,4,13493,93581,259.4458,0.259446
19,181,0101110111111110110,PyTorch SIMD,4,13493,93581,33.5919,0.033592
19,182,1011110001001100000,Sequencial,4,25669,142581,537.115,0.537115
19,182,1011110001001100000,PyTorch SIMD,4,25669,142581,38.6064,0.038606
19,183,1111001110101100100,Sequencial,5,78114,249167,1258.084,1.258084
19,183,1111001110101100100,PyTorch SIMD,5,78114,249167,223.6295,0.22363
19,184,1000100110001001101,Sequencial,6,194598,388459,3090.8612,3.090861
19,184,1000100110001001101,PyTorch SIMD,6,194598,388459,722.0794,0.722079
19,185,1010010001100100010,Sequencial,6,223518,410427,3609.6007,3.609601
19,185,1010010001100100010,PyTorch SIMD,6,223518,410427,738.6973,0.738697
19,186,1110100011001000100,Sequencial,5,77442,247896,1480.2536,1.480254
19,186,1110100011001000100,PyTorch SIMD,5,77442,247896,232.0134,0.232013
19,187,1010011001101001101,Sequencial,7,388639,497443,5974.833,5.974833
19,187,1010011001101001101,PyTorch SIMD,7,388639,497443,1307.373,1.307373
19,188,0010001010000100100,Sequencial,5,76278,243997,1422.0417,1.422042
19,188,0010001010000100100,PyTorch SIMD,5,76278,243997,227.2378,0.227238
19,189,0100101110010000111,Sequencial,5,128448,328275,2157.8337,2.157834
19,189,0100101110010000111,PyTorch SIMD,5,128448,328275,249.4191,0.249419
19,190,0001001011100110100,Sequencial,5,81628,257485,1457.2633,1.457263
19,190,0001001011100110100,PyTorch SIMD,5,81628,257485,227.8797,0.22788
19,191,0011101110000111001,Sequencial,4,6187,57459,141.0616,0.141062
19,191,0011101110000111001,PyTorch SIMD,4,6187,57459,35.4752,0.035475
19,192,1100000101110000011,Sequencial,4,27484,148255,639.0123,0.639012
19,192,1100000101110000011,PyTorch SIMD,4,27484,148255,42.0306,0.042031
19,193,1110101101101000000,Sequencial,5,119066,315814,1901.4868,1.901487
19,193,1110101101101000000,PyTorch SIMD,5,119066,315814,245.7427,0.245743
19,194,0010101000000001001,Sequencial,5,46081,181065,919.4872,0.919487
19,194,0010101000000001001,PyTorch SIMD,5,46081,181065,211.2769,0.211277
19,195,0101110100011111110,Sequencial,4,28833,151508,594.8708,0.594871
19,195,0101110100011111110,PyTorch SIMD,4,28833,151508,48.2486,0.048249
19,196,0101110011011001011,Sequencial,6,252949,433800,3943.1535,3.943154
19,196,0101110011011001011,PyTorch SIMD,6,252949,433800,756.0529,0.756053
19,197,1110011101110111001,Sequencial,5,49784,193417,999.9372,0.999937
19,197,1110011101110111001,PyTorch SIMD,5,49784,193417,211.9914,0.211991
19,198,0011101110110101001,Sequencial,6,177877,368000,2813.9859,2.813986
19,198,0011101110110101001,PyTorch SIMD,6,177877,368000,703.7064,0.703706
19,199,1000100111010001101,Sequencial,6,197904,391350,3253.2632,3.253263
19,199,1000100111010001101,PyTorch SIMD,6,197904,391350,708.0094,0.708009
19,200,0010101010011101111,Sequencial,6,291365,458259,4611.6727,4.611673
19,200,0010101010011101111,PyTorch SIMD,6,291365,458259,774.2986,0.774299
19,201,1111101100101011111,Sequencial,5,108403,299616,1918.0161,1.918016
19,201,1111101100101011111,PyTorch SIMD,5,108403,299616,239.6276,0.239628
19,202,1011101000101111000,Sequencial,5,127852,327551,2143.7374,2.143737
19,202,1011101000101111000,PyTorch SIMD,5,127852,327551,245.9479,0.245948
19,203,0111001100100001101,Sequencial,5,52560,201743,965.0483,0.965048
19,203,0111001100100001101,PyTorch SIMD,5,52560,201743,211.574,0.211574
19,204,0111010000100001111,Sequencial,4,23611,135192,559.7377,0.559738
19,204,0111010000100001111,PyTorch SIMD,4,23611,135192,39.7022,0.039702
19,205,0101000111010010001,Sequencial,6,183714,376279,2824.0266,2.824027
19,205,0101000111010010001,PyTorch SIMD,6,183714,376279,709.4764,0.709476
19,206,0000101011101101001,Sequencial,6,179066,370384,2902.5304,2.90253
19,206,0000101011101101001,PyTorch SIMD,6,179066,370384,708.5581,0.708558
19,207,0110111000011110010,Sequencial,4,9179,72669,244.5008,0.244501
19,207,0110111000011110010,PyTorch SIMD,4,9179,72669,38.9129,0.038913
19,208,0001110010010100100,Sequencial,5,76103,242899,1367.8593,1.367859
19,208,0001110010010100100,PyTorch SIMD,5,76103,242899,223.7293,0.223729
19,209,0000000100100000101,Sequencial,4,5041,44122,113.8753,0.113875
19,209,0000000100100000101,PyTorch SIMD,4,5041,44122,33.5471,0.033547
19,210,0011110001100100001,Sequencial,4,5380,49152,118.7865,0.118786
19,210,0011110001100100001,PyTorch SIMD,4,5380,49152,33.135,0.033135
19,211,0110110110001001111,Sequencial,5,120553,318638,2010.6142,2.010614
19,211,0110110110001001111,PyTorch SIMD,5,120553,318638,245.1605,0.24516
19,212,1100100011011110010,Sequencial,5,67768,230431,1262.4117,1.262412
19,212,1100100011011110010,PyTorch SIMD,5,67768,230431,220.7928,0.220793
19,213,1010010001111100000,Sequencial,4,31690,157766,651.7466,0.651747
19,213,1010010001111100000,PyTorch SIMD,4,31690,157766,42.2575,0.042258
19,214,0100000011111100101,Sequencial,4,5050,44806,98.9796,0.09898
19,214,0100000011111100101,PyTorch SIMD,4,5050,44806,30.8538,0.030854
19,215,0001100111110100110,Sequencial,4,18412,116293,415.7521,0.415752
19,215,0001100111110100110,PyTorch SIMD,4,18412,116293,36.6829,0.036683
19,216,0110111111111110010,Sequencial,3,357,9234,7.5504,0.00755
19,216,0110111111111110010,PyTorch SIMD,3,357,9234,4.9756,0.004976
19,217,1010100100011111101,Sequencial,6,206914,396862,3294.0417,3.294042
19,217,1010100100011111101,PyTorch SIMD,6,206914,396862,724.2785,0.724279
19,218,1111110000001011111,Sequencial,3,945,19408,30.4664,0.030466
19,218,1111110000001011111,PyTorch SIMD,3,945,19408,8.9881,0.008988
19,219,0000011001110011111,Sequencial,3,3090,41122,87.9567,0.087957
19,219,0000011001110011111,PyTorch SIMD,3,3090,41122,7.8172,0.007817
19,220,0000000110011100100,Sequencial,3,500,12016,14.2349,0.014235
19,220,0000000110011100100,PyTorch SIMD,3,500,12016,6.1554,0.006155
19,221,0101000101000111100,Sequencial,5,138910,337877,2315.2962,2.315296
19,221,0101000101000111100,PyTorch SIMD,5,138910,337877,256.5041,0.256504
19,222,1011011001000001100,Sequencial,5,140971,340852,2488.8898,2.48889
19,222,1011011001000001100,PyTorch SIMD,5,140971,340852,259.3606,0.259361
19,223,0011000111101100010,Sequencial,4,8491,67380,201.2865,0.201287
19,223,0011000111101100010,PyTorch SIMD,4,8491,67380,34.521,0.034521
19,224,0111000100011010101,Sequencial,6,170056,356397,2755.8205,2.75582
19,224,0111000100011010101,PyTorch SIMD,6,170056,356397,710.9645,0.710965
19,225,0110001110100011101,Sequencial,5,52860,202005,1038.2391,1.038239
19,225,0110001110100011101,PyTorch SIMD,5,52860,202005,214.6082,0.214608
19,226,1011110111010111001,Sequencial,6,192174,385489,3079.0565,3.079056
19,226,1011110111010111001,PyTorch SIMD,6,192174,385489,711.5768,0.711577
19,227,1110100000110011111,Sequencial,4,33516,162216,832.8394,0.832839
19,227,1110100000110011111,PyTorch SIMD,4,33516,162216,44.2243,0.044224
19,228,0011110100010000110,Sequencial,4,21605,127315,424.0759,0.424076
19,228,0011110100010000110,PyTorch SIMD,4,21605,127315,37.9301,0.03793
19,229,1011011000101110000,Sequencial,5,129010,328925,2115.4592,2.115459
19,229,1011011000101110000,PyTorch SIMD,5,129010,328925,250.6161,0.250616
19,230,0011010010101001011,Sequencial,7,427199,509346,6475.9901,6.47599
19,230,0011010010101001011,PyTorch SIMD,7,427199,509346,1334.5406,1.334541
19,231,1101101001010011011,Sequencial,7,430389,510432,6688.5919,6.688592
19,231,1101101001010011011,PyTorch SIMD,7,430389,510432,1334.9003,1.3349
19,232,0101100010000111011,Sequencial,5,80968,256458,1516.4311,1.516431
19,232,0101100010000111011,PyTorch SIMD,5,80968,256458,222.6832,0.222683
19,233,1010110011011001111,Sequencial,6,336066,477567,5200.5635,5.200564
19,233,1010110011011001111,PyTorch SIMD,6,336066,477567,797.2396,0.79724
19,234,1011000001111001000,Sequencial,4,13925,96558,364.206,0.364206
19,234,1011000001111001000,PyTorch SIMD,4,13925,96558,41.5075,0.041507
19,235,1001000101000111000,Sequencial,5,138911,337911,2239.2453,2.239245
19,235,1001000101000111000,PyTorch SIMD,5,138911,337911,253.1358,0.253136
19,236,1010111110001111111,Sequencial,4,34335,163083,753.881,0.753881
19,236,1010111110001111111,PyTorch SIMD,4,34335,163083,44.027,0.044027
19,237,0111000100010010011,Sequencial,5,99468,286090,1561.8846,1.561885
19,237,0111000100010010011,PyTorch SIMD,5,99468,286090,233.4959,0.233496
19,238,1111010010111101101,Sequencial,6,184575,377782,2915.2617,2.915262
19,238,1111010010111101101,PyTorch SIMD,6,184575,377782,704.3811,0.704381
19,239,0100111100111101001,Sequencial,5,46380,182360,981.5377,0.981538
19,239,0100111100111101001,PyTorch SIMD,5,46380,182360,211.6888,0.211689
19,240,0101101100000010100,Sequencial,5,75202,241178,1290.6662,1.290666
19,240,0101101100000010100,PyTorch SIMD,5,75202,241178,223.3925,0.223393
19,241,0010000100110001111,Sequencial,4,28812,151311,639.2476,0.639248
19,241,0010000100110001111,PyTorch SIMD,4,28812,151311,43.0991,0.043099
19,242,0001110010101000011,Sequencial,5,117150,311345,1916.5813,1.916581
19,242,0001110010101000011,PyTorch SIMD,5,117150,311345,243.1443,0.243144
19,243,1011000011000101101,Sequencial,6,187165,380218,2956.1658,2.956166
19,243,1011000011000101101,PyTorch SIMD,6,187165,380218,720.9165,0.720916
19,244,1011100011110100101,Sequencial,6,171211,359175,2806.283,2.806283
19,244,1011100011110100101,PyTorch SIMD,6,171211,359175,695.6833,0.695683
19,245,0110100010010001101,Sequencial,6,196518,390000,3201.425,3.201425
19,245,0110100010010001101,PyTorch SIMD,6,196518,390000,725.2586,0.725259
19,246,1111111111100100001,Sequencial,3,195,5458,6.1831,0.006183
19,246,1111111111100100001,PyTorch SIMD,3,195,5458,6.6487,0.006649
19,247,1111010001001110111,Sequencial,5,91268,274331,1664.3682,1.664368
19,247,1111010001001110111,PyTorch SIMD,5,91268,274331,231.7859,0.231786
19,248,1011111001001001001,Sequencial,6,178541,369418,2884.7214,2.884721
19,248,1011111001001001001,PyTorch SIMD,6,178541,369418,703.7129,0.703713
19,249,1101111100110000111,Sequencial,4,36001,166030,777.0292,0.777029
19,249,1101111100110000111,PyTorch SIMD,4,36001,166030,45.7503,0.04575
19,250,1110010100000010010,Sequencial,5,64009,220256,1138.5204,1.13852
19,250,1110010100000010010,PyTorch SIMD,5,64009,220256,214.5016,0.214502
20,1,10100000011111101111,Sequencial,4,20245,153016,479.794,0.479794
20,1,10100000011111101111,PyTorch SIMD,4,20245,153016,54.3605,0.054361
20,2,11111100101110010010,Sequencial,5,89697,350009,1848.7374,1.848737
20,2,11111100101110010010,PyTorch SIMD,5,89697,350009,375.6899,0.37569
20,3,00011111000001100010,Sequencial,3,402,11942,12.0621,0.012062
20,3,00011111000001100010,PyTorch SIMD,3,402,11942,6.8737,0.006874
20,4,10010011100010111100,Sequencial,5,179076,538658,3554.4449,3.554445
20,4,10010011100010111100,PyTorch SIMD,5,179076,538658,430.8454,0.430845
20,5,10010101101110011110,Sequencial,6,587061,905528,10609.8228,10.609823
20,5,10010101101110011110,PyTorch SIMD,6,587061,905528,1614.7866,1.614787
20,6,00111101001001100000,Sequencial,4,32392,207253,904.7328,0.904733
20,6,00111101001001100000,PyTorch SIMD,4,32392,207253,58.0638,0.058064
20,7,10100010100110010000,Sequencial,6,482717,848119,8507.113,8.507113
20,7,10100010100110010000,PyTorch SIMD,6,482717,848119,1547.8925,1.547893
20,8,10101101100111000001,Sequencial,6,330622,707181,6121.7231,6.121723
20,8,10101101100111000001,PyTorch SIMD,6,330622,707181,1438.1739,1.438174
20,9,01100101101100001011,Sequencial,6,413443,791061,7569.3994,7.569399
20,9,01100101101100001011,PyTorch SIMD,6,413443,791061,1494.7206,1.494721
20,10,01101101011101111001,Sequencial,6,307038,687602,5701.405,5.701405
20,10,01101101011101111001,PyTorch SIMD,6,307038,687602,1416.5337,1.416534
20,11,11101000001110100001,Sequencial,5,67105,297474,1605.1303,1.60513
20,11,11101000001110100001,PyTorch SIMD,5,67105,297474,380.4149,0.380415
20,12,10111011000010111110,Sequencial,5,177536,536585,3548.9528,3.548953
20,12,10111011000010111110,PyTorch SIMD,5,177536,536585,435.9096,0.43591
20,13,11110000001110011111,Sequencial,3,3663,56225,108.5241,0.108524
20,13,11110000001110011111,PyTorch SIMD,3,3663,56225,10.1438,0.010144
20,14,11111000111000000011,Sequencial,3,3157,53246,86.8829,0.086883
20,14,11111000111000000011,PyTorch SIMD,3,3157,53246,7.0097,0.00701
20,15,10100011101011110010,Sequencial,6,365853,744046,6651.6311,6.651631
20,15,10100011101011110010,PyTorch SIMD,6,365853,744046,1475.9448,1.475945
20,16,11001111000010000111,Sequencial,4,29070,194837,809.7243,0.809724
20,16,11001111000010000111,PyTorch SIMD,4,29070,194837,59.8137,0.059814
20,17,10101100000011010101,Sequencial,7,620786,916878,11093.1046,11.093105
20,17,10101100000011010101,PyTorch SIMD,7,620786,916878,2830.3776,2.830378
20,18,01011000101011010001,Sequencial,7,658714,942732,11760.5744,11.760574
20,18,01011000101011010001,PyTorch SIMD,7,658714,942732,2843.7239,2.843724
20,19,11000101011001100011,Sequencial,6,595015,907743,10936.5972,10.936597
20,19,11000101011001100011,PyTorch SIMD,6,595015,907743,1611.22,1.61122
20,20,11111010001111000101,Sequencial,5,61298,272706,1519.7407,1.519741
20,20,11111010001111000101,PyTorch SIMD,5,61298,272706,368.1575,0.368158
20,21,10101010000011101101,Sequencial,7,664594,945752,12055.5252,12.055525
20,21,10101010000011101101,PyTorch SIMD,7,664594,945752,2855.8368,2.855837
20,22,01100010101101110110,Sequencial,6,439015,812682,8082.8825,8.082883
20,22,01100010101101110110,PyTorch SIMD,6,439015,812682,1518.0102,1.51801
20,23,11001010100110110101,Sequencial,8,921887,1031728,16478.3535,16.478354
20,23,11001010100110110101,PyTorch SIMD,8,921887,1031728,3683.2939,3.683294
20,24,01101111011011100111,Sequencial,5,196633,563243,3864.9485,3.864949
20,24,01101111011011100111,PyTorch SIMD,5,196633,563243,438.6104,0.43861
20,25,10000111010000010011,Sequencial,5,147139,482052,2938.9294,2.938929
20,25,10000111010000010011,PyTorch SIMD,5,147139,482052,416.3279,0.416328
20,26,01111001011010010001,Sequencial,6,285443,657540,5340.2145,5.340214
20,26,01111001011010010001,PyTorch SIMD,6,285443,657540,1417.1639,1.417164
20,27,10001011100011111100,Sequencial,4,43191,244687,1098.1205,1.098121
20,27,10001011100011111100,PyTorch SIMD,4,43191,244687,62.3582,0.062358
20,28,00011100101100000111,Sequencial,4,35803,222341,820.8055,0.820806
20,28,00011100101100000111,PyTorch SIMD,4,35803,222341,62.9929,0.062993
20,29,01011100101000110001,Sequencial,6,316349,697112,5730.0414,5.730041
20,29,01011100101000110001,PyTorch SIMD,6,316349,697112,1425.897,1.425897
20,30,00100011011000010100,Sequencial,5,106561,387182,2275.8144,2.275814
20,30,00100011011000010100,PyTorch SIMD,5,106561,387182,390.5253,0.390525
20,31,10110000010111110110,Sequencial,5,130689,448861,2682.8652,2.682865
20,31,10110000010111110110,PyTorch SIMD,5,130689,448861,416.1153,0.416115
20,32,01111001011111011100,Sequencial,4,22400,162418,610.5263,0.610526
20,32,01111001011111011100,PyTorch SIMD,4,22400,162418,56.3288,0.056329
20,33,00110111010000101111,Sequencial,5,146918,481341,2871.8043,2.871804
20,33,00110111010000101111,PyTorch SIMD,5,146918,481341,424.3514,0.424351
20,34,10101011111101001110,Sequencial,6,535851,882415,9624.2133,9.624213
20,34,10101011111101001110,PyTorch SIMD,6,535851,882415,1580.2979,1.580298
20,35,10001001000011110101,Sequencial,6,271509,637391,5192.9433,5.192943
20,35,10001001000011110101,PyTorch SIMD,6,271509,637391,1398.9967,1.398997
20,36,00000001100110000000,Sequencial,2,29,3818,1.3783,0.001378
20,36,00000001100110000000,PyTorch SIMD,2,29,3818,2.2375,0.002238
20,37,11001001100011011111,Sequencial,5,165914,516751,3369.022,3.369022
20,37,11001001100011011111,PyTorch SIMD,5,165914,516751,424.0305,0.42403
20,38,10100011001110011011,Sequencial,6,425205,796474,7858.2475,7.858247
20,38,10100011001110011011,PyTorch SIMD,6,425205,796474,1510.9103,1.51091
20,39,00111010101111011010,Sequencial,6,354251,731938,6685.2475,6.685248
20,39,00111010101111011010,PyTorch SIMD,6,354251,731938,1469.8204,1.46982
20,40,00111011111110101111,Sequencial,4,19139,141994,540.096,0.540096
20,40,00111011111110101111,PyTorch SIMD,4,19139,141994,56.5169,0.056517
20,41,11000110001001111010,Sequencial,5,96551,371729,2010.5295,2.010529
20,41,11000110001001111010,PyTorch SIMD,5,96551,371729,381.444,0.381444
20,42,11001010100010000110,Sequencial,6,547476,888756,9714.5665,9.714567
20,42,11001010100010000110,PyTorch SIMD,6,547476,888756,1587.7617,1.587762
20,43,01001110111010000110,Sequencial,5,187309,551144,3695.065,3.695065
20,43,01001110111010000110,PyTorch SIMD,5,187309,551144,441.9176,0.441918
20,44,10011100011101111010,Sequencial,5,94064,365322,2044.3197,2.04432
20,44,10011100011101111010,PyTorch SIMD,5,94064,365322,384.0383,0.384038
20,45,10101111110100110100,Sequencial,6,408053,786636,7557.665,7.557665
20,45,10101111110100110100,PyTorch SIMD,6,408053,786636,1513.8228,1.513823
20,46,01111001010101100101,Sequencial,7,627685,923182,11217.0386,11.217039
20,46,01111001010101100101,PyTorch SIMD,7,627685,923182,2827.5519,2.827552
20,47,01101110011000110110,Sequencial,5,137193,461110,2848.2016,2.848202
20,47,01101110011000110110,PyTorch SIMD,5,137193,461110,408.6203,0.40862
20,48,11011001110001010001,Sequencial,6,284826,656444,5313.0189,5.313019
20,48,11011001110001010001,PyTorch SIMD,6,284826,656444,1405.8894,1.405889
20,49,01101101101110101010,Sequencial,7,710236,962958,12668.2432,12.668243
20,49,01101101101110101010,PyTorch SIMD,7,710236,962958,2859.4176,2.859418
20,50,11001001101000010111,Sequencial,6,448032,821465,8206.1873,8.206187
20,50,11001001101000010111,PyTorch SIMD,6,448032,821465,1518.8809,1.518881
20,51,11000010110001000001,Sequencial,5,68538,302425,1669.0136,1.669014
20,51,11000010110001000001,PyTorch SIMD,5,68538,302425,370.7321,0.370732
20,52,10010001011010010101,Sequencial,8,912701,1028528,16197.5412,16.197541
20,52,10010001011010010101,PyTorch SIMD,8,912701,1028528,3653.2217,3.653222
20,53,10101001110010101100,Sequencial,7,834680,1012339,14864.686,14.864686
20,53,10101001110010101100,PyTorch SIMD,7,834680,1012339,2958.3102,2.95831
20,54,11101010010110101001,Sequencial,8,931632,1033851,16513.6659,16.513666
20,54,11101010010110101001,PyTorch SIMD,8,931632,1033851,3695.9546,3.695955
20,55,10000111100110100100,Sequencial,5,108736,395823,2382.876,2.382876
20,55,10000111100110100100,PyTorch SIMD,5,108736,395823,388.229,0.388229
20,56,00101101110010111101,Sequencial,6,302594,683012,5770.1228,5.770123
20,56,00101101110010111101,PyTorch SIMD,6,302594,683012,1435.4613,1.435461
20,57,11111100110011111100,Sequencial,3,3907,57152,132.5869,0.132587
20,57,11111100110011111100,PyTorch SIMD,3,3907,57152,11.1345,0.011134
20,58,00000000110100110111,Sequencial,4,16530,129665,438.4911,0.438491
20,58,00000000110100110111,PyTorch SIMD,4,16530,129665,55.0257,0.055026
20,59,11010010110001010010,Sequencial,7,722895,970095,12723.9361,12.723936
20,59,11010010110001010010,PyTorch SIMD,7,722895,970095,2890.3651,2.890365
20,60,10111010110111100000,Sequencial,5,206715,576067,4141.3269,4.141327
20,60,10111010110111100000,PyTorch SIMD,5,206715,576067,446.6303,0.44663
20,61,00000001100010000110,Sequencial,3,1303,28484,40.1741,0.040174
20,61,00000001100010000110,PyTorch SIMD,3,1303,28484,6.5762,0.006576
20,62,10010010011101010110,Sequencial,7,797892,999818,14496.9603,14.49696
20,62,10010010011101010110,PyTorch SIMD,7,797892,999818,2952.5272,2.952527
20,63,11110001000110001011,Sequencial,5,116976,419831,2547.4131,2.547413
20,63,11110001000110001011,PyTorch SIMD,5,116976,419831,390.6943,0.390694
20,64,11000100011010000111,Sequencial,5,189299,554708,3684.3652,3.684365
20,64,11000100011010000111,PyTorch SIMD,5,189299,554708,431.427,0.431427
20,65,10111010001110001010,Sequencial,6,344952,720787,6413.4917,6.413492
20,65,10111010001110001010,PyTorch SIMD,6,344952,720787,1440.9984,1.440998
20,66,11110001111000000010,Sequencial,3,426,12913,16.8203,0.01682
20,66,11110001111000000010,PyTorch SIMD,3,426,12913,7.8149,0.007815
20,67,11011101010001001111,Sequencial,6,527190,877649,9602.7865,9.602787
20,67,11011101010001001111,PyTorch SIMD,6,527190,877649,1568.2979,1.568298
20,68,11000100011011101110,Sequencial,5,144612,474942,3055.3007,3.055301
20,68,11000100011011101110,PyTorch SIMD,5,144612,474942,414.8353,0.414835
20,69,00111100000111011101,Sequencial,4,6617,68163,182.4005,0.1824
20,69,00111100000111011101,PyTorch SIMD,4,6617,68163,52.5892,0.052589
20,70,10100011100011010000,Sequencial,5,152962,491890,3067.7354,3.067735
20,70,10100011100011010000,PyTorch SIMD,5,152962,491890,412.9022,0.412902
20,71,10010101010100011101,Sequencial,8,957216,1038318,16921.7443,16.921744
20,71,10010101010100011101,PyTorch SIMD,8,957216,1038318,3688.8244,3.688824
20,72,01100011101100110101,Sequencial,6,270367,635670,5247.6127,5.247613
20,72,01100011101100110101,PyTorch SIMD,6,270367,635670,1396.0177,1.396018
20,73,01001110101101100000,Sequencial,5,185009,545224,3661.5885,3.661588
20,73,01001110101101100000,PyTorch SIMD,5,185009,545224,437.1851,0.437185
20,74,01110100100010101010,Sequencial,7,709127,961349,12819.1388,12.819139
20,74,01110100100010101010,PyTorch SIMD,7,709127,961349,2878.5518,2.878552
20,75,01100010010011010101,Sequencial,7,618870,915106,11246.042,11.246042
20,75,01100010010011010101,PyTorch SIMD,7,618870,915106,2826.8946,2.826895
20,76,11101010100010000000,Sequencial,5,186031,547484,3677.9071,3.677907
20,76,11101010100010000000,PyTorch SIMD,5,186031,547484,439.6968,0.439697
20,77,11111100000101011001,Sequencial,5,66519,293272,1497.9166,1.497917
20,77,11111100000101011001,PyTorch SIMD,5,66519,293272,367.1817,0.367182
20,78,10011000010001110111,Sequencial,5,131820,451723,2622.124,2.622124
20,78,10011000010001110111,PyTorch SIMD,5,131820,451723,408.3207,0.408321
20,79,00111010110000010110,Sequencial,5,133491,454893,2684.1869,2.684187
20,79,00111010110000010110,PyTorch SIMD,5,133491,454893,401.2825,0.401282
20,80,10111111001001011011,Sequencial,6,392771,769150,7120.7768,7.120777
20,80,10111111001001011011,PyTorch SIMD,6,392771,769150,1484.6129,1.484613
20,81,00001100111001100100,Sequencial,4,14819,122958,490.2234,0.490223
20,81,00001100111001100100,PyTorch SIMD,4,14819,122958,57.1626,0.057163
20,82,10010100101101101000,Sequencial,7,812821,1005859,14434.769,14.434769
20,82,10010100101101101000,PyTorch SIMD,7,812821,1005859,2961.0224,2.961022
20,83,11110111111111011000,Sequencial,3,1000,22873,39.3482,0.039348
20,83,11110111111111011000,PyTorch SIMD,3,1000,22873,8.6882,0.008688
20,84,00001001001101011010,Sequencial,6,352692,729134,6552.0725,6.552073
20,84,00001001001101011010,PyTorch SIMD,6,352692,729134,1465.4817,1.465482
20,85,11110100110101001110,Sequencial,6,521825,874055,9638.5208,9.638521
20,85,11110100110101001110,PyTorch SIMD,6,521825,874055,1566.8045,1.566805
20,86,10011010001101010000,Sequencial,6,466160,834102,8646.6194,8.646619
20,86,10011010001101010000,PyTorch SIMD,6,466160,834102,1524.7506,1.524751
20,87,11000001000011000010,Sequencial,4,11021,99361,340.9513,0.340951
20,87,11000001000011000010,PyTorch SIMD,4,11021,99361,51.981,0.051981
20,88,00000100010000110101,Sequencial,5,61017,270075,1380.4936,1.380494
20,88,00000100010000110101,PyTorch SIMD,5,61017,270075,362.8538,0.362854
20,89,11100101001110111111,Sequencial,5,175564,532627,3493.6511,3.493651
20,89,11100101001110111111,PyTorch SIMD,5,175564,532627,440.0503,0.44005
20,90,10010010110100000000,Sequencial,5,197532,564948,3791.1139,3.791114
20,90,10010010110100000000,PyTorch SIMD,5,197532,564948,446.6859,0.446686
20,91,10001000110001011101,Sequencial,6,297281,675955,5597.509,5.597509
20,91,10001000110001011101,PyTorch SIMD,6,297281,675955,1433.2118,1.433212
20,92,10010000110101010101,Sequencial,8,910768,1027289,16432.3405,16.43234
20,92,10010000110101010101,PyTorch SIMD,8,910768,1027289,3646.5733,3.646573
20,93,01000001011100011001,Sequencial,5,76061,326287,1745.5363,1.745536
20,93,01000001011100011001,PyTorch SIMD,5,76061,326287,370.3361,0.370336
20,94,11010101010110011111,Sequencial,7,899362,1026163,16328.5958,16.328596
20,94,11010101010110011111,PyTorch SIMD,7,899362,1026163,2999.7243,2.999724
20,95,11000000001100100001,Sequencial,4,6587,67502,215.7759,0.215776
20,95,11000000001100100001,PyTorch SIMD,4,6587,67502,57.939,0.057939
20,96,10001011000100001100,Sequencial,5,199441,568663,3855.0707,3.855071
20,96,10001011000100001100,PyTorch SIMD,5,199441,568663,446.7874,0.446787
20,97,11110010101111000011,Sequencial,5,215133,586429,4231.0562,4.231056
20,97,11110010101111000011,PyTorch SIMD,5,215133,586429,452.2769,0.452277
20,98,10100110000000001010,Sequencial,5,88497,346348,1960.4813,1.960481
20,98,10100110000000001010,PyTorch SIMD,5,88497,346348,380.5137,0.380514
20,99,10011111101101000110,Sequencial,5,173881,529318,3476.4837,3.476484
20,99,10011111101101000110,PyTorch SIMD,5,173881,529318,422.2152,0.422215
20,100,01100101000000111010,Sequencial,5,98896,376585,2148.8155,2.148815
20,100,01100101000000111010,PyTorch SIMD,5,98896,376585,389.3119,0.389312
20,101,10111110010100110011,Sequencial,6,560996,895468,10138.6001,10.1386
20,101,10111110010100110011,PyTorch SIMD,6,560996,895468,1582.1648,1.582165
20,102,10111011100010100010,Sequencial,6,352780,729499,6615.7471,6.615747
20,102,10111011100010100010,PyTorch SIMD,6,352780,729499,1470.9918,1.470992
20,103,11010000010111010010,Sequencial,6,349431,726071,6611.5092,6.611509
20,103,11010000010111010010,PyTorch SIMD,6,349431,726071,1458.0835,1.458083
20,104,11011011001111110111,Sequencial,5,135395,458551,2842.6655,2.842665
20,104,11011011001111110111,PyTorch SIMD,5,135395,458551,408.4967,0.408497
20,105,11101100000100010111,Sequencial,5,129426,445271,2643.2759,2.643276
20,105,11101100000100010111,PyTorch SIMD,5,129426,445271,403.1146,0.403115
20,106,01011011101000110101,Sequencial,7,633251,927657,11460.4053,11.460405
20,106,01011011101000110101,PyTorch SIMD,7,633251,927657,2836.3228,2.836323
20,107,00101001100000000001,Sequencial,4,7718,80355,242.6702,0.24267
20,107,00101001100000000001,PyTorch SIMD,4,7718,80355,57.2056,0.057206
20,108,00011110010111001110,Sequencial,4,33403,213570,846.8863,0.846886
20,108,00011110010111001110,PyTorch SIMD,4,33403,213570,60.9601,0.06096
20,109,01001011010001101011,Sequencial,7,761098,986396,13742.8468,13.742847
20,109,01001011010001101011,PyTorch SIMD,7,761098,986396,2928.4404,2.92844
20,110,01011101110110101110,Sequencial,6,463777,830113,8591.8332,8.591833
20,110,01011101110110101110,PyTorch SIMD,6,463777,830113,1527.4094,1.527409
20,111,10011011010111011011,Sequencial,7,768344,989435,13902.9743,13.902974
20,111,10011011010111011011,PyTorch SIMD,7,768344,989435,2920.8974,2.920897
20,112,01110000010110100001,Sequencial,5,66670,294526,1616.3644,1.616364
20,112,01110000010110100001,PyTorch SIMD,5,66670,294526,370.2177,0.370218
20,113,10001011011101100101,Sequencial,7,628460,924229,11438.0034,11.438003
20,113,10001011011101100101,PyTorch SIMD,7,628460,924229,2819.4002,2.8194
20,114,00000111111000011110,Sequencial,2,60,5762,3.2621,0.003262
20,114,00000111111000011110,PyTorch SIMD,2,60,5762,2.3779,0.002378
20,115,11001001111010100001,Sequencial,6,292679,668582,5715.8728,5.715873
20,115,11001001111010100001,PyTorch SIMD,6,292679,668582,1415.637,1.415637
20,116,10111000000111100011,Sequencial,4,49654,257367,1187.4075,1.187407
20,116,10111000000111100011,PyTorch SIMD,4,49654,257367,67.8778,0.067878
20,117,10111001101110000011,Sequencial,5,219721,592340,4158.165,4.158165
20,117,10111001101110000011,PyTorch SIMD,5,219721,592340,459.5028,0.459503
20,118,00010100011010000100,Sequencial,5,111041,403648,2370.2675,2.370267
20,118,00010100011010000100,PyTorch SIMD,5,111041,403648,396.1792,0.396179
20,119,01111111111001011010,Sequencial,4,10311,91637,279.2375,0.279237
20,119,01111111111001011010,PyTorch SIMD,4,10311,91637,49.0838,0.049084
20,120,11111111111110010101,Sequencial,4,6197,60564,152.3354,0.152335
20,120,11111111111110010101,PyTorch SIMD,4,6197,60564,51.987,0.051987
20,121,10101100101001110101,Sequencial,8,927026,1032841,16548.0095,16.548009
20,121,10101100101001110101,PyTorch SIMD,8,927026,1032841,3661.9721,3.661972
20,122,11111110100001011101,Sequencial,5,66826,295747,1620.0121,1.620012
20,122,11111110100001011101,PyTorch SIMD,5,66826,295747,368.676,0.368676
20,123,11100101111000101110,Sequencial,5,150263,488536,3009.9344,3.009934
20,123,11100101111000101110,PyTorch SIMD,5,150263,488536,418.1202,0.41812
20,124,11010000100010111011,Sequencial,6,398125,776103,7425.5625,7.425563
20,124,11010000100010111011,PyTorch SIMD,6,398125,776103,1480.1966,1.480197
20,125,10010101100110011001,Sequencial,7,706912,960937,12845.6557,12.845656
20,125,10010101100110011001,PyTorch SIMD,7,706912,960937,2881.1914,2.881191
20,126,11101110101000001000,Sequencial,5,130237,446420,2737.9763,2.737976
20,126,11101110101000001000,PyTorch SIMD,5,130237,446420,408.6695,0.40867
20,127,00000100111111101000,Sequencial,3,698,17166,21.8519,0.021852
20,127,00000100111111101000,PyTorch SIMD,3,698,17166,6.916,0.006916
20,128,00000011101011100111,Sequencial,4,29858,195834,721.051,0.721051
20,128,00000011101011100111,PyTorch SIMD,4,29858,195834,58.7102,0.05871
20,129,11010010011111001101,Sequencial,6,330701,707263,6259.5514,6.259551
20,129,11010010011111001101,PyTorch SIMD,6,330701,707263,1445.2626,1.445263
20,130,10010111110111100010,Sequencial,5,96067,370546,2154.1197,2.15412
20,130,10010111110111100010,PyTorch SIMD,5,96067,370546,386.1982,0.386198
20,131,00110000000001001001,Sequencial,4,6334,62952,173.1277,0.173128
20,131,00110000000001001001,PyTorch SIMD,4,6334,62952,49.2479,0.049248
20,132,10110110010011110000,Sequencial,5,217667,590251,4094.7017,4.094702
20,132,10110110010011110000,PyTorch SIMD,5,217667,590251,457.6408,0.457641
20,133,00101011100111111000,Sequencial,4,42889,242631,1070.0056,1.070006
20,133,00101011100111111000,PyTorch SIMD,4,42889,242631,64.6046,0.064605
20,134,00001101110011001111,Sequencial,4,41693,240973,879.3039,0.879304
20,134,00001101110011001111,PyTorch SIMD,4,41693,240973,64.6804,0.06468
20,135,00100000110000101001,Sequencial,5,62851,276864,1365.2003,1.3652
20,135,00100000110000101001,PyTorch SIMD,5,62851,276864,369.8215,0.369822
20,136,10110110111111100001,Sequencial,5,77050,328021,1688.1254,1.688125
20,136,10110110111111100001,PyTorch SIMD,5,77050,328021,370.8393,0.370839
20,137,11000010111101111000,Sequencial,4,27653,187729,733.678,0.733678
20,137,11000010111101111000,PyTorch SIMD,4,27653,187729,59.8692,0.059869
20,138,00111010011001001100,Sequencial,5,176893,535614,3367.0891,3.367089
20,138,00111010011001001100,PyTorch SIMD,5,176893,535614,433.0516,0.433052
20,139,00010010111101100110,Sequencial,5,187192,550712,3664.9102,3.66491
20,139,00010010111101100110,PyTorch SIMD,5,187192,550712,441.6775,0.441678
20,140,01100100000100000000,Sequencial,3,1443,30268,102.2382,0.102238
20,140,01100100000100000000,PyTorch SIMD,3,1443,30268,7.4725,0.007472
20,141,10000011001110100011,Sequencial,5,168238,518739,3297.6043,3.297604
20,141,10000011001110100011,PyTorch SIMD,5,168238,518739,431.0451,0.431045
20,142,01110010011101111001,Sequencial,5,70187,308551,1634.3012,1.634301
20,142,01110010011101111001,PyTorch SIMD,5,70187,308551,365.5585,0.365558
20,143,00100100110100101010,Sequencial,7,709660,962244,12773.3862,12.773386
20,143,00100100110100101010,PyTorch SIMD,7,709660,962244,2868.5,2.8685
20,144,11111111111101010000,Sequencial,3,841,19229,32.9252,0.032925
20,144,11111111111101010000,PyTorch SIMD,3,841,19229,8.122,0.008122
20,145,00110111001000001001,Sequencial,5,63169,279617,1539.8747,1.539875
20,145,00110111001000001001,PyTorch SIMD,5,63169,279617,383.9129,0.383913
20,146,10000110011011111110,Sequencial,4,30738,203060,740.7106,0.740711
20,146,10000110011011111110,PyTorch SIMD,4,30738,203060,60.0703,0.06007
20,147,00001001011000101001,Sequencial,6,276559,642493,5022.1866,5.022187
20,147,00001001011000101001,PyTorch SIMD,6,276559,642493,1400.9315,1.400932
20,148,10011100111111000000,Sequencial,3,3013,51799,103.5882,0.103588
20,148,10011100111111000000,PyTorch SIMD,3,3013,51799,8.8696,0.00887
20,149,10111110000011010001,Sequencial,5,65565,291160,1543.0347,1.543035
20,149,10111110000011010001,PyTorch SIMD,5,65565,291160,369.2896,0.36929
20,150,11100110010001101011,Sequencial,6,386789,761780,7231.7676,7.231768
20,150,11100110010001101011,PyTorch SIMD,6,386789,761780,1478.7876,1.478788
20,151,10010000101111010101,Sequencial,7,618967,915309,11332.8106,11.332811
20,151,10010000101111010101,PyTorch SIMD,7,618967,915309,2817.4156,2.817416
20,152,10111000000111101001,Sequencial,5,63832,283644,1548.8539,1.548854
20,152,10111000000111101001,PyTorch SIMD,5,63832,283644,365.5742,0.365574
20,153,10010010101011110111,Sequencial,7,815927,1006696,14462.1477,14.462148
20,153,10010010101011110111,PyTorch SIMD,7,815927,1006696,2925.5729,2.925573
20,154,11000101100001011101,Sequencial,6,296628,675299,5712.2399,5.71224
20,154,11000101100001011101,PyTorch SIMD,6,296628,675299,1401.2049,1.401205
20,155,10010100010110101000,Sequencial,7,801114,1001646,14436.6094,14.436609
20,155,10010100010110101000,PyTorch SIMD,7,801114,1001646,2929.35,2.92935
20,156,01101100001000101011,Sequencial,6,385960,760290,7146.4317,7.146432
20,156,01101100001000101011,PyTorch SIMD,6,385960,760290,1480.5894,1.480589
20,157,11101010000000000010,Sequencial,4,11110,99804,387.8637,0.387864
20,157,11101010000000000010,PyTorch SIMD,4,11110,99804,57.746,0.057746
20,158,10000001001101101111,Sequencial,5,143325,470722,2869.5465,2.869546
20,158,10000001001101101111,PyTorch SIMD,5,143325,470722,412.4149,0.412415
20,159,10110100111110011000,Sequencial,5,243758,611461,4653.8599,4.65386
20,159,10110100111110011000,PyTorch SIMD,5,243758,611461,466.7537,0.466754
20,160,00011101100111010110,Sequencial,5,125197,431263,2584.7789,2.584779
20,160,00011101100111010110,PyTorch SIMD,5,125197,431263,396.2687,0.396269
20,161,11111111111111000110,Sequencial,2,23,3360,1.0386,0.001039
20,161,11111111111111000110,PyTorch SIMD,2,23,3360,4.2828,0.004283
20,162,10001000111001111101,Sequencial,5,80497,335041,1817.2068,1.817207
20,162,10001000111001111101,PyTorch SIMD,5,80497,335041,380.8574,0.380857
20,163,01110100100000011000,Sequencial,4,36926,224419,933.6699,0.93367
20,163,01110100100000011000,PyTorch SIMD,4,36926,224419,62.6793,0.062679
20,164,01111000101001000110,Sequencial,5,172362,524530,3279.4311,3.279431
20,164,01111000101001000110,PyTorch SIMD,5,172362,524530,424.9712,0.424971
20,165,11011101110010111010,Sequencial,6,359962,738754,6719.0511,6.719051
20,165,11011101110010111010,PyTorch SIMD,6,359962,738754,1451.3679,1.451368
20,166,11010101101010100000,Sequencial,7,852518,1016887,15505.3329,15.505333
20,166,11010101101010100000,PyTorch SIMD,7,852518,1016887,2966.3733,2.966373
20,167,11110001010011001000,Sequencial,5,131386,449736,2791.1552,2.791155
20,167,11110001010011001000,PyTorch SIMD,5,131386,449736,407.5828,0.407583
20,168,00001010011001010110,Sequencial,6,430993,804655,7969.89,7.96989
20,168,00001010011001010110,PyTorch SIMD,6,430993,804655,1494.194,1.494194
20,169,11111100001101101110,Sequencial,4,19283,144296,544.3666,0.544367
20,169,11111100001101101110,PyTorch SIMD,4,19283,144296,59.3516,0.059352
20,170,00100111100111010100,Sequencial,5,106996,389903,2202.5522,2.202552
20,170,00100111100111010100,PyTorch SIMD,5,106996,389903,391.5046,0.391505
20,171,01101110111110010110,Sequencial,5,133609,455291,2670.6549,2.670655
20,171,01101110111110010110,PyTorch SIMD,5,133609,455291,412.0089,0.412009
20,172,11110101001010101001,Sequencial,8,930073,1033144,16668.3127,16.668313
20,172,11110101001010101001,PyTorch SIMD,8,930073,1033144,3663.7571,3.663757
20,173,11000100010011011000,Sequencial,5,160871,506798,3228.9265,3.228927
20,173,11000100010011011000,PyTorch SIMD,5,160871,506798,422.2796,0.42228
20,174,01001000010100111000,Sequencial,5,195321,559993,3760.9345,3.760934
20,174,01001000010100111000,PyTorch SIMD,5,195321,559993,439.6915,0.439691
20,175,10000010000011011011,Sequencial,5,108383,394399,2314.3891,2.314389
20,175,10000010000011011011,PyTorch SIMD,5,108383,394399,397.4134,0.397413
20,176,10101001000010001001,Sequencial,7,646473,935272,11688.6185,11.688618
20,176,10101001000010001001,PyTorch SIMD,7,646473,935272,2823.8009,2.823801
20,177,01101011010101110100,Sequencial,7,778578,993676,13845.5571,13.845557
20,177,01101011010101110100,PyTorch SIMD,7,778578,993676,2916.4025,2.916402
20,178,00111001010100111000,Sequencial,5,195110,558979,3881.1828,3.881183
20,178,00111001010100111000,PyTorch SIMD,5,195110,558979,441.2398,0.44124
20,179,00010101010011011011,Sequencial,7,769237,989838,13708.7871,13.708787
20,179,00010101010011011011,PyTorch SIMD,7,769237,989838,2921.9592,2.921959
20,180,11011110111011001110,Sequencial,5,197596,565294,4016.0318,4.016032
20,180,11011110111011001110,PyTorch SIMD,5,197596,565294,447.1298,0.44713
20,181,11010000111011011011,Sequencial,6,392238,768170,7248.2771,7.248277
20,181,11010000111011011011,PyTorch SIMD,6,392238,768170,1474.6908,1.474691
20,182,11100110110100100010,Sequencial,6,353349,730502,6484.2447,6.484245
20,182,11100110110100100010,PyTorch SIMD,6,353349,730502,1456.8787,1.456879
20,183,11011101101010001100,Sequencial,6,542028,885465,9939.9247,9.939925
20,183,11011101101010001100,PyTorch SIMD,6,542028,885465,1597.8238,1.597824
20,184,00010000010001001110,Sequencial,4,24919,173711,753.3294,0.753329
20,184,00010000010001001110,PyTorch SIMD,4,24919,173711,59.1244,0.059124
20,185,00010001000001011011,Sequencial,5,108318,393955,2199.1716,2.199172
20,185,00010001000001011011,PyTorch SIMD,5,108318,393955,390.4436,0.390444
20,186,00100001001100010101,Sequencial,6,264356,619722,4978.9408,4.978941
20,186,00100001001100010101,PyTorch SIMD,6,264356,619722,1389.7296,1.38973
20,187,01101101001010001100,Sequencial,6,541546,884854,9863.1543,9.863154
20,187,01101101001010001100,PyTorch SIMD,6,541546,884854,1572.2648,1.572265
20,188,11100101001110101000,Sequencial,6,430481,804012,8061.6402,8.06164
20,188,11100101001110101000,PyTorch SIMD,6,430481,804012,1501.1603,1.50116
20,189,11101001110110111011,Sequencial,6,397177,774468,7344.0687,7.344069
20,189,11101001110110111011,PyTorch SIMD,6,397177,774468,1487.3187,1.487319
20,190,10010000100101001001,Sequencial,7,644019,933210,11672.7473,11.672747
20,190,10010000100101001001,PyTorch SIMD,7,644019,933210,2825.6623,2.825662
20,191,01011110010101001100,Sequencial,6,519550,871082,9578.4634,9.578463
20,191,01011110010101001100,PyTorch SIMD,6,519550,871082,1557.2748,1.557275
20,192,01100111010011110100,Sequencial,5,115093,415450,2510.0639,2.510064
20,192,01100111010011110100,PyTorch SIMD,5,115093,415450,397.8727,0.397873
20,193,01100000001000110011,Sequencial,4,33144,212626,844.5423,0.844542
20,193,01100000001000110011,PyTorch SIMD,4,33144,212626,57.2819,0.057282
20,194,11001110101101001110,Sequencial,6,527423,877896,9528.6056,9.528606
20,194,11001110101101001110,PyTorch SIMD,6,527423,877896,1570.8363,1.570836
20,195,01100000111000001101,Sequencial,4,8264,84913,269.5054,0.269505
20,195,01100000111000001101,PyTorch SIMD,4,8264,84913,56.3014,0.056301
20,196,11000110101100011000,Sequencial,5,215273,586675,4162.9864,4.162986
20,196,11000110101100011000,PyTorch SIMD,5,215273,586675,453.6198,0.45362
20,197,11100100110111110001,Sequencial,5,73177,318204,1679.958,1.679958
20,197,11100100110111110001,PyTorch SIMD,5,73177,318204,374.6557,0.374656
20,198,11110110010011000010,Sequencial,5,97097,373046,2101.2219,2.101222
20,198,11110110010011000010,PyTorch SIMD,5,97097,373046,387.7247,0.387725
20,199,00101100011000011101,Sequencial,5,81764,336860,1813.429,1.813429
20,199,00101100011000011101,PyTorch SIMD,5,81764,336860,376.5441,0.376544
20,200,00111011110010111110,Sequencial,4,25320,177795,676.1239,0.676124
20,200,00111011110010111110,PyTorch SIMD,4,25320,177795,58.2603,0.05826
20,201,01111111010100100111,Sequencial,5,158434,499648,3062.272,3.062272
20,201,01111111010100100111,PyTorch SIMD,5,158434,499648,429.5514,0.429551
20,202,11010011010011111101,Sequencial,6,322572,702664,6090.0989,6.090099
20,202,11010011010011111101,PyTorch SIMD,6,322572,702664,1443.3545,1.443355
20,203,10000111011000110110,Sequencial,5,132838,454069,2816.3619,2.816362
20,203,10000111011000110110,PyTorch SIMD,5,132838,454069,407.2962,0.407296
20,204,10101000010110001010,Sequencial,7,717589,967925,12982.6757,12.982676
20,204,10101000010110001010,PyTorch SIMD,7,717589,967925,2892.0096,2.89201
20,205,01101110001001101000,Sequencial,5,130560,448272,2758.5387,2.758539
20,205,01101110001001101000,PyTorch SIMD,5,130560,448272,404.4222,0.404422
20,206,00000010011110101000,Sequencial,4,16199,125207,470.98,0.47098
20,206,00000010011110101000,PyTorch SIMD,4,16199,125207,54.8749,0.054875
20,207,01110110110010011001,Sequencial,6,307662,688796,5687.3845,5.687384
20,207,01110110110010011001,PyTorch SIMD,6,307662,688796,1421.9455,1.421945
20,208,01111011000000010100,Sequencial,4,13141,106815,444.0008,0.444001
20,208,01111011000000010100,PyTorch SIMD,4,13141,106815,57.111,0.057111
20,209,00111100100000100101,Sequencial,5,60570,265567,1374.2767,1.374277
20,209,00111100100000100101,PyTorch SIMD,5,60570,265567,368.011,0.368011
20,210,11111110101100100001,Sequencial,5,66725,294638,1497.4515,1.497451
20,210,11111110101100100001,PyTorch SIMD,5,66725,294638,365.3265,0.365327
20,211,11101111000000100010,Sequencial,4,10307,91403,322.498,0.322498
20,211,11101111000000100010,PyTorch SIMD,4,10307,91403,52.167,0.052167
20,212,11100010100001001000,Sequencial,5,126657,435627,2605.4967,2.605497
20,212,11100010100001001000,PyTorch SIMD,5,126657,435627,401.9557,0.401956
20,213,11110000100000001100,Sequencial,3,1886,37649,55.8185,0.055819
20,213,11110000100000001100,PyTorch SIMD,3,1886,37649,6.7374,0.006737
20,214,10011111100010100100,Sequencial,5,107987,391755,2276.9323,2.276932
20,214,10011111100010100100,PyTorch SIMD,5,107987,391755,391.2309,0.391231
20,215,00100110111111111010,Sequencial,4,11015,99120,358.9651,0.358965
20,215,00100110111111111010,PyTorch SIMD,4,11015,99120,48.2049,0.048205
20,216,01100011011100101100,Sequencial,5,148273,484764,2927.9277,2.927928
20,216,01100011011100101100,PyTorch SIMD,5,148273,484764,416.4091,0.416409
20,217,00011111111111101001,Sequencial,3,213,6443,6.8664,0.006866
20,217,00011111111111101001,PyTorch SIMD,3,213,6443,6.294,0.006294
20,218,10010101000010011110,Sequencial,6,549909,890268,10112.605,10.112605
20,218,10010101000010011110,PyTorch SIMD,6,549909,890268,1587.3367,1.587337
20,219,00111101001001110010,Sequencial,5,95895,369784,2164.2757,2.164276
20,219,00111101001001110010,PyTorch SIMD,5,95895,369784,386.2771,0.386277
20,220,00111001100000001010,Sequencial,4,10094,88949,273.234,0.273234
20,220,00111001100000001010,PyTorch SIMD,4,10094,88949,56.2019,0.056202
20,221,11101010100110111100,Sequencial,6,529911,879450,9632.0378,9.632038
20,221,11101010100110111100,PyTorch SIMD,6,529911,879450,1575.518,1.575518
20,222,11010100111110111000,Sequencial,5,177404,536091,3523.763,3.523763
20,222,11010100111110111000,PyTorch SIMD,5,177404,536091,441.2063,0.441206
20,223,11100111110000001000,Sequencial,3,714,18310,79.3073,0.079307
20,223,11100111110000001000,PyTorch SIMD,3,714,18310,6.858,0.006858
20,224,00100000000010111101,Sequencial,4,6701,68912,182.0559,0.182056
20,224,00100000000010111101,PyTorch SIMD,4,6701,68912,55.1884,0.055188
20,225,00011110001101110110,Sequencial,4,16438,128789,399.308,0.399308
20,225,00011110001101110110,PyTorch SIMD,4,16438,128789,51.3376,0.051338
20,226,00001100001010111101,Sequencial,5,68225,300020,1504.302,1.504302
20,226,00001100001010111101,PyTorch SIMD,5,68225,300020,372.8559,0.372856
20,227,01111110001000011100,Sequencial,3,1611,34073,50.1694,0.050169
20,227,01111110001000011100,PyTorch SIMD,3,1611,34073,7.4254,0.007425
20,228,11100011110011101010,Sequencial,5,88843,347355,1935.809,1.935809
20,228,11100011110011101010,PyTorch SIMD,5,88843,347355,386.3204,0.38632
20,229,10010011000110111001,Sequencial,6,303896,684300,5680.3648,5.680365
20,229,10010011000110111001,PyTorch SIMD,6,303896,684300,1432.9311,1.432931
20,230,00101010101011000100,Sequencial,7,783262,995286,14185.7987,14.185799
20,230,00101010101011000100,PyTorch SIMD,7,783262,995286,2939.083,2.939083
20,231,10101100110101101110,Sequencial,7,836441,1012975,15125.8479,15.125848
20,231,10101100110101101110,PyTorch SIMD,7,836441,1012975,2955.9196,2.95592
20,232,10110101110110000100,Sequencial,6,410343,788523,7655.6961,7.655696
20,232,10110101110110000100,PyTorch SIMD,6,410343,788523,1498.1576,1.498158
20,233,11011100011010101011,Sequencial,7,753060,980381,13680.8631,13.680863
20,233,11011100011010101011,PyTorch SIMD,7,753060,980381,2907.7388,2.907739
20,234,11101101111111010110,Sequencial,5,125191,431078,2676.5918,2.676592
20,234,11101101111111010110,PyTorch SIMD,5,125191,431078,404.2277,0.404228
20,235,10001110101011110110,Sequencial,6,442641,816020,8021.802,8.021802
20,235,10001110101011110110,PyTorch SIMD,6,442641,816020,1509.5504,1.50955
20,236,10010000000010100000,Sequencial,4,21975,157373,678.3517,0.678352
20,236,10010000000010100000,PyTorch SIMD,4,21975,157373,67.0272,0.067027
20,237,00111101110100000011,Sequencial,4,30164,198690,659.0147,0.659015
20,237,00111101110100000011,PyTorch SIMD,4,30164,198690,61.8769,0.061877
20,238,01100100111101101101,Sequencial,6,285575,658057,5367.2037,5.367204
20,238,01100100111101101101,PyTorch SIMD,6,285575,658057,1500.9707,1.500971
20,239,10010111110010100001,Sequencial,6,292674,668517,5457.6311,5.457631
20,239,10010111110010100001,PyTorch SIMD,6,292674,668517,1410.5098,1.41051
20,240,01001110110000110011,Sequencial,5,233360,604595,4550.9291,4.550929
20,240,01001110110000110011,PyTorch SIMD,5,233360,604595,462.2082,0.462208
20,241,00101011101101111010,Sequencial,6,362533,740944,6760.0753,6.760075
20,241,00101011101101111010,PyTorch SIMD,6,362533,740944,1459.3278,1.459328
20,242,10101000000001011011,Sequencial,6,394898,771640,7365.5467,7.365547
20,242,10101000000001011011,PyTorch SIMD,6,394898,771640,1509.2368,1.509237
20,243,11000000000100100000,Sequencial,3,993,22105,38.5325,0.038533
20,243,11000000000100100000,PyTorch SIMD,3,993,22105,8.0723,0.008072
20,244,10011010100011000000,Sequencial,5,223232,594868,4407.4747,4.407475
20,244,10011010100011000000,PyTorch SIMD,5,223232,594868,454.2509,0.454251
20,245,11101000100000110011,Sequencial,5,225027,597419,4338.5485,4.338549
20,245,11101000100000110011,PyTorch SIMD,5,225027,597419,459.727,0.459727
20,246,11110010011110011000,Sequencial,4,41648,240937,1028.3579,1.028358
20,246,11110010011110011000,PyTorch SIMD,4,41648,240937,64.2206,0.064221
20,247,11100110000100011011,Sequencial,5,112788,409269,2302.2681,2.302268
20,247,11100110000100011011,PyTorch SIMD,5,112788,409269,396.0996,0.3961
20,248,11111011000100100010,Sequencial,5,90860,353437,1987.1591,1.987159
20,248,11111011000100100010,PyTorch SIMD,5,90860,353437,390.355,0.390355
20,249,11111001000110101001,Sequencial,6,276616,642857,5171.054,5.171054
20,249,11111001000110101001,PyTorch SIMD,6,276616,642857,1405.6283,1.405628
20,250,01110101000100011111,Sequencial,5,197415,564555,3918.213,3.918213
20,250,01110101000100011111,PyTorch SIMD,5,197415,564555,448.8367,0.448837
